ISO-10303-21;
HEADER;
FILE_DESCRIPTION (( 'STEP AP214' ),
    '1' );
FILE_NAME ('female luer lock 37.STEP',
    '2022-10-19T20:09:08',
    ( '' ),
    ( '' ),
    'SwSTEP 2.0',
    'SolidWorks 2021',
    '' );
FILE_SCHEMA (( 'AUTOMOTIVE_DESIGN' ));
ENDSEC;

DATA;
#1 = EDGE_CURVE ( 'NONE', #763, #150, #870, .T. ) ;
#2 = B_SPLINE_CURVE_WITH_KNOTS ( 'NONE', 1,
 ( #1192, #1921 ),
 .UNSPECIFIED., .F., .F.,
 ( 2, 2 ),
 ( 0.000000000000000000, 1.000000000000000000 ),
 .UNSPECIFIED. ) ;
#3 = CARTESIAN_POINT ( 'NONE',  ( 4.936078603275705134, 4.520289855072464391, 0.7969491968022620609 ) ) ;
#4 = CARTESIAN_POINT ( 'NONE',  ( 0.000000000000000000, 10.10000000000000142, -2.475000000000000089 ) ) ;
#5 = ORIENTED_EDGE ( 'NONE', *, *, #2329, .T. ) ;
#6 = CARTESIAN_POINT ( 'NONE',  ( -3.212426289810722757, 2.970000000000000639, 0.7394682617977302863 ) ) ;
#7 = CARTESIAN_POINT ( 'NONE',  ( 2.888120457860279267, 1.099999999999997202, 1.589179065699543481 ) ) ;
#8 = ORIENTED_EDGE ( 'NONE', *, *, #594, .T. ) ;
#9 = CARTESIAN_POINT ( 'NONE',  ( 1.125410964134426761, 10.10000000000000142, -4.871698898926945631 ) ) ;
#10 =( BOUNDED_CURVE ( )  B_SPLINE_CURVE ( 2, ( #1837, #1461, #558 ),
 .UNSPECIFIED., .F., .T. ) 
 B_SPLINE_CURVE_WITH_KNOTS ( ( 3, 3 ),
 ( 0.000000000000000000, 0.009741561899813139941 ),
 .UNSPECIFIED. ) 
 CURVE ( )  GEOMETRIC_REPRESENTATION_ITEM ( )  RATIONAL_B_SPLINE_CURVE ( ( 1.000000000000000000, 0.9989553478552766208, 0.9988469377154600704 ) ) 
 REPRESENTATION_ITEM ( '' )  );
#11 = CARTESIAN_POINT ( 'NONE',  ( 5.048803722726262322, 7.310144927536232906, 2.076313869509452292 ) ) ;
#12 = DIRECTION ( 'NONE',  ( 0.000000000000000000, 1.000000000000000000, 0.000000000000000000 ) ) ;
#13 = EDGE_CURVE ( 'NONE', #1122, #399, #1197, .T. ) ;
#14 = CARTESIAN_POINT ( 'NONE',  ( 9.107298248878237246E-15, 10.10000000000000142, 3.469446951953614189E-15 ) ) ;
#15 = CARTESIAN_POINT ( 'NONE',  ( -1.899197251767658079, 3.461315189598770825, -4.627083644869192547 ) ) ;
#16 = CARTESIAN_POINT ( 'NONE',  ( 3.656623825853331233, 10.10000000000000142, -3.410146946423530778 ) ) ;
#17 = EDGE_CURVE ( 'NONE', #1529, #1068, #1736, .T. ) ;
#18 = CARTESIAN_POINT ( 'NONE',  ( 2.818925648462311528E-15, 10.10000000000000142, -3.382710778154773834E-14 ) ) ;
#19 = ORIENTED_EDGE ( 'NONE', *, *, #2057, .F. ) ;
#20 = CARTESIAN_POINT ( 'NONE',  ( -3.884999999999999787, 1.350000000000000089, -7.136629222031199988E-16 ) ) ;
#21 =( BOUNDED_CURVE ( )  B_SPLINE_CURVE ( 1, ( #1639, #1983 ),
 .UNSPECIFIED., .F., .F. ) 
 B_SPLINE_CURVE_WITH_KNOTS ( ( 2, 2 ),
 ( 0.000000000000000000, 0.0004316887992791911769 ),
 .UNSPECIFIED. ) 
 CURVE ( )  GEOMETRIC_REPRESENTATION_ITEM ( )  RATIONAL_B_SPLINE_CURVE ( ( 0.9988469377154602924, 0.9988469377154602924 ) ) 
 REPRESENTATION_ITEM ( '' )  );
#22 = CIRCLE ( 'NONE', #1991, 5.000000000000000000 ) ;
#23 = CARTESIAN_POINT ( 'NONE',  ( -3.587052533418796152, 9.266666353709625881, 3.484746677610583543 ) ) ;
#24 = EDGE_LOOP ( 'NONE', ( #308, #1572, #611, #600, #1153, #505, #84, #2020, #188, #922 ) ) ;
#25 = CARTESIAN_POINT ( 'NONE',  ( -0.9178844412343507564, 2.783697520922545188, 3.884999999999948272 ) ) ;
#26 = ORIENTED_EDGE ( 'NONE', *, *, #2296, .F. ) ;
#27 = CARTESIAN_POINT ( 'NONE',  ( -3.871266313624626143, 0.9333333333333337922, 2.235076648275904354 ) ) ;
#28 = CARTESIAN_POINT ( 'NONE',  ( 3.323610289880922330, 2.400008418351983863, -4.256009238828981189 ) ) ;
#29 = EDGE_CURVE ( 'NONE', #518, #1691, #651, .T. ) ;
#30 = ORIENTED_EDGE ( 'NONE', *, *, #367, .T. ) ;
#31 = CARTESIAN_POINT ( 'NONE',  ( 4.062278605011893973, 10.10000000000000142, 3.557793211425118507 ) ) ;
#32 = CARTESIAN_POINT ( 'NONE',  ( -4.305638327695263889, 7.310144927536232018, -3.279925742454854909 ) ) ;
#33 = ORIENTED_EDGE ( 'NONE', *, *, #1618, .T. ) ;
#34 = CARTESIAN_POINT ( 'NONE',  ( -1.472423620018831425, 2.970000000000001972, 2.942119760174735976 ) ) ;
#35 = ORIENTED_EDGE ( 'NONE', *, *, #2105, .T. ) ;
#36 = CARTESIAN_POINT ( 'NONE',  ( 3.272379330697434252, -0.5250000000000003553, 3.272379330697434252 ) ) ;
#37 = CARTESIAN_POINT ( 'NONE',  ( 4.827849718688049130, 4.520289855072464391, -2.419063267829869357 ) ) ;
#38 = EDGE_LOOP ( 'NONE', ( #644, #313, #939, #966 ) ) ;
#39 = CIRCLE ( 'NONE', #2121, 5.000000000000000000 ) ;
#40 = CARTESIAN_POINT ( 'NONE',  ( 3.871266313624623923, 2.233333333333333837, -2.235076648275906130 ) ) ;
#41 = ADVANCED_FACE ( 'NONE', ( #360 ), #855, .F. ) ;
#42 = CYLINDRICAL_SURFACE ( 'NONE', #1570, 1.449999999999998623 ) ;
#43 = CARTESIAN_POINT ( 'NONE',  ( -1.645000000000000018, 4.683333333333333570, -2.849223578450803984 ) ) ;
#44 = EDGE_CURVE ( 'NONE', #1038, #2000, #2335, .T. ) ;
#45 = CARTESIAN_POINT ( 'NONE',  ( 4.881565784794929641, 7.310144927536232018, 1.134586223085596979 ) ) ;
#46 = ORIENTED_EDGE ( 'NONE', *, *, #1686, .F. ) ;
#47 =( BOUNDED_SURFACE ( )  B_SPLINE_SURFACE ( 1, 2, ( 
 ( #1035, #1777, #1410, #287, #123, #890, #838 ),
 ( #1988, #2145, #1815, #1621, #159, #512, #1395 ) ),
 .UNSPECIFIED., .F., .F., .T. ) 
 B_SPLINE_SURFACE_WITH_KNOTS ( ( 2, 2 ),
 ( 3, 2, 2, 3 ),
 ( 0.000000000000000000, 1.000000000000000000 ),
 ( 0.000000000000000000, 0.02173913043478260809, 0.03000283781263311453, 0.03030286619075944418 ),
 .UNSPECIFIED. ) 
 GEOMETRIC_REPRESENTATION_ITEM ( )  RATIONAL_B_SPLINE_SURFACE ( (
 ( 1.000000000000000000, 0.9976687691905391508, 1.000000000000000000, 0.9991138279749778306, 0.9989013780496678319, 0.9989013780496678319, 0.9989013780496678319),
 ( 1.000000000000000000, 0.9976687691905391508, 1.000000000000000000, 0.9991138279749778306, 0.9989013780496678319, 0.9989013780496678319, 0.9989013780496678319) ) ) 
 REPRESENTATION_ITEM ( '' )  SURFACE ( )  );
#48 = CARTESIAN_POINT ( 'NONE',  ( 3.884999999999999787, 1.227082725235731031, -0.6141827799223430473 ) ) ;
#49 = CARTESIAN_POINT ( 'NONE',  ( -0.8815528430983938790, 3.691666666666666430, -3.290000000000000924 ) ) ;
#50 = CARTESIAN_POINT ( 'NONE',  ( 0.000000000000000000, 0.000000000000000000, 0.000000000000000000 ) ) ;
#51 = CARTESIAN_POINT ( 'NONE',  ( -0.6702119118186444791, 2.400008418351982975, -5.404954017087902685 ) ) ;
#52 = VERTEX_POINT ( 'NONE', #904 ) ;
#53 = CARTESIAN_POINT ( 'NONE',  ( 0.000000000000000000, 0.000000000000000000, 0.000000000000000000 ) ) ;
#54 = CARTESIAN_POINT ( 'NONE',  ( 3.129557897183448567, 1.099999999999994538, -1.014873079836448255 ) ) ;
#55 = DIRECTION ( 'NONE',  ( 0.1944444444444438647, 0.000000000000000000, -0.9809135323894209169 ) ) ;
#56 = EDGE_CURVE ( 'NONE', #1194, #1840, #2022, .T. ) ;
#57 = AXIS2_PLACEMENT_3D ( 'NONE', #595, #1667, #403 ) ;
#58 = ORIENTED_EDGE ( 'NONE', *, *, #972, .F. ) ;
#59 = CIRCLE ( 'NONE', #2372, 3.884999999999999343 ) ;
#60 = CARTESIAN_POINT ( 'NONE',  ( -3.290000000000000480, 2.808003956277606239, -0.6685864170111287530 ) ) ;
#61 = AXIS2_PLACEMENT_3D ( 'NONE', #147, #136, #1774 ) ;
#62 = CARTESIAN_POINT ( 'NONE',  ( -3.290000000000000480, 2.858333333333332948, -0.8815528430983946562 ) ) ;
#63 = CARTESIAN_POINT ( 'NONE',  ( 0.000000000000000000, 5.100000000000000533, 4.470153296551814925 ) ) ;
#64 = CIRCLE ( 'NONE', #2102, 2.475000000000000089 ) ;
#65 = CARTESIAN_POINT ( 'NONE',  ( -4.781585799167391571, 10.10000000000000142, 1.461655652060612542 ) ) ;
#66 = ORIENTED_EDGE ( 'NONE', *, *, #392, .F. ) ;
#67 = CARTESIAN_POINT ( 'NONE',  ( -4.470153296551811373, 0.3583333333333333370, -1.197773965854382450 ) ) ;
#68 = CIRCLE ( 'NONE', #2106, 1.975000000000000089 ) ;
#69 = ADVANCED_BREP_SHAPE_REPRESENTATION ( 'female luer lock 37', ( #376, #1742 ), #586 ) ;
#70 = CARTESIAN_POINT ( 'NONE',  ( 0.000000000000000000, 7.600000000000000533, 0.000000000000000000 ) ) ;
#71 = CARTESIAN_POINT ( 'NONE',  ( -3.290000000000000036, 4.058333333333334458, -0.8815528430983945452 ) ) ;
#72 = CARTESIAN_POINT ( 'NONE',  ( -5.166653658605106614, 4.520289855072463503, -1.722905077362279824 ) ) ;
#73 = ORIENTED_EDGE ( 'NONE', *, *, #937, .F. ) ;
#74 = ADVANCED_FACE ( 'NONE', ( #561 ), #546, .F. ) ;
#75 = DIRECTION ( 'NONE',  ( 0.000000000000000000, 0.000000000000000000, -1.000000000000000000 ) ) ;
#76 = CARTESIAN_POINT ( 'NONE',  ( 1.899197251767658079, 3.461315189598770825, 4.627083644869192547 ) ) ;
#77 = CARTESIAN_POINT ( 'NONE',  ( 3.272379330697434252, 3.224999999999999645, -3.272379330697433808 ) ) ;
#78 = CARTESIAN_POINT ( 'NONE',  ( -1.426320600371284053, 1.099999999999996758, -3.613700948467719609 ) ) ;
#79 = ORIENTED_EDGE ( 'NONE', *, *, #535, .F. ) ;
#80 = DIRECTION ( 'NONE',  ( -0.000000000000000000, -1.000000000000000000, -0.000000000000000000 ) ) ;
#81 = CARTESIAN_POINT ( 'NONE',  ( -4.483519106256621534, 3.461314598853480362, 2.216959562187066801 ) ) ;
#82 = LINE ( 'NONE', #96, #663 ) ;
#83 = CARTESIAN_POINT ( 'NONE',  ( -5.347617264507623425, 2.400008418351983863, -0.7503263239018000963 ) ) ;
#84 = ORIENTED_EDGE ( 'NONE', *, *, #326, .T. ) ;
#85 =( BOUNDED_SURFACE ( )  B_SPLINE_SURFACE ( 1, 2, ( 
 ( #1392, #1773, #120, #849, #2014 ),
 ( #1866, #45, #3, #1701, #1324 ) ),
 .UNSPECIFIED., .F., .F., .T. ) 
 B_SPLINE_SURFACE_WITH_KNOTS ( ( 2, 2 ),
 ( 3, 2, 3 ),
 ( 0.000000000000000000, 1.000000000000000000 ),
 ( 0.000000000000000000, 0.02173913043478260809, 0.03000283320684075244 ),
 .UNSPECIFIED. ) 
 GEOMETRIC_REPRESENTATION_ITEM ( )  RATIONAL_B_SPLINE_SURFACE ( (
 ( 1.000000000000000000, 0.9976687691905391508, 1.000000000000000000, 0.9991138284688874105, 0.9989013782864868407),
 ( 1.000000000000000000, 0.9976687691905391508, 1.000000000000000000, 0.9991138284688874105, 0.9989013782864868407) ) ) 
 REPRESENTATION_ITEM ( '' )  SURFACE ( )  );
#86 = CARTESIAN_POINT ( 'NONE',  ( 1.644999999999999352, 2.183333333333333570, 2.849223578450803984 ) ) ;
#87 = DIRECTION ( 'NONE',  ( 1.776356839400250465E-15, 0.000000000000000000, 1.000000000000000000 ) ) ;
#88 = EDGE_CURVE ( 'NONE', #672, #2000, #222, .T. ) ;
#89 = CARTESIAN_POINT ( 'NONE',  ( 4.781585799167372919, 10.10000000000000142, 1.461655652060676491 ) ) ;
#90 = DIRECTION ( 'NONE',  ( 0.000000000000000000, 0.000000000000000000, -1.000000000000000000 ) ) ;
#91 = ORIENTED_EDGE ( 'NONE', *, *, #2174, .T. ) ;
#92 = CARTESIAN_POINT ( 'NONE',  ( 0.3545109072998502420, 10.10000000000000142, 5.434798427741701410 ) ) ;
#93 = EDGE_CURVE ( 'NONE', #520, #1654, #769, .T. ) ;
#94 = CARTESIAN_POINT ( 'NONE',  ( -1.197773965854377343, 1.191666666666666652, -4.470153296551814037 ) ) ;
#95 = CARTESIAN_POINT ( 'NONE',  ( 0.000000000000000000, 7.600000000000001421, 0.000000000000000000 ) ) ;
#96 = CARTESIAN_POINT ( 'NONE',  ( 4.757752814687466659E-16, 0.000000000000000000, 3.884999999999999787 ) ) ;
#97 = CARTESIAN_POINT ( 'NONE',  ( 2.849223578450803984, 3.433333333333333570, -1.644999999999999574 ) ) ;
#98 = ORIENTED_EDGE ( 'NONE', *, *, #2329, .F. ) ;
#99 = CARTESIAN_POINT ( 'NONE',  ( -3.237826428262784439, 1.099999999999998090, -0.6188834297257377326 ) ) ;
#100 = CARTESIAN_POINT ( 'NONE',  ( 0.000000000000000000, 7.600000000000002309, 0.000000000000000000 ) ) ;
#101 =( BOUNDED_CURVE ( )  B_SPLINE_CURVE ( 2, ( #562, #2201, #1279 ),
 .UNSPECIFIED., .F., .F. ) 
 B_SPLINE_CURVE_WITH_KNOTS ( ( 3, 3 ),
 ( 0.000000000000000000, 0.009741561899813139941 ),
 .UNSPECIFIED. ) 
 CURVE ( )  GEOMETRIC_REPRESENTATION_ITEM ( )  RATIONAL_B_SPLINE_CURVE ( ( 1.000000000000000000, 0.9989553478552766208, 0.9988469377154600704 ) ) 
 REPRESENTATION_ITEM ( '' )  );
#102 = AXIS2_PLACEMENT_3D ( 'NONE', #198, #2042, #169 ) ;
#103 = FACE_OUTER_BOUND ( 'NONE', #2360, .T. ) ;
#104 = EDGE_LOOP ( 'NONE', ( #1433, #2108, #1640, #1664 ) ) ;
#105 = DIRECTION ( 'NONE',  ( -0.000000000000000000, -1.000000000000000000, -0.000000000000000000 ) ) ;
#106 = CARTESIAN_POINT ( 'NONE',  ( -1.124961973314051678, 10.10000000000000142, 4.871802598484194391 ) ) ;
#107 = CARTESIAN_POINT ( 'NONE',  ( -3.889884267333200807, 7.310144927536232018, -3.160027024512578997 ) ) ;
#108 = EDGE_CURVE ( 'NONE', #2178, #479, #267, .T. ) ;
#109 = AXIS2_PLACEMENT_3D ( 'NONE', #723, #184, #1465 ) ;
#110 = CARTESIAN_POINT ( 'NONE',  ( 4.736841284952582498, 8.851443009682961716, -1.608030575222944902 ) ) ;
#111 = CARTESIAN_POINT ( 'NONE',  ( 4.470153296551814925, 1.141666666666666607, -1.197773965854377343 ) ) ;
#112 = CARTESIAN_POINT ( 'NONE',  ( -3.871266313624623923, 2.233333333333333837, 2.235076648275906130 ) ) ;
#113 = EDGE_LOOP ( 'NONE', ( #244, #1906, #491, #1227 ) ) ;
#114 = CARTESIAN_POINT ( 'NONE',  ( -4.683229949569923889, 7.600000000000000533, 1.751387232867502641 ) ) ;
#115 = CARTESIAN_POINT ( 'NONE',  ( 1.645000000000001794, 0.5166666666666670515, -2.849223578450802652 ) ) ;
#116 = VECTOR ( 'NONE', #656, 1000.000000000000000 ) ;
#117 = CARTESIAN_POINT ( 'NONE',  ( 1.125410964134426761, 10.10000000000000142, -4.871698898926945631 ) ) ;
#118 = ORIENTED_EDGE ( 'NONE', *, *, #262, .F. ) ;
#119 =( BOUNDED_CURVE ( )  B_SPLINE_CURVE ( 2, ( #1448, #110, #1073 ),
 .UNSPECIFIED., .F., .T. ) 
 B_SPLINE_CURVE_WITH_KNOTS ( ( 3, 3 ),
 ( 0.000000000000000000, 0.3246877118238144511 ),
 .UNSPECIFIED. ) 
 CURVE ( )  GEOMETRIC_REPRESENTATION_ITEM ( )  RATIONAL_B_SPLINE_CURVE ( ( 1.000000000000000000, 0.9989553478551194132, 0.9988469377154276518 ) ) 
 REPRESENTATION_ITEM ( '' )  );
#120 = CARTESIAN_POINT ( 'NONE',  ( 5.301475413726987718, 4.520289855072464391, 1.026819574048094985 ) ) ;
#121 = FACE_OUTER_BOUND ( 'NONE', #705, .T. ) ;
#122 = CARTESIAN_POINT ( 'NONE',  ( 4.272292063065682655, 7.600000000000002309, 3.302653558559536684 ) ) ;
#123 = CARTESIAN_POINT ( 'NONE',  ( 0.1920919239680751733, 2.400007235084461676, -4.996308706710007819 ) ) ;
#124 = CARTESIAN_POINT ( 'NONE',  ( -1.645000000000000018, -0.3166666666666664853, -2.849223578450803984 ) ) ;
#125 = ADVANCED_FACE ( 'NONE', ( #2071 ), #1533, .F. ) ;
#126 = CARTESIAN_POINT ( 'NONE',  ( 1.645000000000000018, -0.3166666666666664853, 2.849223578450803984 ) ) ;
#127 = ORIENTED_EDGE ( 'NONE', *, *, #1836, .F. ) ;
#128 = EDGE_CURVE ( 'NONE', #748, #812, #2381, .T. ) ;
#129 = CIRCLE ( 'NONE', #2202, 3.884999999999999343 ) ;
#130 = CARTESIAN_POINT ( 'NONE',  ( -4.781585799167391571, 10.10000000000000142, 1.461655652060612542 ) ) ;
#131 = CARTESIAN_POINT ( 'NONE',  ( -2.849223578450803984, -1.933333333333333348, -1.645000000000000906 ) ) ;
#132 = CARTESIAN_POINT ( 'NONE',  ( -3.158217551594233452, 4.520289855072464391, 3.876294867112423326 ) ) ;
#133 = ORIENTED_EDGE ( 'NONE', *, *, #460, .T. ) ;
#134 = EDGE_LOOP ( 'NONE', ( #2168, #1459, #1834, #2367 ) ) ;
#135 = CARTESIAN_POINT ( 'NONE',  ( 1.894022380362483160, 3.461315189585152829, 5.058886919324438125 ) ) ;
#136 = DIRECTION ( 'NONE',  ( -0.000000000000000000, -1.000000000000000000, -0.000000000000000000 ) ) ;
#137 =( BOUNDED_CURVE ( )  B_SPLINE_CURVE ( 1, ( #468, #1434 ),
 .UNSPECIFIED., .F., .T. ) 
 B_SPLINE_CURVE_WITH_KNOTS ( ( 2, 2 ),
 ( 0.0002469861524917910415, 0.0008419861524917896748 ),
 .UNSPECIFIED. ) 
 CURVE ( )  GEOMETRIC_REPRESENTATION_ITEM ( )  RATIONAL_B_SPLINE_CURVE ( ( 0.9836222570911057339, 0.9836222570911057339 ) ) 
 REPRESENTATION_ITEM ( '' )  );
#138 = ORIENTED_EDGE ( 'NONE', *, *, #219, .T. ) ;
#139 = CARTESIAN_POINT ( 'NONE',  ( 1.372031982919189375, 7.600000000000002309, 5.222789315858608283 ) ) ;
#140 = B_SPLINE_CURVE_WITH_KNOTS ( 'NONE', 3,
 ( #54, #784, #2018, #1280, #175, #907, #1653, #541, #2010, #7, #529, #1082, #747, #1307, #354, #2378, #1833, #2204 ),
 .UNSPECIFIED., .F., .F.,
 ( 4, 2, 2, 2, 2, 2, 2, 2, 4 ),
 ( 9.414471522714406504E-18, 0.0006169321981151969312, 0.001233864396230384105, 0.001850796594345571495, 0.002467728792460758668, 0.003084660990575945842, 0.003701593188691133449, 0.004318525386806321489, 0.004935457584921510397 ),
 .UNSPECIFIED. ) ;
#141 = CARTESIAN_POINT ( 'NONE',  ( -0.8815528430983947672, 1.608333333333333393, 3.290000000000000480 ) ) ;
#142 = CARTESIAN_POINT ( 'NONE',  ( 3.515197652193629452, 8.433332707419252117, -3.557216714038743177 ) ) ;
#143 = ADVANCED_FACE ( 'NONE', ( #1704, #1576 ), #963, .T. ) ;
#144 = CARTESIAN_POINT ( 'NONE',  ( -3.290000000000000036, -0.9416666666666670960, -0.8815528430983945452 ) ) ;
#145 = DIRECTION ( 'NONE',  ( 0.000000000000000000, 0.000000000000000000, -1.000000000000000000 ) ) ;
#146 = ORIENTED_EDGE ( 'NONE', *, *, #1727, .T. ) ;
#147 = CARTESIAN_POINT ( 'NONE',  ( 0.000000000000000000, 19.89999999999999858, 0.000000000000000000 ) ) ;
#148 = CARTESIAN_POINT ( 'NONE',  ( -3.656623825853357879, 10.10000000000000142, 3.410146946423505465 ) ) ;
#149 = AXIS2_PLACEMENT_3D ( 'NONE', #50, #779, #241 ) ;
#150 = VERTEX_POINT ( 'NONE', #1933 ) ;
#151 = CARTESIAN_POINT ( 'NONE',  ( 3.884999999999999343, 2.441666666666666430, -1.040982612594910872 ) ) ;
#152 = CARTESIAN_POINT ( 'NONE',  ( 0.000000000000000000, -1.099999999999999867, -4.470153296551814037 ) ) ;
#153 = CARTESIAN_POINT ( 'NONE',  ( -0.8815528430983937680, -0.1083333333333335452, -3.290000000000000480 ) ) ;
#154 = LINE ( 'NONE', #4, #987 ) ;
#155 = VERTEX_POINT ( 'NONE', #1205 ) ;
#156 = CARTESIAN_POINT ( 'NONE',  ( 3.434113396826521392, 3.461315189585075114, -4.169714956392402527 ) ) ;
#157 = DIRECTION ( 'NONE',  ( 0.000000000000000000, 1.000000000000000000, 0.000000000000000000 ) ) ;
#158 = ORIENTED_EDGE ( 'NONE', *, *, #1219, .F. ) ;
#159 = CARTESIAN_POINT ( 'NONE',  ( 0.03879145185342571661, 2.400007235084461676, -5.399860667023095750 ) ) ;
#160 = CARTESIAN_POINT ( 'NONE',  ( -2.235076648275908351, 3.016666666666667052, 3.871266313624623923 ) ) ;
#161 = CARTESIAN_POINT ( 'NONE',  ( -4.470153296551811373, 2.858333333333332948, -1.197773965854380451 ) ) ;
#162 = CARTESIAN_POINT ( 'NONE',  ( 1.323041215027351614, 8.433332707419250340, 4.822858823142467166 ) ) ;
#163 = DIRECTION ( 'NONE',  ( 0.000000000000000000, 0.000000000000000000, -1.000000000000000000 ) ) ;
#164 = ORIENTED_EDGE ( 'NONE', *, *, #926, .F. ) ;
#165 =( BOUNDED_CURVE ( )  B_SPLINE_CURVE ( 1, ( #871, #1611 ),
 .UNSPECIFIED., .F., .T. ) 
 B_SPLINE_CURVE_WITH_KNOTS ( ( 2, 2 ),
 ( 0.0003833318666703234450, 0.0009783318666703216988 ),
 .UNSPECIFIED. ) 
 CURVE ( )  GEOMETRIC_REPRESENTATION_ITEM ( )  RATIONAL_B_SPLINE_CURVE ( ( 0.9877383016131948690, 0.9877383016131948690 ) ) 
 REPRESENTATION_ITEM ( '' )  );
#166 = DIRECTION ( 'NONE',  ( 0.000000000000000000, 0.000000000000000000, -1.000000000000000000 ) ) ;
#167 = EDGE_CURVE ( 'NONE', #2235, #2379, #1215, .T. ) ;
#168 = VERTEX_POINT ( 'NONE', #281 ) ;
#169 = DIRECTION ( 'NONE',  ( 0.000000000000000000, 0.000000000000000000, -1.000000000000000000 ) ) ;
#170 = CARTESIAN_POINT ( 'NONE',  ( -2.849223578450803984, -1.933333333333333348, -1.645000000000000906 ) ) ;
#171 = PLANE ( 'NONE',  #1889 ) ;
#172 = DIRECTION ( 'NONE',  ( 0.000000000000000000, -0.9903417466743302811, -0.1386478445344062616 ) ) ;
#173 = CARTESIAN_POINT ( 'NONE',  ( 5.059039685009478760, 8.851443009871349688, -1.895638025240393043 ) ) ;
#174 = CARTESIAN_POINT ( 'NONE',  ( -3.110423853773978564, 2.969999999999993534, -1.092171716883004962 ) ) ;
#175 = CARTESIAN_POINT ( 'NONE',  ( 3.296528126400876335, 1.099999999999998757, 0.001785220062588603693 ) ) ;
#176 = VERTEX_POINT ( 'NONE', #2060 ) ;
#177 = CARTESIAN_POINT ( 'NONE',  ( 4.305638327695289647, 7.310144927536232018, 3.279925742454826043 ) ) ;
#178 =( BOUNDED_CURVE ( )  B_SPLINE_CURVE ( 2, ( #34, #1203, #1363, #2093, #86, #859, #447, #1559, #844, #1743, #1586 ),
 .UNSPECIFIED., .F., .T. ) 
 B_SPLINE_CURVE_WITH_KNOTS ( ( 3, 2, 2, 2, 2, 3 ),
 ( 0.2131118611180948252, 0.2500000000000000000, 0.2916666666666666852, 0.3333333333333333148, 0.3750000000000000000, 0.3999317594045468383 ),
 .UNSPECIFIED. ) 
 CURVE ( )  GEOMETRIC_REPRESENTATION_ITEM ( )  RATIONAL_B_SPLINE_CURVE ( ( 0.9930807555817524612, 0.9698336115487597997, 1.000000000000000000, 0.9659258262890683122, 1.000000000000000000, 0.9659258262890683122, 1.000000000000000000, 0.9659258262890683122, 1.000000000000000000, 0.9796113015791275691, 0.9836222570911059560 ) ) 
 REPRESENTATION_ITEM ( '' )  );
#179 = ADVANCED_FACE ( 'NONE', ( #407 ), #1699, .F. ) ;
#180 = CARTESIAN_POINT ( 'NONE',  ( -3.837052234687943653, 7.600000000000002309, 3.799609209942023558 ) ) ;
#181 = EDGE_CURVE ( 'NONE', #304, #511, #2301, .T. ) ;
#182 = CIRCLE ( 'NONE', #793, 5.000000000000000000 ) ;
#183 = DIRECTION ( 'NONE',  ( 3.991292014935918511E-18, -0.9994687601077144601, 0.03259137261220795834 ) ) ;
#184 = DIRECTION ( 'NONE',  ( -0.000000000000000000, -1.000000000000000000, -0.000000000000000000 ) ) ;
#185 = CARTESIAN_POINT ( 'NONE',  ( 4.996327913144471111, 7.600000000000002309, -2.048586679721753789 ) ) ;
#186 = CARTESIAN_POINT ( 'NONE',  ( 2.849223578450803984, 3.433333333333333570, -1.644999999999999574 ) ) ;
#187 = CARTESIAN_POINT ( 'NONE',  ( -1.420842128008731775, 7.600000000000000533, -4.793871884737390232 ) ) ;
#188 = ORIENTED_EDGE ( 'NONE', *, *, #1686, .T. ) ;
#189 = CARTESIAN_POINT ( 'NONE',  ( 4.508895102646486741, 4.520289855072464391, 2.971508868122484159 ) ) ;
#190 =( BOUNDED_CURVE ( )  B_SPLINE_CURVE ( 2, ( #1764, #690, #1060, #499, #1426, #151, #2160, #301, #2326 ),
 .UNSPECIFIED., .F., .T. ) 
 B_SPLINE_CURVE_WITH_KNOTS ( ( 3, 2, 2, 2, 3 ),
 ( 0.3750000000000000000, 0.4166666666666666297, 0.4583333333333333703, 0.5000000000000000000, 0.5318630777013452215 ),
 .UNSPECIFIED. ) 
 CURVE ( )  GEOMETRIC_REPRESENTATION_ITEM ( )  RATIONAL_B_SPLINE_CURVE ( ( 1.000000000000000000, 0.9659258262890683122, 1.000000000000000000, 0.9659258262890683122, 1.000000000000000000, 0.9659258262890683122, 1.000000000000000000, 0.9739430069305468063, 0.9877383016131928706 ) ) 
 REPRESENTATION_ITEM ( '' )  );
#191 = ADVANCED_FACE ( 'NONE', ( #1065 ), #1462, .T. ) ;
#192 = CARTESIAN_POINT ( 'NONE',  ( 4.996327913144471111, 7.600000000000002309, -2.048586679721753789 ) ) ;
#193 = CARTESIAN_POINT ( 'NONE',  ( 3.761015970681459653, 8.851443009682963492, 3.298209598852399171 ) ) ;
#194 = CARTESIAN_POINT ( 'NONE',  ( -1.124961973314053232, 10.10000000000000142, -4.871802598484193503 ) ) ;
#195 = CARTESIAN_POINT ( 'NONE',  ( 3.290000000000000480, 3.850000000000000089, 2.014543984597396372E-16 ) ) ;
#196 = FACE_OUTER_BOUND ( 'NONE', #1072, .T. ) ;
#197 = ORIENTED_EDGE ( 'NONE', *, *, #2345, .T. ) ;
#198 = CARTESIAN_POINT ( 'NONE',  ( 0.000000000000000000, 0.000000000000000000, 0.000000000000000000 ) ) ;
#199 = CARTESIAN_POINT ( 'NONE',  ( 0.000000000000000000, 2.970000000000001972, 0.000000000000000000 ) ) ;
#200 =( BOUNDED_CURVE ( )  B_SPLINE_CURVE ( 1, ( #1963, #1244 ),
 .UNSPECIFIED., .F., .F. ) 
 B_SPLINE_CURVE_WITH_KNOTS ( ( 2, 2 ),
 ( 0.000000000000000000, 0.0005949999999999981996 ),
 .UNSPECIFIED. ) 
 CURVE ( )  GEOMETRIC_REPRESENTATION_ITEM ( )  RATIONAL_B_SPLINE_CURVE ( ( 0.9861706953697972899, 0.9861706953697972899 ) ) 
 REPRESENTATION_ITEM ( '' )  );
#201 = CARTESIAN_POINT ( 'NONE',  ( -4.899055215567819310, 4.520289855072463503, -2.379489425989532947 ) ) ;
#202 = VERTEX_POINT ( 'NONE', #2354 ) ;
#203 = EDGE_CURVE ( 'NONE', #1445, #1145, #1229, .T. ) ;
#204 = CYLINDRICAL_SURFACE ( 'NONE', #688, 5.000000000000000000 ) ;
#205 = DIRECTION ( 'NONE',  ( -0.000000000000000000, -1.000000000000000000, -0.000000000000000000 ) ) ;
#206 = CARTESIAN_POINT ( 'NONE',  ( 2.235076648275907019, -0.3166666666666664853, 3.871266313624624811 ) ) ;
#207 = CARTESIAN_POINT ( 'NONE',  ( 4.322542418588274593, 7.310144927536232906, -3.334235347847669839 ) ) ;
#208 = EDGE_LOOP ( 'NONE', ( #355, #215, #1437, #264 ) ) ;
#209 =( NAMED_UNIT ( * ) SI_UNIT ( $, .STERADIAN. ) SOLID_ANGLE_UNIT ( ) );
#210 = CARTESIAN_POINT ( 'NONE',  ( -3.290000000000000924, -2.350000000000000089, -2.014543984597396619E-16 ) ) ;
#211 = CIRCLE ( 'NONE', #1872, 5.399999999999999467 ) ;
#212 = DIRECTION ( 'NONE',  ( 0.000000000000000000, -1.000000000000000000, -0.000000000000000000 ) ) ;
#213 = ORIENTED_EDGE ( 'NONE', *, *, #999, .T. ) ;
#214 = CARTESIAN_POINT ( 'NONE',  ( 0.000000000000000000, 7.600000000000001421, -1.449999999999998623 ) ) ;
#215 = ORIENTED_EDGE ( 'NONE', *, *, #2032, .T. ) ;
#216 = CARTESIAN_POINT ( 'NONE',  ( 3.031000827889699256E-16, 10.10000000000000142, 2.475000000000000089 ) ) ;
#217 = CARTESIAN_POINT ( 'NONE',  ( 0.3545109072998514077, 10.10000000000000142, -5.434798427741702298 ) ) ;
#218 = ORIENTED_EDGE ( 'NONE', *, *, #247, .F. ) ;
#219 = EDGE_CURVE ( 'NONE', #518, #1976, #1389, .T. ) ;
#220 = CARTESIAN_POINT ( 'NONE',  ( -3.272379330697432476, 0.7750000000000001332, -3.272379330697435140 ) ) ;
#221 = CARTESIAN_POINT ( 'NONE',  ( -4.993318179340067609, 7.310144927536232018, 2.088829300064629635 ) ) ;
#222 = CIRCLE ( 'NONE', #538, 5.399999999999999467 ) ;
#223 = CARTESIAN_POINT ( 'NONE',  ( -3.289999999999999591, 1.558333333333333348, -0.8815528430983962105 ) ) ;
#224 = CARTESIAN_POINT ( 'NONE',  ( -4.757752814687467645E-16, 2.600000000000000533, 3.884999999999999787 ) ) ;
#225 = ORIENTED_EDGE ( 'NONE', *, *, #1860, .T. ) ;
#226 = CARTESIAN_POINT ( 'NONE',  ( 1.207875103017111096, 1.100000000000000311, 3.060251253657355175 ) ) ;
#227 = CIRCLE ( 'NONE', #544, 1.649999999999999911 ) ;
#228 = CARTESIAN_POINT ( 'NONE',  ( -0.3189546160415455689, 4.520289855072464391, 5.390572135952341526 ) ) ;
#229 = CARTESIAN_POINT ( 'NONE',  ( 0.000000000000000000, 0.1000000000000002554, 4.470153296551814925 ) ) ;
#230 = FACE_OUTER_BOUND ( 'NONE', #1826, .T. ) ;
#231 = ORIENTED_EDGE ( 'NONE', *, *, #523, .F. ) ;
#232 = CARTESIAN_POINT ( 'NONE',  ( 4.683229949569912343, 7.600000000000000533, -1.751387232867535504 ) ) ;
#233 = SHAPE_DEFINITION_REPRESENTATION ( #2208, #69 ) ;
#234 = ADVANCED_FACE ( 'NONE', ( #2188 ), #2365, .T. ) ;
#235 = CARTESIAN_POINT ( 'NONE',  ( -0.8815528430983946562, 2.808333333333333126, 3.290000000000000036 ) ) ;
#236 =( BOUNDED_CURVE ( )  B_SPLINE_CURVE ( 2, ( #754, #60, #598, #607, #1525, #1895, #2081, #1352, #617, #252, #226 ),
 .UNSPECIFIED., .F., .T. ) 
 B_SPLINE_CURVE_WITH_KNOTS ( ( 3, 2, 2, 2, 2, 3 ),
 ( 0.09313692229865247474, 0.1250000000000000000, 0.1666666666666666574, 0.2083333333333333426, 0.2500000000000000000, 0.2798732313742342548 ),
 .UNSPECIFIED. ) 
 CURVE ( )  GEOMETRIC_REPRESENTATION_ITEM ( )  RATIONAL_B_SPLINE_CURVE ( ( 0.9877383016131948690, 0.9739430069305449189, 1.000000000000000000, 0.9659258262890683122, 1.000000000000000000, 0.9659258262890683122, 1.000000000000000000, 0.9659258262890683122, 1.000000000000000000, 0.9755702637963397095, 0.9861706953698050615 ) ) 
 REPRESENTATION_ITEM ( '' )  );
#237 = CARTESIAN_POINT ( 'NONE',  ( 0.000000000000000000, 3.900000000000000355, 3.290000000000000924 ) ) ;
#238 = VERTEX_POINT ( 'NONE', #1453 ) ;
#239 = CARTESIAN_POINT ( 'NONE',  ( 1.942499999999998561, 2.183333333333333570, 3.364508693702544129 ) ) ;
#240 = CARTESIAN_POINT ( 'NONE',  ( -2.849223578450803984, 3.066666666666666874, -1.645000000000000906 ) ) ;
#241 = DIRECTION ( 'NONE',  ( 0.000000000000000000, 0.000000000000000000, -1.000000000000000000 ) ) ;
#242 = B_SPLINE_CURVE_WITH_KNOTS ( 'NONE', 3,
 ( #1769, #280, #1575, #2305, #655, #1932, #99, #1402, #1919, #814, #2149, #1053, #1388, #2123, #474, #1217, #1944, #1959 ),
 .UNSPECIFIED., .F., .F.,
 ( 4, 2, 2, 2, 2, 2, 2, 2, 4 ),
 ( 9.414471522714406504E-18, 0.0006169321981151969312, 0.001233864396230384105, 0.001850796594345571495, 0.002467728792460758668, 0.003084660990575945842, 0.003701593188691133449, 0.004318525386806321489, 0.004935457584921510397 ),
 .UNSPECIFIED. ) ;
#243 = CARTESIAN_POINT ( 'NONE',  ( 5.112278605011912447, 10.10000000000000142, -1.739139863477763503 ) ) ;
#244 = ORIENTED_EDGE ( 'NONE', *, *, #818, .T. ) ;
#245 = CARTESIAN_POINT ( 'NONE',  ( 0.000000000000000000, 3.900000000000000355, 3.290000000000000924 ) ) ;
#246 = CARTESIAN_POINT ( 'NONE',  ( -4.781585799167391571, 10.10000000000000142, 1.461655652060610766 ) ) ;
#247 = EDGE_CURVE ( 'NONE', #1105, #2356, #190, .T. ) ;
#248 = CARTESIAN_POINT ( 'NONE',  ( -0.8815528430983924357, 1.191666666666666652, -3.290000000000001812 ) ) ;
#249 = EDGE_LOOP ( 'NONE', ( #2127, #91, #1947, #2086 ) ) ;
#250 = EDGE_CURVE ( 'NONE', #1542, #1038, #921, .T. ) ;
#251 =( BOUNDED_SURFACE ( )  B_SPLINE_SURFACE ( 1, 2, ( 
 ( #649, #1877, #43, #614, #773, #71, #1521, #2251, #2066, #2275, #1891, #235, #971, #624, #484, #1021, #302, #880, #1449, #1396, #710, #335, #2146, #2131, #1036, #1778, #124, #1765, #1634, #1978, #325 ),
 ( #1074, #677, #1061, #854, #1816, #500, #1411, #1596, #1989, #1237, #160, #1622, #891, #2161, #1225, #471, #2362, #839, #522, #111, #1213, #1259, #2350, #1804, #2327, #2313, #868, #1968, #1427, #1941, #665 ) ),
 .UNSPECIFIED., .F., .F., .T. ) 
 B_SPLINE_SURFACE_WITH_KNOTS ( ( 2, 2 ),
 ( 3, 2, 2, 2, 2, 2, 2, 2, 2, 2, 2, 2, 2, 2, 2, 3 ),
 ( 0.000000000000000000, 1.000000000000000000 ),
 ( 0.000000000000000000, 0.04166666666666666435, 0.08333333333333332871, 0.1250000000000000000, 0.1666666666666666574, 0.2083333333333333426, 0.2500000000000000000, 0.2916666666666666852, 0.3333333333333333148, 0.3750000000000000000, 0.4166666666666666852, 0.4583333333333333148, 0.5000000000000000000, 0.5416666666666666297, 0.5833333333333333703, 0.6250000000000000000 ),
 .UNSPECIFIED. ) 
 GEOMETRIC_REPRESENTATION_ITEM ( )  RATIONAL_B_SPLINE_SURFACE ( (
 ( 1.000000000000000000, 0.9659258262890683122, 1.000000000000000000, 0.9659258262890683122, 1.000000000000000000, 0.9659258262890683122, 1.000000000000000000, 0.9659258262890683122, 1.000000000000000000, 0.9659258262890683122, 1.000000000000000000, 0.9659258262890683122, 1.000000000000000000, 0.9659258262890683122, 1.000000000000000000, 0.9659258262890683122, 1.000000000000000000, 0.9659258262890683122, 1.000000000000000000, 0.9659258262890683122, 1.000000000000000000, 0.9659258262890683122, 1.000000000000000000, 0.9659258262890683122, 1.000000000000000000, 0.9659258262890683122, 1.000000000000000000, 0.9659258262890683122, 1.000000000000000000, 0.9659258262890683122, 1.000000000000000000),
 ( 1.000000000000000000, 0.9659258262890683122, 1.000000000000000000, 0.9659258262890683122, 1.000000000000000000, 0.9659258262890683122, 1.000000000000000000, 0.9659258262890683122, 1.000000000000000000, 0.9659258262890683122, 1.000000000000000000, 0.9659258262890683122, 1.000000000000000000, 0.9659258262890683122, 1.000000000000000000, 0.9659258262890683122, 1.000000000000000000, 0.9659258262890683122, 1.000000000000000000, 0.9659258262890683122, 1.000000000000000000, 0.9659258262890683122, 1.000000000000000000, 0.9659258262890683122, 1.000000000000000000, 0.9659258262890683122, 1.000000000000000000, 0.9659258262890683122, 1.000000000000000000, 0.9659258262890683122, 1.000000000000000000) ) ) 
 REPRESENTATION_ITEM ( '' )  SURFACE ( )  );
#252 = CARTESIAN_POINT ( 'NONE',  ( 0.6257876940914863795, 1.252110469281864313, 3.290000000000001368 ) ) ;
#253 = CIRCLE ( 'NONE', #1184, 5.000000000000000000 ) ;
#254 = CARTESIAN_POINT ( 'NONE',  ( -0.03370008390007867699, 2.361466416093144893, 5.399897242328832725 ) ) ;
#255 = CARTESIAN_POINT ( 'NONE',  ( 1.197773965854380895, 2.808333333333333126, -4.470153296551812261 ) ) ;
#256 = CARTESIAN_POINT ( 'NONE',  ( 4.075406394607446359, 4.520289855072463503, -3.613000782226732710 ) ) ;
#257 = ORIENTED_EDGE ( 'NONE', *, *, #954, .F. ) ;
#258 = FACE_OUTER_BOUND ( 'NONE', #2011, .T. ) ;
#259 = AXIS2_PLACEMENT_3D ( 'NONE', #1285, #358, #732 ) ;
#260 = DIRECTION ( 'NONE',  ( -0.000000000000000000, -1.000000000000000000, -0.000000000000000000 ) ) ;
#261 = CARTESIAN_POINT ( 'NONE',  ( 3.576844790651160899, 2.970000000000000639, 1.516379353457322221 ) ) ;
#262 = EDGE_CURVE ( 'NONE', #1542, #1670, #119, .T. ) ;
#263 = CARTESIAN_POINT ( 'NONE',  ( 2.849223578450803540, 4.266666666666666607, 1.645000000000000684 ) ) ;
#264 = ORIENTED_EDGE ( 'NONE', *, *, #873, .F. ) ;
#265 = DIRECTION ( 'NONE',  ( 0.000000000000000000, -0.9994687601077144601, -0.03259137261220795834 ) ) ;
#266 = ADVANCED_FACE ( 'NONE', ( #1803 ), #47, .F. ) ;
#267 = LINE ( 'NONE', #2256, #1880 ) ;
#268 = CARTESIAN_POINT ( 'NONE',  ( -5.112278605011888466, 10.10000000000000142, -1.739139863477835446 ) ) ;
#269 =( BOUNDED_SURFACE ( )  B_SPLINE_SURFACE ( 1, 2, ( 
 ( #678, #2341, #1274, #1238, #1969, #161, #303, #1780, #112, #316, #882, #1623, #1261, #1979, #2003, #1415, #1610, #2147, #2132, #485, #857, #892, #1956, #1597, #152, #842, #347, #2328, #327, #1062, #501 ),
 ( #1051, #1794, #1637, #524, #2162, #2175, #2364, #515, #712, #1428, #691, #141, #1250, #869, #2351, #1440, #1990, #1584, #1450, #336, #1076, #2185, #2054, #2023, #2033, #913, #1828, #369, #170, #902, #210 ) ),
 .UNSPECIFIED., .F., .F., .F. ) 
 B_SPLINE_SURFACE_WITH_KNOTS ( ( 2, 2 ),
 ( 3, 2, 2, 2, 2, 2, 2, 2, 2, 2, 2, 2, 2, 2, 2, 3 ),
 ( 0.000000000000000000, 1.000000000000000000 ),
 ( 0.000000000000000000, 0.04166666666666666435, 0.08333333333333332871, 0.1250000000000000000, 0.1666666666666666574, 0.2083333333333333426, 0.2500000000000000000, 0.2916666666666666852, 0.3333333333333333148, 0.3750000000000000000, 0.4166666666666666852, 0.4583333333333333148, 0.5000000000000000000, 0.5416666666666666297, 0.5833333333333333703, 0.6250000000000000000 ),
 .UNSPECIFIED. ) 
 GEOMETRIC_REPRESENTATION_ITEM ( )  RATIONAL_B_SPLINE_SURFACE ( (
 ( 1.000000000000000000, 0.9659258262890683122, 1.000000000000000000, 0.9659258262890683122, 1.000000000000000000, 0.9659258262890683122, 1.000000000000000000, 0.9659258262890683122, 1.000000000000000000, 0.9659258262890683122, 1.000000000000000000, 0.9659258262890683122, 1.000000000000000000, 0.9659258262890683122, 1.000000000000000000, 0.9659258262890683122, 1.000000000000000000, 0.9659258262890683122, 1.000000000000000000, 0.9659258262890683122, 1.000000000000000000, 0.9659258262890683122, 1.000000000000000000, 0.9659258262890683122, 1.000000000000000000, 0.9659258262890683122, 1.000000000000000000, 0.9659258262890683122, 1.000000000000000000, 0.9659258262890683122, 1.000000000000000000),
 ( 1.000000000000000000, 0.9659258262890683122, 1.000000000000000000, 0.9659258262890683122, 1.000000000000000000, 0.9659258262890683122, 1.000000000000000000, 0.9659258262890683122, 1.000000000000000000, 0.9659258262890683122, 1.000000000000000000, 0.9659258262890683122, 1.000000000000000000, 0.9659258262890683122, 1.000000000000000000, 0.9659258262890683122, 1.000000000000000000, 0.9659258262890683122, 1.000000000000000000, 0.9659258262890683122, 1.000000000000000000, 0.9659258262890683122, 1.000000000000000000, 0.9659258262890683122, 1.000000000000000000, 0.9659258262890683122, 1.000000000000000000, 0.9659258262890683122, 1.000000000000000000, 0.9659258262890683122, 1.000000000000000000) ) ) 
 REPRESENTATION_ITEM ( '' )  SURFACE ( )  );
#270 = CARTESIAN_POINT ( 'NONE',  ( 0.9758253142711073025, 8.851443009682967045, -4.906240174075335858 ) ) ;
#271 = ORIENTED_EDGE ( 'NONE', *, *, #1260, .T. ) ;
#272 = DIRECTION ( 'NONE',  ( 0.000000000000000000, 0.000000000000000000, -1.000000000000000000 ) ) ;
#273 = CARTESIAN_POINT ( 'NONE',  ( 4.470153296551811373, -2.141666666666667052, 1.197773965854380451 ) ) ;
#274 = MECHANICAL_DESIGN_GEOMETRIC_PRESENTATION_REPRESENTATION (  '', ( #1588 ), #925 ) ;
#275 = CARTESIAN_POINT ( 'NONE',  ( -0.9758253142711073025, 8.851443009682967045, 4.906240174075335858 ) ) ;
#276 = FACE_OUTER_BOUND ( 'NONE', #462, .T. ) ;
#277 = B_SPLINE_CURVE_WITH_KNOTS ( 'NONE', 1,
 ( #824, #623 ),
 .UNSPECIFIED., .F., .F.,
 ( 2, 2 ),
 ( 0.000000000000000000, 1.000000000000000000 ),
 .UNSPECIFIED. ) ;
#278 = CARTESIAN_POINT ( 'NONE',  ( -3.290000000000000036, 0.3583333333333333370, -0.8815528430983962105 ) ) ;
#279 = EDGE_LOOP ( 'NONE', ( #365, #1911, #1787, #66 ) ) ;
#280 = CARTESIAN_POINT ( 'NONE',  ( -3.193906682422370746, 1.099999999999996758, 0.8164411251223829824 ) ) ;
#281 = CARTESIAN_POINT ( 'NONE',  ( 0.000000000000000000, 10.10000000000000142, -2.475000000000000089 ) ) ;
#282 = EDGE_CURVE ( 'NONE', #2122, #1929, #437, .T. ) ;
#283 = EDGE_LOOP ( 'NONE', ( #2259, #1802, #1468, #1894, #1864, #2248 ) ) ;
#284 = CARTESIAN_POINT ( 'NONE',  ( -0.3189546160415460130, 4.520289855072464391, 5.390572135952341526 ) ) ;
#285 = CARTESIAN_POINT ( 'NONE',  ( 0.000000000000000000, 7.600000000000001421, 0.000000000000000000 ) ) ;
#286 = CARTESIAN_POINT ( 'NONE',  ( -4.657020788611641038, 2.400007235084461232, -2.733524716266349852 ) ) ;
#287 = CARTESIAN_POINT ( 'NONE',  ( 0.3218162531114382996, 3.461314598853480362, -4.991321225464674605 ) ) ;
#288 = CARTESIAN_POINT ( 'NONE',  ( -3.441188122800092675, 7.600000000000001421, 3.627426677894340035 ) ) ;
#289 = CARTESIAN_POINT ( 'NONE',  ( 1.645000000000001572, 1.816666666666666874, -2.849223578450803540 ) ) ;
#290 = ORIENTED_EDGE ( 'NONE', *, *, #1492, .F. ) ;
#291 = CARTESIAN_POINT ( 'NONE',  ( 5.209084217607091283, 7.600000000000002309, 1.423180105916573179 ) ) ;
#292 = CARTESIAN_POINT ( 'NONE',  ( 0.000000000000000000, -1.099999999999999867, -3.290000000000000924 ) ) ;
#293 = FACE_OUTER_BOUND ( 'NONE', #1079, .T. ) ;
#294 = ADVANCED_FACE ( 'NONE', ( #1247 ), #483, .F. ) ;
#295 = VERTEX_POINT ( 'NONE', #1224 ) ;
#296 = ORIENTED_EDGE ( 'NONE', *, *, #2359, .F. ) ;
#297 = CARTESIAN_POINT ( 'NONE',  ( 0.000000000000000000, 2.970000000000001972, 0.000000000000000000 ) ) ;
#298 = CARTESIAN_POINT ( 'NONE',  ( 0.7240358500787704710, 7.600000000000002309, -5.351240238281281592 ) ) ;
#299 = EDGE_CURVE ( 'NONE', #1202, #1867, #1953, .T. ) ;
#300 = AXIS2_PLACEMENT_3D ( 'NONE', #2291, #465, #1615 ) ;
#301 = CARTESIAN_POINT ( 'NONE',  ( 3.884999999999999787, 2.808003956277595137, 0.7895009817896792015 ) ) ;
#302 = CARTESIAN_POINT ( 'NONE',  ( 2.849223578450803096, 1.766666666666666829, 1.645000000000001794 ) ) ;
#303 = CARTESIAN_POINT ( 'NONE',  ( -4.470153296551814037, 2.650000000000000355, -2.737179463160083933E-16 ) ) ;
#304 = VERTEX_POINT ( 'NONE', #2173 ) ;
#305 = CARTESIAN_POINT ( 'NONE',  ( 3.656623825853333010, 10.10000000000000142, -3.410146946423531666 ) ) ;
#306 = CARTESIAN_POINT ( 'NONE',  ( 2.408447156901606601, -0.4750000000000000888, -2.408447156901605268 ) ) ;
#307 = CARTESIAN_POINT ( 'NONE',  ( -1.124961973314053232, 10.10000000000000142, -4.871802598484195279 ) ) ;
#308 = ORIENTED_EDGE ( 'NONE', *, *, #937, .T. ) ;
#309 = ORIENTED_EDGE ( 'NONE', *, *, #364, .F. ) ;
#310 = CARTESIAN_POINT ( 'NONE',  ( 0.000000000000000000, 1.099999999999996758, -2.187499999999999556 ) ) ;
#311 = CARTESIAN_POINT ( 'NONE',  ( -5.231239030683752844, 7.310144927536232018, -1.389450426890935564 ) ) ;
#312 = CARTESIAN_POINT ( 'NONE',  ( 1.212150843733219130, 8.851443009871351464, 5.264790251213713468 ) ) ;
#313 = ORIENTED_EDGE ( 'NONE', *, *, #2363, .T. ) ;
#314 = CARTESIAN_POINT ( 'NONE',  ( 4.757752814687467645E-16, 2.600000000000000533, -3.884999999999999787 ) ) ;
#315 = ADVANCED_FACE ( 'NONE', ( #2361 ), #786, .F. ) ;
#316 = CARTESIAN_POINT ( 'NONE',  ( -3.272379330697433808, 2.024999999999999911, 3.272379330697433364 ) ) ;
#317 = CARTESIAN_POINT ( 'NONE',  ( -2.688821387764050996E-14, 10.10000000000000142, -1.149254302834634700E-14 ) ) ;
#318 = CARTESIAN_POINT ( 'NONE',  ( -3.290000000000000036, 4.058333333333334458, -0.8815528430983945452 ) ) ;
#319 = B_SPLINE_CURVE_WITH_KNOTS ( 'NONE', 3,
 ( #1662, #174, #374, #2377, #353, #2213, #746, #6, #575, #2179, #540, #1489, #1090, #2221, #1295, #1306, #1841, #1080 ),
 .UNSPECIFIED., .F., .F.,
 ( 4, 2, 2, 2, 2, 2, 2, 2, 4 ),
 ( 3.344970168606419987E-17, 0.0006166457710691454659, 0.001233291542138257322, 0.001849937313207369177, 0.002466583084276480816, 0.003083228855345592021, 0.003699874626414703226, 0.004316520397483814865, 0.004933166168552926070 ),
 .UNSPECIFIED. ) ;
#320 = CARTESIAN_POINT ( 'NONE',  ( -2.024006974626719746, 2.400008418351983863, -5.006335562730725997 ) ) ;
#321 = ORIENTED_EDGE ( 'NONE', *, *, #128, .T. ) ;
#322 = CARTESIAN_POINT ( 'NONE',  ( -2.408447156901606601, -0.4750000000000000888, 2.408447156901605268 ) ) ;
#323 = CARTESIAN_POINT ( 'NONE',  ( -5.112278605011888466, 10.10000000000000142, -1.739139863477835446 ) ) ;
#324 = ORIENTED_EDGE ( 'NONE', *, *, #1359, .F. ) ;
#325 = CARTESIAN_POINT ( 'NONE',  ( -3.290000000000000480, -1.149999999999999911, -2.014543984597396372E-16 ) ) ;
#326 = EDGE_CURVE ( 'NONE', #1616, #52, #1360, .T. ) ;
#327 = CARTESIAN_POINT ( 'NONE',  ( -3.871266313624623479, -1.933333333333333348, -2.235076648275907463 ) ) ;
#328 = CARTESIAN_POINT ( 'NONE',  ( -2.849223578450803984, 3.433333333333333570, 1.644999999999999574 ) ) ;
#329 = CARTESIAN_POINT ( 'NONE',  ( -3.981598371780510792, 3.461315189598769937, 3.718814713398582494 ) ) ;
#330 = ORIENTED_EDGE ( 'NONE', *, *, #805, .F. ) ;
#331 = CARTESIAN_POINT ( 'NONE',  ( 0.8878491562667806258, 8.851443009871349688, -5.329075898592031457 ) ) ;
#332 =( BOUNDED_CURVE ( )  B_SPLINE_CURVE ( 2, ( #1568, #1927, #1372, #1738, #2263, #603, #1545, #1902, #443, #1142, #1334 ),
 .UNSPECIFIED., .F., .T. ) 
 B_SPLINE_CURVE_WITH_KNOTS ( ( 3, 2, 2, 2, 2, 3 ),
 ( 0.09313692229865247474, 0.1250000000000000000, 0.1666666666666666574, 0.2083333333333333426, 0.2500000000000000000, 0.2798732313742342548 ),
 .UNSPECIFIED. ) 
 CURVE ( )  GEOMETRIC_REPRESENTATION_ITEM ( )  RATIONAL_B_SPLINE_CURVE ( ( 0.9877383016131948690, 0.9739430069305449189, 1.000000000000000000, 0.9659258262890683122, 1.000000000000000000, 0.9659258262890683122, 1.000000000000000000, 0.9659258262890683122, 1.000000000000000000, 0.9755702637963397095, 0.9861706953698050615 ) ) 
 REPRESENTATION_ITEM ( '' )  );
#333 = CARTESIAN_POINT ( 'NONE',  ( -5.209084217607081513, 7.600000000000002309, -1.423180105916609595 ) ) ;
#334 = ORIENTED_EDGE ( 'NONE', *, *, #681, .T. ) ;
#335 = CARTESIAN_POINT ( 'NONE',  ( 2.408447156901606157, 0.7249999999999999778, -2.408447156901605268 ) ) ;
#336 = CARTESIAN_POINT ( 'NONE',  ( 3.290000000000001812, -0.05833333333333340365, -0.8815528430983923247 ) ) ;
#337 = CARTESIAN_POINT ( 'NONE',  ( 0.8815528430983963215, 0.3083333333333332371, -3.289999999999999591 ) ) ;
#338 = EDGE_CURVE ( 'NONE', #993, #1145, #1429, .T. ) ;
#339 = CARTESIAN_POINT ( 'NONE',  ( -4.322542418588297686, 7.310144927536232906, 3.334235347847639641 ) ) ;
#340 = AXIS2_PLACEMENT_3D ( 'NONE', #373, #205, #951 ) ;
#341 = ORIENTED_EDGE ( 'NONE', *, *, #1856, .T. ) ;
#342 = CARTESIAN_POINT ( 'NONE',  ( -1.224352881854833264, 9.266666353709625881, -4.848851957455286410 ) ) ;
#343 = ORIENTED_EDGE ( 'NONE', *, *, #1439, .F. ) ;
#344 = CARTESIAN_POINT ( 'NONE',  ( -1.942500000000001004, 1.816666666666666874, 3.364508693702543241 ) ) ;
#345 = FILL_AREA_STYLE ('',( #2002 ) ) ;
#346 =( BOUNDED_CURVE ( )  B_SPLINE_CURVE ( 2, ( #2024, #193, #372 ),
 .UNSPECIFIED., .F., .T. ) 
 B_SPLINE_CURVE_WITH_KNOTS ( ( 3, 3 ),
 ( 0.000000000000000000, 0.3246877118238144511 ),
 .UNSPECIFIED. ) 
 CURVE ( )  GEOMETRIC_REPRESENTATION_ITEM ( )  RATIONAL_B_SPLINE_CURVE ( ( 1.000000000000000000, 0.9989553478551193022, 0.9988469377154274298 ) ) 
 REPRESENTATION_ITEM ( '' )  );
#347 = CARTESIAN_POINT ( 'NONE',  ( -2.235076648275906575, -1.516666666666666607, -3.871266313624623923 ) ) ;
#348 = AXIS2_PLACEMENT_3D ( 'NONE', #199, #2228, #1710 ) ;
#349 = DIRECTION ( 'NONE',  ( 0.000000000000000000, 0.000000000000000000, 1.000000000000000000 ) ) ;
#350 = DIRECTION ( 'NONE',  ( -0.000000000000000000, -1.000000000000000000, -0.000000000000000000 ) ) ;
#351 = CARTESIAN_POINT ( 'NONE',  ( -2.024006974623380639, 2.400008418379260711, -5.006335562732077804 ) ) ;
#352 = EDGE_CURVE ( 'NONE', #738, #155, #828, .T. ) ;
#353 = CARTESIAN_POINT ( 'NONE',  ( -3.284056391365002270, 2.970000000000002416, -0.2864202022365012756 ) ) ;
#354 = CARTESIAN_POINT ( 'NONE',  ( 1.938820742055831881, 1.099999999999996314, 2.666116578796182690 ) ) ;
#355 = ORIENTED_EDGE ( 'NONE', *, *, #1052, .T. ) ;
#356 = PRESENTATION_STYLE_ASSIGNMENT (( #1309 ) ) ;
#357 = CARTESIAN_POINT ( 'NONE',  ( 5.112278605011902677, 10.10000000000000142, 1.739139863477800807 ) ) ;
#358 = DIRECTION ( 'NONE',  ( -0.000000000000000000, -1.000000000000000000, -0.000000000000000000 ) ) ;
#359 = FACE_OUTER_BOUND ( 'NONE', #758, .T. ) ;
#360 = FACE_OUTER_BOUND ( 'NONE', #1603, .T. ) ;
#361 = CARTESIAN_POINT ( 'NONE',  ( -1.644999999999999352, 2.183333333333333570, -2.849223578450803984 ) ) ;
#362 = EDGE_LOOP ( 'NONE', ( #1059, #1869 ) ) ;
#363 = CARTESIAN_POINT ( 'NONE',  ( 4.422976227144284067, 2.400007235084461232, -2.331797867336812935 ) ) ;
#364 = EDGE_CURVE ( 'NONE', #1102, #511, #928, .T. ) ;
#365 = ORIENTED_EDGE ( 'NONE', *, *, #2296, .T. ) ;
#366 = CARTESIAN_POINT ( 'NONE',  ( -3.884999999999999343, 2.441666666666666430, 1.040982612594910872 ) ) ;
#367 = EDGE_CURVE ( 'NONE', #1840, #2205, #1688, .T. ) ;
#368 = AXIS2_PLACEMENT_3D ( 'NONE', #1469, #387, #2223 ) ;
#369 = CARTESIAN_POINT ( 'NONE',  ( -2.408447156901606157, -1.725000000000000089, -2.408447156901606157 ) ) ;
#370 = AXIS2_PLACEMENT_3D ( 'NONE', #1394, #662, #1033 ) ;
#371 = CARTESIAN_POINT ( 'NONE',  ( -4.683229949569923889, 7.600000000000000533, 1.751387232867502641 ) ) ;
#372 = CARTESIAN_POINT ( 'NONE',  ( 3.858360810311966649, 7.600000000000000533, 3.180102491657900377 ) ) ;
#373 = CARTESIAN_POINT ( 'NONE',  ( 0.000000000000000000, 14.89999999999999680, 0.000000000000000000 ) ) ;
#374 = CARTESIAN_POINT ( 'NONE',  ( -3.172418498064273340, 2.970000000000002860, -0.8956155657374893497 ) ) ;
#375 = PLANE ( 'NONE',  #1265 ) ;
#376 = MANIFOLD_SOLID_BREP ( 'Combine2', #1112 ) ;
#377 = ORIENTED_EDGE ( 'NONE', *, *, #262, .T. ) ;
#378 = SURFACE_STYLE_FILL_AREA ( #2216 ) ;
#379 = DIRECTION ( 'NONE',  ( -0.000000000000000000, -1.000000000000000000, -0.000000000000000000 ) ) ;
#380 = ADVANCED_FACE ( 'NONE', ( #2380 ), #909, .T. ) ;
#381 = CARTESIAN_POINT ( 'NONE',  ( -4.586047416896210649, 3.461315189585152829, -2.854439827672930807 ) ) ;
#382 = CIRCLE ( 'NONE', #1470, 1.449999999999998623 ) ;
#383 = ORIENTED_EDGE ( 'NONE', *, *, #1848, .F. ) ;
#384 = CARTESIAN_POINT ( 'NONE',  ( -4.757752814687467645E-16, 2.600000000000000533, 3.884999999999999787 ) ) ;
#385 = CARTESIAN_POINT ( 'NONE',  ( 0.000000000000000000, 7.600000000000001421, 0.000000000000000000 ) ) ;
#386 = DIRECTION ( 'NONE',  ( -0.000000000000000000, -1.000000000000000000, -0.000000000000000000 ) ) ;
#387 = DIRECTION ( 'NONE',  ( -0.000000000000000000, -1.000000000000000000, -0.000000000000000000 ) ) ;
#388 = ORIENTED_EDGE ( 'NONE', *, *, #840, .T. ) ;
#389 =( NAMED_UNIT ( * ) SI_UNIT ( $, .STERADIAN. ) SOLID_ANGLE_UNIT ( ) );
#390 =( LENGTH_UNIT ( ) NAMED_UNIT ( * ) SI_UNIT ( .MILLI., .METRE. ) );
#391 = DIRECTION ( 'NONE',  ( -0.000000000000000000, -1.000000000000000000, -0.000000000000000000 ) ) ;
#392 = EDGE_CURVE ( 'NONE', #238, #2167, #431, .T. ) ;
#393 = CARTESIAN_POINT ( 'NONE',  ( -4.883928956521937259, 10.10000000000000142, -2.410383762230568383 ) ) ;
#394 = EDGE_LOOP ( 'NONE', ( #1186, #735, #2277, #1755 ) ) ;
#395 = CARTESIAN_POINT ( 'NONE',  ( 1.040982612594808732, 2.391666666666690144, 3.885000000000058407 ) ) ;
#396 = ORIENTED_EDGE ( 'NONE', *, *, #167, .F. ) ;
#397 = CARTESIAN_POINT ( 'NONE',  ( -3.272379330697433364, 1.975000000000000089, -3.272379330697435584 ) ) ;
#398 = FACE_OUTER_BOUND ( 'NONE', #843, .T. ) ;
#399 = VERTEX_POINT ( 'NONE', #749 ) ;
#400 = CARTESIAN_POINT ( 'NONE',  ( 4.470153296551812261, 2.441666666666666430, -1.197773965854378897 ) ) ;
#401 = CARTESIAN_POINT ( 'NONE',  ( 5.231239030683765279, 7.310144927536232018, 1.389450426890900703 ) ) ;
#402 = AXIS2_PLACEMENT_3D ( 'NONE', #1581, #2141, #494 ) ;
#403 = DIRECTION ( 'NONE',  ( 0.9467182601873912473, 0.000000000000000000, -0.3220629376810673072 ) ) ;
#404 = ORIENTED_EDGE ( 'NONE', *, *, #1169, .F. ) ;
#405 = CARTESIAN_POINT ( 'NONE',  ( 0.000000000000000000, 2.970000000000001972, 3.290000000000000036 ) ) ;
#406 = AXIS2_PLACEMENT_3D ( 'NONE', #1128, #576, #1999 ) ;
#407 = FACE_OUTER_BOUND ( 'NONE', #1083, .T. ) ;
#408 = CARTESIAN_POINT ( 'NONE',  ( 2.235076648275908351, 3.016666666666667052, -3.871266313624623923 ) ) ;
#409 = ADVANCED_FACE ( 'NONE', ( #532 ), #2021, .T. ) ;
#410 = ORIENTED_EDGE ( 'NONE', *, *, #1463, .F. ) ;
#411 = CARTESIAN_POINT ( 'NONE',  ( 4.510225898727266980, 4.520289855072463503, -3.052961558229656536 ) ) ;
#412 = EDGE_LOOP ( 'NONE', ( #878, #1524, #1029 ) ) ;
#413 = CARTESIAN_POINT ( 'NONE',  ( 1.645000000000000240, 3.483333333333333393, 2.849223578450803984 ) ) ;
#414 = DIRECTION ( 'NONE',  ( 0.000000000000000000, 0.000000000000000000, -1.000000000000000000 ) ) ;
#415 = AXIS2_PLACEMENT_3D ( 'NONE', #1624, #2136, #2342 ) ;
#416 = DIRECTION ( 'NONE',  ( -0.000000000000000000, -1.000000000000000000, -0.000000000000000000 ) ) ;
#417 = CARTESIAN_POINT ( 'NONE',  ( 1.645000000000000018, 4.683333333333333570, 2.849223578450803984 ) ) ;
#418 = VERTEX_POINT ( 'NONE', #9 ) ;
#419 =( BOUNDED_SURFACE ( )  B_SPLINE_SURFACE ( 1, 2, ( 
 ( #552, #2037, #1478, #1114, #1852, #2017, #195, #1997, #186, #919, #1126, #896, #887, #1289, #361, #1628, #706, #1444, #2368, #716, #1456, #2191, #1328, #964, #1151, #1527, #2257, #2269, #2233, #756, #2073 ),
 ( #63, #1550, #1718, #2061, #619, #1682, #1884, #990, #1503, #77, #408, #255, #1354, #609, #2246, #397, #2048, #804, #588, #2083, #27, #1862, #599, #436, #229, #1540, #206, #36, #2095, #1136, #940 ) ),
 .UNSPECIFIED., .F., .F., .T. ) 
 B_SPLINE_SURFACE_WITH_KNOTS ( ( 2, 2 ),
 ( 3, 2, 2, 2, 2, 2, 2, 2, 2, 2, 2, 2, 2, 2, 2, 3 ),
 ( 0.000000000000000000, 1.000000000000000000 ),
 ( 0.000000000000000000, 0.04166666666666666435, 0.08333333333333332871, 0.1250000000000000000, 0.1666666666666666574, 0.2083333333333333426, 0.2500000000000000000, 0.2916666666666666852, 0.3333333333333333148, 0.3750000000000000000, 0.4166666666666666852, 0.4583333333333333148, 0.5000000000000000000, 0.5416666666666666297, 0.5833333333333333703, 0.6250000000000000000 ),
 .UNSPECIFIED. ) 
 GEOMETRIC_REPRESENTATION_ITEM ( )  RATIONAL_B_SPLINE_SURFACE ( (
 ( 1.000000000000000000, 0.9659258262890683122, 1.000000000000000000, 0.9659258262890683122, 1.000000000000000000, 0.9659258262890683122, 1.000000000000000000, 0.9659258262890683122, 1.000000000000000000, 0.9659258262890683122, 1.000000000000000000, 0.9659258262890683122, 1.000000000000000000, 0.9659258262890683122, 1.000000000000000000, 0.9659258262890683122, 1.000000000000000000, 0.9659258262890683122, 1.000000000000000000, 0.9659258262890683122, 1.000000000000000000, 0.9659258262890683122, 1.000000000000000000, 0.9659258262890683122, 1.000000000000000000, 0.9659258262890683122, 1.000000000000000000, 0.9659258262890683122, 1.000000000000000000, 0.9659258262890683122, 1.000000000000000000),
 ( 1.000000000000000000, 0.9659258262890683122, 1.000000000000000000, 0.9659258262890683122, 1.000000000000000000, 0.9659258262890683122, 1.000000000000000000, 0.9659258262890683122, 1.000000000000000000, 0.9659258262890683122, 1.000000000000000000, 0.9659258262890683122, 1.000000000000000000, 0.9659258262890683122, 1.000000000000000000, 0.9659258262890683122, 1.000000000000000000, 0.9659258262890683122, 1.000000000000000000, 0.9659258262890683122, 1.000000000000000000, 0.9659258262890683122, 1.000000000000000000, 0.9659258262890683122, 1.000000000000000000, 0.9659258262890683122, 1.000000000000000000, 0.9659258262890683122, 1.000000000000000000, 0.9659258262890683122, 1.000000000000000000) ) ) 
 REPRESENTATION_ITEM ( '' )  SURFACE ( )  );
#420 = CARTESIAN_POINT ( 'NONE',  ( -1.738712998107333485, 2.970000000000000639, 3.474205248716978556 ) ) ;
#421 = CARTESIAN_POINT ( 'NONE',  ( 1.777861051681509652, 4.520289855072464391, 4.673244063914691715 ) ) ;
#422 = CARTESIAN_POINT ( 'NONE',  ( 0.000000000000000000, 10.10000000000000142, 0.000000000000000000 ) ) ;
#423 = ORIENTED_EDGE ( 'NONE', *, *, #1668, .T. ) ;
#424 = AXIS2_PLACEMENT_3D ( 'NONE', #1512, #212, #1314 ) ;
#425 = CYLINDRICAL_SURFACE ( 'NONE', #720, 5.000000000000000000 ) ;
#426 = ADVANCED_FACE ( 'NONE', ( #1095 ), #1655, .T. ) ;
#427 = VERTEX_POINT ( 'NONE', #1494 ) ;
#428 = CIRCLE ( 'NONE', #348, 3.290000000000000036 ) ;
#429 = CARTESIAN_POINT ( 'NONE',  ( 2.408447156901606157, 3.274999999999999911, 2.408447156901606157 ) ) ;
#430 = DIRECTION ( 'NONE',  ( -0.000000000000000000, -1.000000000000000000, -0.000000000000000000 ) ) ;
#431 = B_SPLINE_CURVE_WITH_KNOTS ( 'NONE', 1,
 ( #759, #2183 ),
 .UNSPECIFIED., .F., .F.,
 ( 2, 2 ),
 ( 0.000000000000000000, 1.000000000000000000 ),
 .UNSPECIFIED. ) ;
#432 = CARTESIAN_POINT ( 'NONE',  ( -2.849223578450804872, 0.9333333333333337922, 1.644999999999998019 ) ) ;
#433 = ORIENTED_EDGE ( 'NONE', *, *, #56, .F. ) ;
#434 = CARTESIAN_POINT ( 'NONE',  ( 0.000000000000000000, 7.600000000000002309, 0.000000000000000000 ) ) ;
#435 = CARTESIAN_POINT ( 'NONE',  ( 1.458202400421520828, 7.310144927536232018, 4.794853091420118396 ) ) ;
#436 = CARTESIAN_POINT ( 'NONE',  ( -1.197773965854382894, 0.3083333333333332371, 4.470153296551812261 ) ) ;
#437 =( BOUNDED_CURVE ( )  B_SPLINE_CURVE ( 2, ( #1633, #867, #701 ),
 .UNSPECIFIED., .F., .T. ) 
 B_SPLINE_CURVE_WITH_KNOTS ( ( 3, 3 ),
 ( 0.000000000000000000, 0.009741561899813146880 ),
 .UNSPECIFIED. ) 
 CURVE ( )  GEOMETRIC_REPRESENTATION_ITEM ( )  RATIONAL_B_SPLINE_CURVE ( ( 1.000000000000000000, 0.9989553478552767318, 0.9988469377154600704 ) ) 
 REPRESENTATION_ITEM ( '' )  );
#438 = DIRECTION ( 'NONE',  ( -0.000000000000000000, -1.000000000000000000, -0.000000000000000000 ) ) ;
#439 = ORIENTED_EDGE ( 'NONE', *, *, #954, .T. ) ;
#440 = CARTESIAN_POINT ( 'NONE',  ( -4.470153296551814037, 0.1499999999999999667, -8.211538389480251307E-16 ) ) ;
#441 = EDGE_CURVE ( 'NONE', #748, #155, #2348, .T. ) ;
#442 = CARTESIAN_POINT ( 'NONE',  ( 1.472423620018831425, 2.970000000000001972, -2.942119760174735976 ) ) ;
#443 = CARTESIAN_POINT ( 'NONE',  ( 4.029087969194793237E-16, 1.400000000000000133, -3.290000000000000924 ) ) ;
#444 = ADVANCED_FACE ( 'NONE', ( #2225 ), #1179, .F. ) ;
#445 = CARTESIAN_POINT ( 'NONE',  ( 3.290000000000000924, -2.350000000000000089, 2.014543984597396619E-16 ) ) ;
#446 = ORIENTED_EDGE ( 'NONE', *, *, #2072, .T. ) ;
#447 = CARTESIAN_POINT ( 'NONE',  ( 2.849223578450803096, 1.766666666666666829, 1.645000000000001794 ) ) ;
#448 = AXIS2_PLACEMENT_3D ( 'NONE', #70, #1876, #2103 ) ;
#449 = CARTESIAN_POINT ( 'NONE',  ( -0.1920919239680751733, 2.400007235084461676, 4.996308706710007819 ) ) ;
#450 = DIRECTION ( 'NONE',  ( 0.000000000000000000, 0.000000000000000000, -1.000000000000000000 ) ) ;
#451 = CIRCLE ( 'NONE', #790, 3.290000000000000036 ) ;
#452 = CARTESIAN_POINT ( 'NONE',  ( -4.062278605011867327, 10.10000000000000142, -3.557793211425143820 ) ) ;
#453 = ORIENTED_EDGE ( 'NONE', *, *, #818, .F. ) ;
#454 =( BOUNDED_CURVE ( )  B_SPLINE_CURVE ( 2, ( #1069, #331, #1812 ),
 .UNSPECIFIED., .F., .T. ) 
 B_SPLINE_CURVE_WITH_KNOTS ( ( 3, 3 ),
 ( 0.000000000000000000, 0.009741561899813146880 ),
 .UNSPECIFIED. ) 
 CURVE ( )  GEOMETRIC_REPRESENTATION_ITEM ( )  RATIONAL_B_SPLINE_CURVE ( ( 1.000000000000000000, 0.9989553478552767318, 0.9988469377154600704 ) ) 
 REPRESENTATION_ITEM ( '' )  );
#455 = CARTESIAN_POINT ( 'NONE',  ( 0.000000000000000000, 7.600000000000001421, 0.000000000000000000 ) ) ;
#456 = CARTESIAN_POINT ( 'NONE',  ( -3.871266313624625699, -0.2666666666666663299, 2.235076648275903910 ) ) ;
#457 = CIRCLE ( 'NONE', #1497, 5.399999999999999467 ) ;
#458 = CARTESIAN_POINT ( 'NONE',  ( -0.8248691392579258208, 7.600000000000000533, 4.931489724525428997 ) ) ;
#459 = DIRECTION ( 'NONE',  ( 0.000000000000000000, 0.000000000000000000, -1.000000000000000000 ) ) ;
#460 = EDGE_CURVE ( 'NONE', #960, #1713, #1805, .T. ) ;
#461 = CARTESIAN_POINT ( 'NONE',  ( -0.8815528430983923247, 2.391666666666666163, -3.290000000000001368 ) ) ;
#462 = EDGE_LOOP ( 'NONE', ( #1290, #231, #2080, #906, #689 ) ) ;
#463 = CARTESIAN_POINT ( 'NONE',  ( 0.000000000000000000, 0.000000000000000000, 0.000000000000000000 ) ) ;
#464 = DIRECTION ( 'NONE',  ( -0.000000000000000000, -1.000000000000000000, -0.000000000000000000 ) ) ;
#465 = DIRECTION ( 'NONE',  ( -0.000000000000000000, -1.000000000000000000, -0.000000000000000000 ) ) ;
#466 = ORIENTED_EDGE ( 'NONE', *, *, #1439, .T. ) ;
#467 = FACE_OUTER_BOUND ( 'NONE', #1305, .T. ) ;
#468 = CARTESIAN_POINT ( 'NONE',  ( 3.695541772205989339, 1.099999999999997202, -1.198413955977071677 ) ) ;
#469 = FACE_OUTER_BOUND ( 'NONE', #38, .T. ) ;
#470 = AXIS2_PLACEMENT_3D ( 'NONE', #1690, #1464, #2209 ) ;
#471 = CARTESIAN_POINT ( 'NONE',  ( 3.272379330697433364, 1.975000000000000089, 3.272379330697435584 ) ) ;
#472 = CARTESIAN_POINT ( 'NONE',  ( -5.328135777188991895, 3.461315189585152829, -0.8891719629320976592 ) ) ;
#473 = ORIENTED_EDGE ( 'NONE', *, *, #1093, .F. ) ;
#474 = CARTESIAN_POINT ( 'NONE',  ( -1.938820742055831881, 1.099999999999996314, -2.666116578796182690 ) ) ;
#475 = CARTESIAN_POINT ( 'NONE',  ( 0.000000000000000000, 0.000000000000000000, -3.290000000000000036 ) ) ;
#476 = EDGE_CURVE ( 'NONE', #1670, #2000, #1098, .T. ) ;
#477 = CARTESIAN_POINT ( 'NONE',  ( -1.049999999999999600, 10.10000000000000142, -5.296933074902872463 ) ) ;
#478 = EDGE_LOOP ( 'NONE', ( #2114, #2292 ) ) ;
#479 = VERTEX_POINT ( 'NONE', #1708 ) ;
#480 = CARTESIAN_POINT ( 'NONE',  ( -4.996327913144486210, 7.600000000000002309, 2.048586679721718706 ) ) ;
#481 = CARTESIAN_POINT ( 'NONE',  ( -5.112278605011888466, 10.10000000000000142, -1.739139863477834558 ) ) ;
#482 = DIRECTION ( 'NONE',  ( 0.000000000000000000, 0.000000000000000000, -1.000000000000000000 ) ) ;
#483 = CYLINDRICAL_SURFACE ( 'NONE', #1719, 1.449999999999998623 ) ;
#484 = CARTESIAN_POINT ( 'NONE',  ( 1.644999999999999352, 2.183333333333333570, 2.849223578450803984 ) ) ;
#485 = CARTESIAN_POINT ( 'NONE',  ( 4.470153296551814037, -0.05833333333333340365, -1.197773965854377121 ) ) ;
#486 = ORIENTED_EDGE ( 'NONE', *, *, #760, .T. ) ;
#487 = DIRECTION ( 'NONE',  ( -0.000000000000000000, -1.000000000000000000, -0.000000000000000000 ) ) ;
#488 = CARTESIAN_POINT ( 'NONE',  ( -0.8815528430983937680, 4.891666666666667496, -3.290000000000000480 ) ) ;
#489 = CARTESIAN_POINT ( 'NONE',  ( -4.171190528742653392, 8.851443009871349688, -3.433437873351675940 ) ) ;
#490 =( BOUNDED_SURFACE ( )  B_SPLINE_SURFACE ( 1, 2, ( 
 ( #1446, #1663, #1853, #2181, #363, #1825, #1642 ),
 ( #2369, #1104, #1843, #920, #717, #1458, #2247 ) ),
 .UNSPECIFIED., .F., .F., .T. ) 
 B_SPLINE_SURFACE_WITH_KNOTS ( ( 2, 2 ),
 ( 3, 2, 2, 3 ),
 ( 0.000000000000000000, 1.000000000000000000 ),
 ( 0.000000000000000000, 0.02173913043478260809, 0.03000283781263311800, 0.03030286619075944765 ),
 .UNSPECIFIED. ) 
 GEOMETRIC_REPRESENTATION_ITEM ( )  RATIONAL_B_SPLINE_SURFACE ( (
 ( 1.000000000000000000, 0.9976687691905391508, 1.000000000000000000, 0.9991138279749778306, 0.9989013780496678319, 0.9989013780496678319, 0.9989013780496678319),
 ( 1.000000000000000000, 0.9976687691905391508, 1.000000000000000000, 0.9991138279749778306, 0.9989013780496678319, 0.9989013780496678319, 0.9989013780496678319) ) ) 
 REPRESENTATION_ITEM ( '' )  SURFACE ( )  );
#491 = ORIENTED_EDGE ( 'NONE', *, *, #914, .F. ) ;
#492 = CARTESIAN_POINT ( 'NONE',  ( -3.695541772205989339, 1.099999999999997202, 1.198413955977071677 ) ) ;
#493 = ADVANCED_FACE ( 'NONE', ( #1530 ), #1508, .T. ) ;
#494 = DIRECTION ( 'NONE',  ( 0.000000000000000000, 0.000000000000000000, -1.000000000000000000 ) ) ;
#495 = CIRCLE ( 'NONE', #2187, 3.290000000000000036 ) ;
#496 = CARTESIAN_POINT ( 'NONE',  ( -4.781585799167362261, 10.10000000000000142, -1.461655652060710020 ) ) ;
#497 = CIRCLE ( 'NONE', #1071, 5.400000000000032330 ) ;
#498 = ORIENTED_EDGE ( 'NONE', *, *, #914, .T. ) ;
#499 = CARTESIAN_POINT ( 'NONE',  ( 2.844017387405088026, 2.024999999999999911, -2.844017387405087138 ) ) ;
#500 = CARTESIAN_POINT ( 'NONE',  ( -4.470153296551812261, 4.058333333333334458, -1.197773965854380673 ) ) ;
#501 = CARTESIAN_POINT ( 'NONE',  ( -4.470153296551814037, -2.350000000000000089, -2.737179463160083933E-16 ) ) ;
#502 = CARTESIAN_POINT ( 'NONE',  ( 3.129557897183448567, 1.099999999999994538, -1.014873079836448255 ) ) ;
#503 = CARTESIAN_POINT ( 'NONE',  ( 2.849223578450804872, 0.9333333333333337922, -1.644999999999998019 ) ) ;
#504 = ORIENTED_EDGE ( 'NONE', *, *, #2270, .F. ) ;
#505 = ORIENTED_EDGE ( 'NONE', *, *, #1626, .T. ) ;
#506 = CARTESIAN_POINT ( 'NONE',  ( 1.761485870634748929, 4.520289855072464391, 5.104622172850223016 ) ) ;
#507 = CARTESIAN_POINT ( 'NONE',  ( -4.956770607776036286, 3.461315189598770825, -0.6687887556062711569 ) ) ;
#508 = CARTESIAN_POINT ( 'NONE',  ( 1.372031982919189375, 7.600000000000002309, 5.222789315858608283 ) ) ;
#509 = ADVANCED_FACE ( 'NONE', ( #258 ), #1785, .F. ) ;
#510 = AXIS2_PLACEMENT_3D ( 'NONE', #297, #1937, #2004 ) ;
#511 = VERTEX_POINT ( 'NONE', #697 ) ;
#512 = CARTESIAN_POINT ( 'NONE',  ( 0.03370008390007867699, 2.361466416093144893, -5.399897242328832725 ) ) ;
#513 =( NAMED_UNIT ( * ) SI_UNIT ( $, .STERADIAN. ) SOLID_ANGLE_UNIT ( ) );
#514 = ADVANCED_FACE ( 'NONE', ( #121 ), #2266, .F. ) ;
#515 = CARTESIAN_POINT ( 'NONE',  ( -3.290000000000000924, 2.441666666666666430, 0.8815528430983933239 ) ) ;
#516 = CARTESIAN_POINT ( 'NONE',  ( -1.645000000000000018, 4.683333333333333570, -2.849223578450803984 ) ) ;
#517 = ORIENTED_EDGE ( 'NONE', *, *, #108, .F. ) ;
#518 = VERTEX_POINT ( 'NONE', #646 ) ;
#519 = LINE ( 'NONE', #1032, #1452 ) ;
#520 = VERTEX_POINT ( 'NONE', #1223 ) ;
#521 = CARTESIAN_POINT ( 'NONE',  ( 0.000000000000000000, 1.099999999999996758, 0.000000000000000000 ) ) ;
#522 = CARTESIAN_POINT ( 'NONE',  ( 4.470153296551814925, 1.350000000000000089, 8.211538389480253280E-16 ) ) ;
#523 = EDGE_CURVE ( 'NONE', #2334, #1651, #137, .T. ) ;
#524 = CARTESIAN_POINT ( 'NONE',  ( -2.408447156901606157, 3.274999999999999911, -2.408447156901606157 ) ) ;
#525 = ADVANCED_FACE ( 'NONE', ( #1210 ), #685, .T. ) ;
#526 = CARTESIAN_POINT ( 'NONE',  ( -1.645000000000000240, -1.516666666666666607, -2.849223578450803984 ) ) ;
#527 = VERTEX_POINT ( 'NONE', #2323 ) ;
#528 = CARTESIAN_POINT ( 'NONE',  ( 1.472423620018831425, 2.970000000000001972, -2.942119760174735976 ) ) ;
#529 = CARTESIAN_POINT ( 'NONE',  ( 2.783419291034840537, 1.099999999999996536, 1.766176083893833626 ) ) ;
#530 = AXIS2_PLACEMENT_3D ( 'NONE', #1141, #260, #414 ) ;
#531 = VERTEX_POINT ( 'NONE', #2169 ) ;
#532 = FACE_OUTER_BOUND ( 'NONE', #724, .T. ) ;
#533 = CIRCLE ( 'NONE', #1875, 2.049999999999999822 ) ;
#534 = CARTESIAN_POINT ( 'NONE',  ( 3.290000000000000036, -0.9416666666666670960, 0.8815528430983945452 ) ) ;
#535 = EDGE_CURVE ( 'NONE', #574, #399, #519, .T. ) ;
#536 = DIRECTION ( 'NONE',  ( -0.000000000000000000, -1.000000000000000000, -0.000000000000000000 ) ) ;
#537 = CYLINDRICAL_SURFACE ( 'NONE', #109, 3.290000000000000036 ) ;
#538 = AXIS2_PLACEMENT_3D ( 'NONE', #1327, #1364, #87 ) ;
#539 = ORIENTED_EDGE ( 'NONE', *, *, #1436, .T. ) ;
#540 = CARTESIAN_POINT ( 'NONE',  ( -2.927554780991303840, 2.970000000000001084, 1.515315346650919937 ) ) ;
#541 = CARTESIAN_POINT ( 'NONE',  ( 3.135337837880356915, 1.099999999999997868, 1.017935814038275710 ) ) ;
#542 = EDGE_LOOP ( 'NONE', ( #164, #30, #1257, #590, #1239, #1966 ) ) ;
#543 = CARTESIAN_POINT ( 'NONE',  ( -2.844017387405088026, 2.024999999999999911, 2.844017387405087138 ) ) ;
#544 = AXIS2_PLACEMENT_3D ( 'NONE', #2115, #1195, #2293 ) ;
#545 = CARTESIAN_POINT ( 'NONE',  ( 0.000000000000000000, 10.10000000000000142, 0.000000000000000000 ) ) ;
#546 =( BOUNDED_SURFACE ( )  B_SPLINE_SURFACE ( 1, 2, ( 
 ( #1466, #1162, #831, #1757, #449, #608, #1191 ),
 ( #1339, #1920, #228, #2111, #1001, #254, #976 ) ),
 .UNSPECIFIED., .F., .F., .T. ) 
 B_SPLINE_SURFACE_WITH_KNOTS ( ( 2, 2 ),
 ( 3, 2, 2, 3 ),
 ( 0.000000000000000000, 1.000000000000000000 ),
 ( 0.000000000000000000, 0.02173913043478260809, 0.03000283781263311453, 0.03030286619075944418 ),
 .UNSPECIFIED. ) 
 GEOMETRIC_REPRESENTATION_ITEM ( )  RATIONAL_B_SPLINE_SURFACE ( (
 ( 1.000000000000000000, 0.9976687691905391508, 1.000000000000000000, 0.9991138279749778306, 0.9989013780496678319, 0.9989013780496678319, 0.9989013780496678319),
 ( 1.000000000000000000, 0.9976687691905391508, 1.000000000000000000, 0.9991138279749778306, 0.9989013780496678319, 0.9989013780496678319, 0.9989013780496678319) ) ) 
 REPRESENTATION_ITEM ( '' )  SURFACE ( )  );
#547 = PRESENTATION_LAYER_ASSIGNMENT (  '', '', ( #1588 ) ) ;
#548 = DIRECTION ( 'NONE',  ( -0.000000000000000000, -1.000000000000000000, -0.000000000000000000 ) ) ;
#549 = ADVANCED_FACE ( 'NONE', ( #1974 ), #1938, .T. ) ;
#550 = CARTESIAN_POINT ( 'NONE',  ( -4.345721529177773768, 2.400008418379259822, 3.282897550094893369 ) ) ;
#551 = CARTESIAN_POINT ( 'NONE',  ( -4.811405415273582342, 9.266666353709625881, -1.364105279844723517 ) ) ;
#552 = CARTESIAN_POINT ( 'NONE',  ( 0.000000000000000000, 5.100000000000000533, 3.290000000000000480 ) ) ;
#553 = EDGE_CURVE ( 'NONE', #2047, #1881, #1103, .T. ) ;
#554 = DIRECTION ( 'NONE',  ( 0.000000000000000000, 0.000000000000000000, 1.000000000000000000 ) ) ;
#555 = ORIENTED_EDGE ( 'NONE', *, *, #1219, .T. ) ;
#556 = FILL_AREA_STYLE_COLOUR ( '', #1609 ) ;
#557 = PRODUCT_DEFINITION_CONTEXT ( 'detailed design', #1636, 'design' ) ;
#558 = CARTESIAN_POINT ( 'NONE',  ( 5.209084217607091283, 7.600000000000002309, 1.423180105916573179 ) ) ;
#559 = LINE ( 'NONE', #2197, #1283 ) ;
#560 = DIRECTION ( 'NONE',  ( 0.000000000000000000, 0.000000000000000000, -1.000000000000000000 ) ) ;
#561 = FACE_OUTER_BOUND ( 'NONE', #113, .T. ) ;
#562 = CARTESIAN_POINT ( 'NONE',  ( -5.112278605011888466, 10.10000000000000142, -1.739139863477835446 ) ) ;
#563 = CARTESIAN_POINT ( 'NONE',  ( 0.000000000000000000, 14.89999999999999680, 0.000000000000000000 ) ) ;
#564 = EDGE_CURVE ( 'NONE', #936, #1194, #200, .T. ) ;
#565 = ORIENTED_EDGE ( 'NONE', *, *, #441, .T. ) ;
#566 = CARTESIAN_POINT ( 'NONE',  ( 4.586047459933390691, 3.461314598867145431, 2.854439762369364253 ) ) ;
#567 = AXIS2_PLACEMENT_3D ( 'NONE', #933, #1272, #2031 ) ;
#568 = VECTOR ( 'NONE', #952, 1000.000000000000114 ) ;
#569 = DIRECTION ( 'NONE',  ( -0.000000000000000000, -1.000000000000000000, -0.000000000000000000 ) ) ;
#570 = AXIS2_PLACEMENT_3D ( 'NONE', #631, #806, #978 ) ;
#571 = CIRCLE ( 'NONE', #1614, 3.884999999999999787 ) ;
#572 = CARTESIAN_POINT ( 'NONE',  ( 2.554536682596431439E-16, 7.600000000000001421, 1.984374999999999556 ) ) ;
#573 = CARTESIAN_POINT ( 'NONE',  ( 0.000000000000000000, 12.60000000000000142, 0.000000000000000000 ) ) ;
#574 = VERTEX_POINT ( 'NONE', #1760 ) ;
#575 = CARTESIAN_POINT ( 'NONE',  ( -3.158845601866227426, 2.970000000000003304, 0.9425430748886898247 ) ) ;
#576 = DIRECTION ( 'NONE',  ( -0.000000000000000000, -1.000000000000000000, -0.000000000000000000 ) ) ;
#577 = ORIENTED_EDGE ( 'NONE', *, *, #1312, .F. ) ;
#578 = CARTESIAN_POINT ( 'NONE',  ( -3.884999999999999787, 2.808003956277595137, -0.7895009817896792015 ) ) ;
#579 = EDGE_CURVE ( 'NONE', #1620, #202, #1846, .T. ) ;
#580 = CARTESIAN_POINT ( 'NONE',  ( 5.211387199661359659, 3.461315189585152829, 1.588757980927641533 ) ) ;
#581 =( BOUNDED_CURVE ( )  B_SPLINE_CURVE ( 2, ( #1898, #1863, #2281 ),
 .UNSPECIFIED., .F., .F. ) 
 B_SPLINE_CURVE_WITH_KNOTS ( ( 3, 3 ),
 ( 0.000000000000000000, 0.009741561899813145145 ),
 .UNSPECIFIED. ) 
 CURVE ( )  GEOMETRIC_REPRESENTATION_ITEM ( )  RATIONAL_B_SPLINE_CURVE ( ( 1.000000000000000000, 0.9989553478552766208, 0.9988469377154600704 ) ) 
 REPRESENTATION_ITEM ( '' )  );
#582 = CARTESIAN_POINT ( 'NONE',  ( 1.951563910473907981E-14, 10.10000000000000142, -1.593777193553691518E-14 ) ) ;
#583 = CIRCLE ( 'NONE', #2352, 5.000000000000000000 ) ;
#584 = ORIENTED_EDGE ( 'NONE', *, *, #1631, .T. ) ;
#585 = CARTESIAN_POINT ( 'NONE',  ( 3.884999999999999787, 1.350000000000000089, 7.136629222031199988E-16 ) ) ;
#586 =( GEOMETRIC_REPRESENTATION_CONTEXT ( 3 ) GLOBAL_UNCERTAINTY_ASSIGNED_CONTEXT ( ( #2382 ) ) GLOBAL_UNIT_ASSIGNED_CONTEXT ( ( #1050, #1608, #513 ) ) REPRESENTATION_CONTEXT ( 'NONE', 'WORKASPACE' ) );
#587 = DIRECTION ( 'NONE',  ( 0.000000000000000000, 0.000000000000000000, -1.000000000000000000 ) ) ;
#588 = CARTESIAN_POINT ( 'NONE',  ( -4.470153296551814925, 1.350000000000000089, -8.211538389480253280E-16 ) ) ;
#589 = CARTESIAN_POINT ( 'NONE',  ( 0.6876798516447469867, 7.310144927536232018, -5.368755042519480547 ) ) ;
#590 = ORIENTED_EDGE ( 'NONE', *, *, #203, .T. ) ;
#591 = CARTESIAN_POINT ( 'NONE',  ( 4.470153296551814037, -2.350000000000000089, 2.737179463160083933E-16 ) ) ;
#592 =( NAMED_UNIT ( * ) PLANE_ANGLE_UNIT ( ) SI_UNIT ( $, .RADIAN. ) );
#593 = CARTESIAN_POINT ( 'NONE',  ( 5.301475413726986829, 4.520289855072464391, 1.026819574048095429 ) ) ;
#594 = EDGE_CURVE ( 'NONE', #802, #574, #1024, .T. ) ;
#595 = CARTESIAN_POINT ( 'NONE',  ( -1.301042606982605321E-14, 10.10000000000000142, 4.553649124439118623E-15 ) ) ;
#596 = ORIENTED_EDGE ( 'NONE', *, *, #352, .T. ) ;
#597 =( BOUNDED_CURVE ( )  B_SPLINE_CURVE ( 2, ( #1994, #25, #1174 ),
 .UNSPECIFIED., .F., .F. ) 
 B_SPLINE_CURVE_WITH_KNOTS ( ( 3, 3 ),
 ( 0.2131118611180964351, 0.2499999999999955036 ),
 .UNSPECIFIED. ) 
 CURVE ( )  GEOMETRIC_REPRESENTATION_ITEM ( )  RATIONAL_B_SPLINE_CURVE ( ( 0.9930807555817504628, 0.9698336115487637965, 0.9999999999999963363 ) ) 
 REPRESENTATION_ITEM ( '' )  );
#598 = CARTESIAN_POINT ( 'NONE',  ( -3.290000000000000924, 2.650000000000000355, -2.014543984597396619E-16 ) ) ;
#599 = CARTESIAN_POINT ( 'NONE',  ( -2.235076648275909239, 0.5166666666666670515, 3.871266313624623479 ) ) ;
#600 = ORIENTED_EDGE ( 'NONE', *, *, #1356, .T. ) ;
#601 = DIRECTION ( 'NONE',  ( -0.000000000000000000, -1.000000000000000000, -0.000000000000000000 ) ) ;
#602 = CARTESIAN_POINT ( 'NONE',  ( -0.7240358500787704710, 7.600000000000002309, 5.351240238281281592 ) ) ;
#603 = CARTESIAN_POINT ( 'NONE',  ( 2.408447156901606601, 2.024999999999999911, -2.408447156901606157 ) ) ;
#604 = CARTESIAN_POINT ( 'NONE',  ( 3.290000000000000036, 4.058333333333334458, 0.8815528430983945452 ) ) ;
#605 = ORIENTED_EDGE ( 'NONE', *, *, #44, .T. ) ;
#606 = EDGE_CURVE ( 'NONE', #659, #812, #454, .T. ) ;
#607 = CARTESIAN_POINT ( 'NONE',  ( -3.290000000000000924, 2.441666666666666430, 0.8815528430983933239 ) ) ;
#608 = CARTESIAN_POINT ( 'NONE',  ( -0.1873810531506628074, 2.361466416093144893, 4.996489824469540153 ) ) ;
#609 = CARTESIAN_POINT ( 'NONE',  ( -1.197773965854377565, 2.391666666666666163, -4.470153296551814925 ) ) ;
#610 = CARTESIAN_POINT ( 'NONE',  ( 4.757752814687467645E-16, 1.400000000000000133, -3.884999999999999787 ) ) ;
#611 = ORIENTED_EDGE ( 'NONE', *, *, #2270, .T. ) ;
#612 = CARTESIAN_POINT ( 'NONE',  ( 3.871266313624623479, 3.066666666666666874, 2.235076648275907463 ) ) ;
#613 = CARTESIAN_POINT ( 'NONE',  ( 4.838238867220968409, 8.433332707419253893, 1.265642109103739088 ) ) ;
#614 = CARTESIAN_POINT ( 'NONE',  ( -2.408447156901605712, 4.475000000000000533, -2.408447156901605712 ) ) ;
#615 = CARTESIAN_POINT ( 'NONE',  ( -2.408447156901606157, 0.7249999999999999778, 2.408447156901605268 ) ) ;
#616 = VERTEX_POINT ( 'NONE', #821 ) ;
#617 = CARTESIAN_POINT ( 'NONE',  ( -4.029087969194793237E-16, 1.400000000000000133, 3.290000000000000924 ) ) ;
#618 = CARTESIAN_POINT ( 'NONE',  ( -2.408447156901606157, 2.024999999999999911, 2.408447156901605712 ) ) ;
#619 = CARTESIAN_POINT ( 'NONE',  ( 3.871266313624624367, 4.266666666666666607, 2.235076648275907907 ) ) ;
#620 = ORIENTED_EDGE ( 'NONE', *, *, #1711, .F. ) ;
#621 = ADVANCED_FACE ( 'NONE', ( #1832 ), #1370, .F. ) ;
#622 = CARTESIAN_POINT ( 'NONE',  ( 2.408447156901606157, 2.024999999999999911, -2.408447156901605712 ) ) ;
#623 = CARTESIAN_POINT ( 'NONE',  ( -5.112278605011923993, 10.10000000000000142, 1.739139863477727976 ) ) ;
#624 = CARTESIAN_POINT ( 'NONE',  ( 0.8815528430983923247, 2.391666666666666163, 3.290000000000001368 ) ) ;
#625 = CARTESIAN_POINT ( 'NONE',  ( 0.8815528430983947672, 1.608333333333333393, -3.290000000000000480 ) ) ;
#626 = ORIENTED_EDGE ( 'NONE', *, *, #1262, .T. ) ;
#627 = VERTEX_POINT ( 'NONE', #528 ) ;
#628 = DIRECTION ( 'NONE',  ( 0.000000000000000000, 0.000000000000000000, -1.000000000000000000 ) ) ;
#629 = DIRECTION ( 'NONE',  ( -0.000000000000000000, -1.000000000000000000, -0.000000000000000000 ) ) ;
#630 = CARTESIAN_POINT ( 'NONE',  ( 3.837052234687917007, 7.600000000000002309, -3.799609209942050647 ) ) ;
#631 = CARTESIAN_POINT ( 'NONE',  ( 0.000000000000000000, 7.600000000000000533, 0.000000000000000000 ) ) ;
#632 = ORIENTED_EDGE ( 'NONE', *, *, #1, .F. ) ;
#633 = CARTESIAN_POINT ( 'NONE',  ( -1.644999999999999574, 0.9833333333333335036, -2.849223578450804428 ) ) ;
#634 = ADVANCED_FACE ( 'NONE', ( #2357 ), #702, .F. ) ;
#635 = CARTESIAN_POINT ( 'NONE',  ( 3.656623825853311693, 10.10000000000000142, 3.410146946423556980 ) ) ;
#636 = CARTESIAN_POINT ( 'NONE',  ( -0.8815528430983923247, 2.391666666666666607, -3.290000000000001368 ) ) ;
#637 = CARTESIAN_POINT ( 'NONE',  ( 2.849223578450803984, 2.233333333333333837, -1.644999999999999796 ) ) ;
#638 = EDGE_LOOP ( 'NONE', ( #1337, #2180 ) ) ;
#639 = CARTESIAN_POINT ( 'NONE',  ( 4.862037714821945578, 7.600000000000003197, 1.166442994598971161 ) ) ;
#640 = VECTOR ( 'NONE', #2250, 1000.000000000000000 ) ;
#641 = CARTESIAN_POINT ( 'NONE',  ( -3.441188122800092675, 7.600000000000001421, 3.627426677894340035 ) ) ;
#642 = DIRECTION ( 'NONE',  ( -0.000000000000000000, -1.000000000000000000, -0.000000000000000000 ) ) ;
#643 = ORIENTED_EDGE ( 'NONE', *, *, #476, .T. ) ;
#644 = ORIENTED_EDGE ( 'NONE', *, *, #1537, .T. ) ;
#645 = CARTESIAN_POINT ( 'NONE',  ( 0.000000000000000000, 1.099999999999996758, 0.000000000000000000 ) ) ;
#646 = CARTESIAN_POINT ( 'NONE',  ( 0.000000000000000000, 7.600000000000001421, -3.290000000000000036 ) ) ;
#647 = CARTESIAN_POINT ( 'NONE',  ( 4.062278605011893973, 10.10000000000000142, 3.557793211425117619 ) ) ;
#648 = CARTESIAN_POINT ( 'NONE',  ( -4.827849718688064229, 4.520289855072464391, 2.419063267829835606 ) ) ;
#649 = CARTESIAN_POINT ( 'NONE',  ( 0.000000000000000000, 5.100000000000000533, -3.290000000000000480 ) ) ;
#650 = EDGE_CURVE ( 'NONE', #683, #932, #319, .T. ) ;
#651 = CIRCLE ( 'NONE', #1275, 3.290000000000000036 ) ;
#652 = CARTESIAN_POINT ( 'NONE',  ( 3.290000000000000924, 2.650000000000000355, 2.014543984597396619E-16 ) ) ;
#653 = EDGE_LOOP ( 'NONE', ( #433, #1844, #343, #1043, #789 ) ) ;
#654 = EDGE_CURVE ( 'NONE', #770, #1854, #101, .T. ) ;
#655 = CARTESIAN_POINT ( 'NONE',  ( -3.296528126400876335, 1.099999999999998757, -0.001785220062588603693 ) ) ;
#656 = DIRECTION ( 'NONE',  ( -0.000000000000000000, -1.000000000000000000, -0.000000000000000000 ) ) ;
#657 = CIRCLE ( 'NONE', #1349, 3.884999999999999787 ) ;
#658 = CARTESIAN_POINT ( 'NONE',  ( 0.000000000000000000, 2.970000000000001972, 0.000000000000000000 ) ) ;
#659 = VERTEX_POINT ( 'NONE', #2027 ) ;
#660 = CARTESIAN_POINT ( 'NONE',  ( 1.366673432926284404, 2.400008418351982975, 5.272088358640409034 ) ) ;
#661 = CARTESIAN_POINT ( 'NONE',  ( 3.290000000000000924, -2.350000000000000089, 2.014543984597396619E-16 ) ) ;
#662 = DIRECTION ( 'NONE',  ( 0.000000000000000000, 1.000000000000000000, 0.000000000000000000 ) ) ;
#663 = VECTOR ( 'NONE', #416, 1000.000000000000000 ) ;
#664 = CARTESIAN_POINT ( 'NONE',  ( 5.112278605011911559, 10.10000000000000142, -1.739139863477764392 ) ) ;
#665 = CARTESIAN_POINT ( 'NONE',  ( -4.470153296551814925, -1.149999999999999911, -2.737179463160084427E-16 ) ) ;
#666 = CARTESIAN_POINT ( 'NONE',  ( 0.8815528430983937680, -0.1083333333333335452, 3.290000000000000480 ) ) ;
#667 = EDGE_LOOP ( 'NONE', ( #2074, #1091 ) ) ;
#668 = DIRECTION ( 'NONE',  ( 0.000000000000000000, 0.000000000000000000, -1.000000000000000000 ) ) ;
#669 = ADVANCED_FACE ( 'NONE', ( #1467 ), #419, .F. ) ;
#670 = CARTESIAN_POINT ( 'NONE',  ( 0.000000000000000000, 0.1000000000000002554, -3.290000000000000480 ) ) ;
#671 = DIRECTION ( 'NONE',  ( 0.000000000000000000, 0.000000000000000000, -1.000000000000000000 ) ) ;
#672 = VERTEX_POINT ( 'NONE', #630 ) ;
#673 = CARTESIAN_POINT ( 'NONE',  ( -0.8815528430983964325, -0.8916666666666669405, 3.290000000000000036 ) ) ;
#674 =( BOUNDED_CURVE ( )  B_SPLINE_CURVE ( 1, ( #692, #1211 ),
 .UNSPECIFIED., .F., .T. ) 
 B_SPLINE_CURVE_WITH_KNOTS ( ( 2, 2 ),
 ( 0.0003853400885391332939, 0.0009803400885391314393 ),
 .UNSPECIFIED. ) 
 CURVE ( )  GEOMETRIC_REPRESENTATION_ITEM ( )  RATIONAL_B_SPLINE_CURVE ( ( 0.9877383016131948690, 0.9877383016131948690 ) ) 
 REPRESENTATION_ITEM ( '' )  );
#675 = DIRECTION ( 'NONE',  ( 0.000000000000000000, 0.000000000000000000, -1.000000000000000000 ) ) ;
#676 = EDGE_LOOP ( 'NONE', ( #2154, #2339, #696, #1680 ) ) ;
#677 = CARTESIAN_POINT ( 'NONE',  ( -1.197773965854379563, 4.891666666666667496, -4.470153296551814037 ) ) ;
#678 = CARTESIAN_POINT ( 'NONE',  ( 0.000000000000000000, 3.900000000000000355, -4.470153296551814037 ) ) ;
#679 = MECHANICAL_DESIGN_GEOMETRIC_PRESENTATION_REPRESENTATION (  '', ( #2338 ), #1263 ) ;
#680 = CARTESIAN_POINT ( 'NONE',  ( 3.290000000000001812, -0.05833333333333340365, -0.8815528430983923247 ) ) ;
#681 = EDGE_CURVE ( 'NONE', #1146, #1232, #1123, .T. ) ;
#682 = CARTESIAN_POINT ( 'NONE',  ( -4.062278605011867327, 10.10000000000000142, -3.557793211425143820 ) ) ;
#683 = VERTEX_POINT ( 'NONE', #767 ) ;
#684 = CARTESIAN_POINT ( 'NONE',  ( -0.7240358500787704710, 7.600000000000002309, 5.351240238281281592 ) ) ;
#685 = CYLINDRICAL_SURFACE ( 'NONE', #1763, 5.000000000000000000 ) ;
#686 = CIRCLE ( 'NONE', #750, 3.884999999999999787 ) ;
#687 = CARTESIAN_POINT ( 'NONE',  ( -4.508895102646462760, 4.520289855072464391, -2.971508868122513025 ) ) ;
#688 = AXIS2_PLACEMENT_3D ( 'NONE', #1868, #938, #1679 ) ;
#689 = ORIENTED_EDGE ( 'NONE', *, *, #1183, .F. ) ;
#690 = CARTESIAN_POINT ( 'NONE',  ( 1.040982612594912649, 1.608333333333333393, -3.884999999999998899 ) ) ;
#691 = CARTESIAN_POINT ( 'NONE',  ( -1.645000000000001572, 1.816666666666666874, 2.849223578450803540 ) ) ;
#692 = CARTESIAN_POINT ( 'NONE',  ( 3.576844790651160899, 2.970000000000000639, 1.516379353457322221 ) ) ;
#693 = CARTESIAN_POINT ( 'NONE',  ( 1.224352881854834818, 9.266666353709625881, 4.848851957455286410 ) ) ;
#694 = CARTESIAN_POINT ( 'NONE',  ( -3.539989543092275870, 4.520289855072464391, 4.077802598802120926 ) ) ;
#695 = EDGE_CURVE ( 'NONE', #295, #1547, #59, .T. ) ;
#696 = ORIENTED_EDGE ( 'NONE', *, *, #2300, .F. ) ;
#697 = CARTESIAN_POINT ( 'NONE',  ( 1.420849592021889540, 7.600000000000001421, 4.793869672493320522 ) ) ;
#698 = CARTESIAN_POINT ( 'NONE',  ( -4.062278605011867327, 10.10000000000000142, -3.557793211425143820 ) ) ;
#699 = EDGE_CURVE ( 'NONE', #176, #2178, #2218, .T. ) ;
#700 = EDGE_LOOP ( 'NONE', ( #718, #486, #197, #334, #1923, #797, #1235, #807, #1715, #2303, #35, #998, #708, #2050, #213, #555, #1267, #1578, #33, #1649, #2139, #2084, #895, #1253 ) ) ;
#701 = CARTESIAN_POINT ( 'NONE',  ( -4.996327913144486210, 7.600000000000002309, 2.048586679721718706 ) ) ;
#702 =( BOUNDED_SURFACE ( )  B_SPLINE_SURFACE ( 1, 2, ( 
 ( #725, #1101, #2007, #156, #1650 ),
 ( #16, #905, #736, #1671, #1268 ) ),
 .UNSPECIFIED., .F., .F., .T. ) 
 B_SPLINE_SURFACE_WITH_KNOTS ( ( 2, 2 ),
 ( 3, 2, 3 ),
 ( 0.000000000000000000, 1.000000000000000000 ),
 ( 0.000000000000000000, 0.02173913043478260809, 0.03000283320694753508 ),
 .UNSPECIFIED. ) 
 GEOMETRIC_REPRESENTATION_ITEM ( )  RATIONAL_B_SPLINE_SURFACE ( (
 ( 1.000000000000000000, 0.9976687691905391508, 1.000000000000000000, 0.9991138284688758642, 0.9989013782864812896),
 ( 1.000000000000000000, 0.9976687691905391508, 1.000000000000000000, 0.9991138284688758642, 0.9989013782864812896) ) ) 
 REPRESENTATION_ITEM ( '' )  SURFACE ( )  );
#703 = CARTESIAN_POINT ( 'NONE',  ( 3.289999999999999591, 1.558333333333333348, 0.8815528430983960995 ) ) ;
#704 = CARTESIAN_POINT ( 'NONE',  ( -4.510225898727288296, 4.520289855072463503, 3.052961558229625005 ) ) ;
#705 = EDGE_LOOP ( 'NONE', ( #1734, #341, #632, #1685 ) ) ;
#706 = CARTESIAN_POINT ( 'NONE',  ( -2.849223578450803096, 1.766666666666666829, -1.645000000000001794 ) ) ;
#707 = DIRECTION ( 'NONE',  ( 0.000000000000000000, 0.000000000000000000, -1.000000000000000000 ) ) ;
#708 = ORIENTED_EDGE ( 'NONE', *, *, #745, .F. ) ;
#709 = CARTESIAN_POINT ( 'NONE',  ( -1.207875103017111096, 1.100000000000000311, -3.060251253657355175 ) ) ;
#710 = CARTESIAN_POINT ( 'NONE',  ( 2.849223578450804872, 0.9333333333333337922, -1.644999999999998019 ) ) ;
#711 = EDGE_CURVE ( 'NONE', #427, #531, #1705, .T. ) ;
#712 = CARTESIAN_POINT ( 'NONE',  ( -2.849223578450803984, 2.233333333333333837, 1.644999999999999796 ) ) ;
#713 = CARTESIAN_POINT ( 'NONE',  ( 0.000000000000000000, 0.000000000000000000, 0.000000000000000000 ) ) ;
#714 = DIRECTION ( 'NONE',  ( 0.000000000000000000, -0.9858558466698172928, -0.1675954939338690775 ) ) ;
#715 = ORIENTED_EDGE ( 'NONE', *, *, #1965, .T. ) ;
#716 = CARTESIAN_POINT ( 'NONE',  ( -3.290000000000001368, 1.141666666666666607, 0.8815528430983922137 ) ) ;
#717 = CARTESIAN_POINT ( 'NONE',  ( 4.695812240465103038, 2.400007235084461232, -2.666335950756790307 ) ) ;
#718 = ORIENTED_EDGE ( 'NONE', *, *, #929, .F. ) ;
#719 = CARTESIAN_POINT ( 'NONE',  ( 4.235908879153468476, 2.322925597129473108, 2.656532489531950869 ) ) ;
#720 = AXIS2_PLACEMENT_3D ( 'NONE', #2085, #438, #1517 ) ;
#721 = CARTESIAN_POINT ( 'NONE',  ( -3.364508693702543241, 1.766666666666666829, -1.942500000000001448 ) ) ;
#722 = DIRECTION ( 'NONE',  ( 0.000000000000000000, 0.000000000000000000, 1.000000000000000000 ) ) ;
#723 = CARTESIAN_POINT ( 'NONE',  ( 0.000000000000000000, 0.000000000000000000, 0.000000000000000000 ) ) ;
#724 = EDGE_LOOP ( 'NONE', ( #330, #1409, #1344, #1362 ) ) ;
#725 = CARTESIAN_POINT ( 'NONE',  ( 4.062278605011915289, 10.10000000000000142, -3.557793211425087865 ) ) ;
#726 = EDGE_LOOP ( 'NONE', ( #1987, #271, #1814, #827 ) ) ;
#727 = CARTESIAN_POINT ( 'NONE',  ( 0.8248691392579263759, 7.600000000000000533, -4.931489724525428997 ) ) ;
#728 = ORIENTED_EDGE ( 'NONE', *, *, #760, .F. ) ;
#729 =( LENGTH_UNIT ( ) NAMED_UNIT ( * ) SI_UNIT ( .MILLI., .METRE. ) );
#730 = CARTESIAN_POINT ( 'NONE',  ( -1.942499999999998561, 2.183333333333333570, -3.364508693702544129 ) ) ;
#731 = CIRCLE ( 'NONE', #57, 5.400000000000012790 ) ;
#732 = DIRECTION ( 'NONE',  ( 0.000000000000000000, 0.000000000000000000, -1.000000000000000000 ) ) ;
#733 = ADVANCED_FACE ( 'NONE', ( #1693 ), #1516, .T. ) ;
#734 = CARTESIAN_POINT ( 'NONE',  ( -0.7240358500787704710, 7.600000000000002309, 5.351240238281281592 ) ) ;
#735 = ORIENTED_EDGE ( 'NONE', *, *, #840, .F. ) ;
#736 = CARTESIAN_POINT ( 'NONE',  ( 3.158217551594205030, 4.520289855072464391, -3.876294867112445530 ) ) ;
#737 = CARTESIAN_POINT ( 'NONE',  ( 1.738712998107333485, 2.970000000000000639, -3.474205248716978556 ) ) ;
#738 = VERTEX_POINT ( 'NONE', #1340 ) ;
#739 = CARTESIAN_POINT ( 'NONE',  ( 3.889884267333224344, 7.310144927536232018, 3.160027024512553684 ) ) ;
#740 = FACE_OUTER_BOUND ( 'NONE', #1160, .T. ) ;
#741 =( BOUNDED_SURFACE ( )  B_SPLINE_SURFACE ( 3, 2, ( 
 ( #31, #934, #189, #1109, #1689 ),
 ( #1676, #2207, #761, #924, #1666 ),
 ( #946, #11, #1510, #580, #2239 ),
 ( #357, #401, #593, #2196, #1865 ) ),
 .UNSPECIFIED., .F., .F., .F. ) 
 B_SPLINE_SURFACE_WITH_KNOTS ( ( 4, 4 ),
 ( 3, 2, 3 ),
 ( 0.000000000000000000, 1.000000000000000000 ),
 ( 0.000000000000000000, 0.02173913043478260809, 0.03000283320694692446 ),
 .UNSPECIFIED. ) 
 GEOMETRIC_REPRESENTATION_ITEM ( )  RATIONAL_B_SPLINE_SURFACE ( (
 ( 1.000000000000000000, 0.9976687691905391508, 1.000000000000000000, 0.9991138284688759752, 0.9989013782864812896),
 ( 0.9872756882596137595, 0.9849741207577112911, 0.9872756882596137595, 0.9864007926513072011, 0.9861910457512625960),
 ( 0.9872756882596137595, 0.9849741207577112911, 0.9872756882596137595, 0.9864007926513072011, 0.9861910457512625960),
 ( 1.000000000000000000, 0.9976687691905391508, 1.000000000000000000, 0.9991138284688759752, 0.9989013782864812896) ) ) 
 REPRESENTATION_ITEM ( '' )  SURFACE ( )  );
#742 = CARTESIAN_POINT ( 'NONE',  ( 2.510525938252073693E-16, 12.60000000000000142, 2.049999999999999822 ) ) ;
#743 = CARTESIAN_POINT ( 'NONE',  ( 2.464601683284048111E-16, 14.89999999999999680, 1.975000000000000089 ) ) ;
#744 = CARTESIAN_POINT ( 'NONE',  ( 1.426320600371284053, 1.099999999999996758, 3.613700948467719609 ) ) ;
#745 = EDGE_CURVE ( 'NONE', #1620, #2308, #253, .T. ) ;
#746 = CARTESIAN_POINT ( 'NONE',  ( -3.279556831351871260, 2.970000000000000639, 0.3331710785865432123 ) ) ;
#747 = CARTESIAN_POINT ( 'NONE',  ( 2.401636224761866334, 1.099999999999996092, 2.258016678574815028 ) ) ;
#748 = VERTEX_POINT ( 'NONE', #977 ) ;
#749 = CARTESIAN_POINT ( 'NONE',  ( 2.877919977996279827E-16, 14.89999999999999680, 2.350000000000000089 ) ) ;
#750 = AXIS2_PLACEMENT_3D ( 'NONE', #1476, #1099, #163 ) ;
#751 = LINE ( 'NONE', #742, #1472 ) ;
#752 = VERTEX_POINT ( 'NONE', #1909 ) ;
#753 =( BOUNDED_CURVE ( )  B_SPLINE_CURVE ( 1, ( #1648, #734 ),
 .UNSPECIFIED., .F., .F. ) 
 B_SPLINE_CURVE_WITH_KNOTS ( ( 2, 2 ),
 ( 0.000000000000000000, 0.0004316887992791891711 ),
 .UNSPECIFIED. ) 
 CURVE ( )  GEOMETRIC_REPRESENTATION_ITEM ( )  RATIONAL_B_SPLINE_CURVE ( ( 0.9988469377154600704, 0.9988469377154600704 ) ) 
 REPRESENTATION_ITEM ( '' )  );
#754 = CARTESIAN_POINT ( 'NONE',  ( -3.029039732623504566, 2.970000000000001084, -1.284141074098999358 ) ) ;
#755 = CARTESIAN_POINT ( 'NONE',  ( -3.656623825853286380, 10.10000000000000142, -3.410146946423580072 ) ) ;
#756 = CARTESIAN_POINT ( 'NONE',  ( 3.290000000000000036, -0.9416666666666670960, 0.8815528430983945452 ) ) ;
#757 = CARTESIAN_POINT ( 'NONE',  ( 4.062278605011916177, 10.10000000000000142, -3.557793211425086977 ) ) ;
#758 = EDGE_LOOP ( 'NONE', ( #949, #875, #138, #1315, #1113, #1400 ) ) ;
#759 = CARTESIAN_POINT ( 'NONE',  ( 4.062278605011916177, 10.10000000000000142, -3.557793211425086977 ) ) ;
#760 = EDGE_CURVE ( 'NONE', #418, #659, #2, .T. ) ;
#761 = CARTESIAN_POINT ( 'NONE',  ( 4.899055215567838850, 4.520289855072463503, 2.379489425989500084 ) ) ;
#762 = CARTESIAN_POINT ( 'NONE',  ( 4.862037714821945578, 7.600000000000003197, 1.166442994598971161 ) ) ;
#763 = VERTEX_POINT ( 'NONE', #1002 ) ;
#764 = CARTESIAN_POINT ( 'NONE',  ( 0.000000000000000000, 12.60000000000000142, 0.000000000000000000 ) ) ;
#765 = AXIS2_PLACEMENT_3D ( 'NONE', #582, #12, #959 ) ;
#766 = ORIENTED_EDGE ( 'NONE', *, *, #1645, .F. ) ;
#767 = CARTESIAN_POINT ( 'NONE',  ( -3.029039732623504566, 2.970000000000001084, -1.284141074098999358 ) ) ;
#768 = CARTESIAN_POINT ( 'NONE',  ( 4.883928956521971898, 10.10000000000000142, -2.410383762230499105 ) ) ;
#769 = B_SPLINE_CURVE_WITH_KNOTS ( 'NONE', 1,
 ( #2094, #989 ),
 .UNSPECIFIED., .F., .F.,
 ( 2, 2 ),
 ( 0.000000000000000000, 1.000000000000000000 ),
 .UNSPECIFIED. ) ;
#770 = VERTEX_POINT ( 'NONE', #268 ) ;
#771 = CARTESIAN_POINT ( 'NONE',  ( -3.272379330697434252, -0.4750000000000000888, 3.272379330697433364 ) ) ;
#772 = FACE_OUTER_BOUND ( 'NONE', #208, .T. ) ;
#773 = CARTESIAN_POINT ( 'NONE',  ( -2.849223578450803540, 4.266666666666666607, -1.645000000000000684 ) ) ;
#774 = EDGE_CURVE ( 'NONE', #1654, #2038, #1414, .T. ) ;
#775 = CARTESIAN_POINT ( 'NONE',  ( -2.408447156901606601, -0.4750000000000000888, 2.408447156901605268 ) ) ;
#776 = ORIENTED_EDGE ( 'NONE', *, *, #792, .F. ) ;
#777 = DIRECTION ( 'NONE',  ( -0.000000000000000000, -1.000000000000000000, -0.000000000000000000 ) ) ;
#778 = CARTESIAN_POINT ( 'NONE',  ( -1.645000000000000240, 3.483333333333333393, -2.849223578450803984 ) ) ;
#779 = DIRECTION ( 'NONE',  ( -0.000000000000000000, -1.000000000000000000, -0.000000000000000000 ) ) ;
#780 = CARTESIAN_POINT ( 'NONE',  ( -0.3545109072998502420, 10.10000000000000142, -5.434798427741701410 ) ) ;
#781 = ORIENTED_EDGE ( 'NONE', *, *, #999, .F. ) ;
#782 = CARTESIAN_POINT ( 'NONE',  ( 4.659598147730417139, 2.361466416120652223, 2.729133749934709474 ) ) ;
#783 = DIRECTION ( 'NONE',  ( 1.000000000000000000, 0.000000000000000000, 0.000000000000000000 ) ) ;
#784 = CARTESIAN_POINT ( 'NONE',  ( 3.193906682422370746, 1.099999999999996758, -0.8164411251223829824 ) ) ;
#785 = CARTESIAN_POINT ( 'NONE',  ( -3.858365761719037224, 7.600000000000000533, -3.180096484195766848 ) ) ;
#786 = CONICAL_SURFACE ( 'NONE', #981, 2.187499999999999556, 0.03123983343026818377 ) ;
#787 = EDGE_CURVE ( 'NONE', #627, #993, #915, .T. ) ;
#788 = CARTESIAN_POINT ( 'NONE',  ( 1.645000000000001350, 3.016666666666667052, -2.849223578450803096 ) ) ;
#789 = ORIENTED_EDGE ( 'NONE', *, *, #367, .F. ) ;
#790 = AXIS2_PLACEMENT_3D ( 'NONE', #2015, #350, #560 ) ;
#791 = CARTESIAN_POINT ( 'NONE',  ( -3.656623825853286380, 10.10000000000000142, -3.410146946423580072 ) ) ;
#792 = EDGE_CURVE ( 'NONE', #833, #1759, #813, .T. ) ;
#793 = AXIS2_PLACEMENT_3D ( 'NONE', #2130, #2324, #482 ) ;
#794 = CARTESIAN_POINT ( 'NONE',  ( -3.290000000000000924, 2.650000000000000355, -2.014543984597396619E-16 ) ) ;
#795 = CARTESIAN_POINT ( 'NONE',  ( 0.000000000000000000, 19.89999999999999858, 0.000000000000000000 ) ) ;
#796 = CARTESIAN_POINT ( 'NONE',  ( 0.000000000000000000, 7.600000000000001421, 0.000000000000000000 ) ) ;
#797 = ORIENTED_EDGE ( 'NONE', *, *, #17, .T. ) ;
#798 = CARTESIAN_POINT ( 'NONE',  ( 5.474358926320167867E-16, 1.400000000000000133, -4.470153296551814037 ) ) ;
#799 = CARTESIAN_POINT ( 'NONE',  ( 0.000000000000000000, 10.10000000000000142, 0.000000000000000000 ) ) ;
#800 = CARTESIAN_POINT ( 'NONE',  ( -1.644999999999999352, 2.183333333333333570, -2.849223578450803984 ) ) ;
#801 = CARTESIAN_POINT ( 'NONE',  ( 2.849223578450803984, 3.066666666666666874, 1.645000000000000906 ) ) ;
#802 = VERTEX_POINT ( 'NONE', #1371 ) ;
#803 = CARTESIAN_POINT ( 'NONE',  ( 2.844017387405086250, 1.975000000000000089, 2.844017387405088915 ) ) ;
#804 = CARTESIAN_POINT ( 'NONE',  ( -4.470153296551812261, 1.558333333333333348, -1.197773965854382672 ) ) ;
#805 = EDGE_CURVE ( 'NONE', #1387, #511, #1490, .T. ) ;
#806 = DIRECTION ( 'NONE',  ( -0.000000000000000000, -1.000000000000000000, -0.000000000000000000 ) ) ;
#807 = ORIENTED_EDGE ( 'NONE', *, *, #1779, .T. ) ;
#808 = CARTESIAN_POINT ( 'NONE',  ( 3.272379330697433808, 2.024999999999999911, -3.272379330697433364 ) ) ;
#809 = CARTESIAN_POINT ( 'NONE',  ( -1.050000000000000044, 10.10000000000000142, 5.296933074902872463 ) ) ;
#810 = DIRECTION ( 'NONE',  ( -0.000000000000000000, -1.000000000000000000, -0.000000000000000000 ) ) ;
#811 = CARTESIAN_POINT ( 'NONE',  ( -3.290000000000001812, -0.05833333333333340365, 0.8815528430983923247 ) ) ;
#812 = VERTEX_POINT ( 'NONE', #1926 ) ;
#813 = B_SPLINE_CURVE_WITH_KNOTS ( 'NONE', 1,
 ( #635, #1347 ),
 .UNSPECIFIED., .F., .F.,
 ( 2, 2 ),
 ( 0.000000000000000000, 1.000000000000000000 ),
 .UNSPECIFIED. ) ;
#814 = CARTESIAN_POINT ( 'NONE',  ( -2.888120457860279267, 1.099999999999997202, -1.589179065699543481 ) ) ;
#815 = CARTESIAN_POINT ( 'NONE',  ( 2.024006974623380639, 2.400008418379260711, 5.006335562732077804 ) ) ;
#816 = CARTESIAN_POINT ( 'NONE',  ( -3.057573356007120768, 3.461315189585075114, 3.958294889264010852 ) ) ;
#817 =( BOUNDED_CURVE ( )  B_SPLINE_CURVE ( 2, ( #65, #1551, #1720 ),
 .UNSPECIFIED., .F., .F. ) 
 B_SPLINE_CURVE_WITH_KNOTS ( ( 3, 3 ),
 ( 0.000000000000000000, 0.3246877118238139515 ),
 .UNSPECIFIED. ) 
 CURVE ( )  GEOMETRIC_REPRESENTATION_ITEM ( )  RATIONAL_B_SPLINE_CURVE ( ( 1.000000000000000000, 0.9989553478551193022, 0.9988469377154274298 ) ) 
 REPRESENTATION_ITEM ( '' )  );
#818 = EDGE_CURVE ( 'NONE', #1620, #1507, #1249, .T. ) ;
#819 = ORIENTED_EDGE ( 'NONE', *, *, #2345, .F. ) ;
#820 = CARTESIAN_POINT ( 'NONE',  ( 0.000000000000000000, 1.099999999999996758, 3.290000000000000036 ) ) ;
#821 = CARTESIAN_POINT ( 'NONE',  ( 0.000000000000000000, 12.60000000000000142, -2.049999999999999822 ) ) ;
#822 = DIRECTION ( 'NONE',  ( 0.000000000000000000, 0.000000000000000000, 1.000000000000000000 ) ) ;
#823 = ADVANCED_FACE ( 'NONE', ( #1198 ), #830, .T. ) ;
#824 = CARTESIAN_POINT ( 'NONE',  ( -4.781585799167391571, 10.10000000000000142, 1.461655652060612542 ) ) ;
#825 = DIRECTION ( 'NONE',  ( -0.000000000000000000, -1.000000000000000000, -0.000000000000000000 ) ) ;
#826 = CARTESIAN_POINT ( 'NONE',  ( 0.000000000000000000, -1.099999999999999867, 3.290000000000000924 ) ) ;
#827 = ORIENTED_EDGE ( 'NONE', *, *, #1522, .F. ) ;
#828 = CIRCLE ( 'NONE', #1180, 5.000000000000000000 ) ;
#829 = CARTESIAN_POINT ( 'NONE',  ( -1.207875103017111096, 1.100000000000000311, -3.060251253657355175 ) ) ;
#830 = CONICAL_SURFACE ( 'NONE', #2101, 2.475000000000000089, 0.1683901571475300285 ) ;
#831 = CARTESIAN_POINT ( 'NONE',  ( -0.4511069818935508069, 4.520289855072464391, 4.979608668448443964 ) ) ;
#832 = CARTESIAN_POINT ( 'NONE',  ( -1.091247263997687345, 4.520289855072463503, -5.335905859588960354 ) ) ;
#833 = VERTEX_POINT ( 'NONE', #1751 ) ;
#834 = CARTESIAN_POINT ( 'NONE',  ( 0.5298775802252554401, 3.461315189585152829, 5.422355412247536144 ) ) ;
#835 = CARTESIAN_POINT ( 'NONE',  ( 2.849223578450803984, -1.933333333333333348, 1.645000000000000906 ) ) ;
#836 =( BOUNDED_SURFACE ( )  B_SPLINE_SURFACE ( 1, 2, ( 
 ( #237, #1942, #1214, #2287, #801, #1546, #652, #2276, #637, #1905, #289, #625, #1361, #248, #2302, #2091, #1022, #278, #1766, #811, #1712, #775, #1523, #1159, #826, #1336, #2252, #1571, #1201, #1374, #445 ),
 ( #1185, #1917, #417, #1350, #263, #604, #997, #1740, #97, #973, #788, #2068, #2107, #461, #1010, #1754, #1893, #1535, #2079, #2264, #432, #615, #2315, #1037, #1817, #666, #126, #1806, #1086, #534, #1226 ) ),
 .UNSPECIFIED., .F., .F., .F. ) 
 B_SPLINE_SURFACE_WITH_KNOTS ( ( 2, 2 ),
 ( 3, 2, 2, 2, 2, 2, 2, 2, 2, 2, 2, 2, 2, 2, 2, 3 ),
 ( 0.000000000000000000, 1.000000000000000000 ),
 ( 0.000000000000000000, 0.04166666666666666435, 0.08333333333333332871, 0.1250000000000000000, 0.1666666666666666574, 0.2083333333333333426, 0.2500000000000000000, 0.2916666666666666852, 0.3333333333333333148, 0.3750000000000000000, 0.4166666666666666852, 0.4583333333333333148, 0.5000000000000000000, 0.5416666666666666297, 0.5833333333333333703, 0.6250000000000000000 ),
 .UNSPECIFIED. ) 
 GEOMETRIC_REPRESENTATION_ITEM ( )  RATIONAL_B_SPLINE_SURFACE ( (
 ( 1.000000000000000000, 0.9659258262890683122, 1.000000000000000000, 0.9659258262890683122, 1.000000000000000000, 0.9659258262890683122, 1.000000000000000000, 0.9659258262890683122, 1.000000000000000000, 0.9659258262890683122, 1.000000000000000000, 0.9659258262890683122, 1.000000000000000000, 0.9659258262890683122, 1.000000000000000000, 0.9659258262890683122, 1.000000000000000000, 0.9659258262890683122, 1.000000000000000000, 0.9659258262890683122, 1.000000000000000000, 0.9659258262890683122, 1.000000000000000000, 0.9659258262890683122, 1.000000000000000000, 0.9659258262890683122, 1.000000000000000000, 0.9659258262890683122, 1.000000000000000000, 0.9659258262890683122, 1.000000000000000000),
 ( 1.000000000000000000, 0.9659258262890683122, 1.000000000000000000, 0.9659258262890683122, 1.000000000000000000, 0.9659258262890683122, 1.000000000000000000, 0.9659258262890683122, 1.000000000000000000, 0.9659258262890683122, 1.000000000000000000, 0.9659258262890683122, 1.000000000000000000, 0.9659258262890683122, 1.000000000000000000, 0.9659258262890683122, 1.000000000000000000, 0.9659258262890683122, 1.000000000000000000, 0.9659258262890683122, 1.000000000000000000, 0.9659258262890683122, 1.000000000000000000, 0.9659258262890683122, 1.000000000000000000, 0.9659258262890683122, 1.000000000000000000, 0.9659258262890683122, 1.000000000000000000, 0.9659258262890683122, 1.000000000000000000) ) ) 
 REPRESENTATION_ITEM ( '' )  SURFACE ( )  );
#837 = PLANE ( 'NONE',  #370 ) ;
#838 = CARTESIAN_POINT ( 'NONE',  ( 0.1826701823332504138, 2.322925597101828554, -4.996670942229070711 ) ) ;
#839 = CARTESIAN_POINT ( 'NONE',  ( 4.470153296551812261, 1.558333333333333348, 1.197773965854382672 ) ) ;
#840 = EDGE_CURVE ( 'NONE', #1881, #2047, #1683, .T. ) ;
#841 = AXIS2_PLACEMENT_3D ( 'NONE', #100, #629, #1896 ) ;
#842 = CARTESIAN_POINT ( 'NONE',  ( -1.197773965854379341, -1.308333333333333348, -4.470153296551812261 ) ) ;
#843 = EDGE_LOOP ( 'NONE', ( #2172, #1391, #1772, #819 ) ) ;
#844 = CARTESIAN_POINT ( 'NONE',  ( 3.290000000000000480, 1.350000000000000089, 6.043631953792187884E-16 ) ) ;
#845 = CARTESIAN_POINT ( 'NONE',  ( 3.290000000000000036, 0.3583333333333333370, 0.8815528430983962105 ) ) ;
#846 = B_SPLINE_CURVE_WITH_KNOTS ( 'NONE', 3,
 ( #305, #1039, #142, #2330 ),
 .UNSPECIFIED., .F., .F.,
 ( 4, 4 ),
 ( 0.000000000000000000, 0.3246758015722404078 ),
 .UNSPECIFIED. ) ;
#847 = FACE_OUTER_BOUND ( 'NONE', #1420, .T. ) ;
#848 = ORIENTED_EDGE ( 'NONE', *, *, #1150, .F. ) ;
#849 = CARTESIAN_POINT ( 'NONE',  ( 5.328135777188661493, 3.461315189598770825, 0.8891719629338311615 ) ) ;
#850 = CARTESIAN_POINT ( 'NONE',  ( -4.881565784794918983, 7.310144927536232018, -1.134586223085631174 ) ) ;
#851 = PLANE ( 'NONE',  #2028 ) ;
#852 = CIRCLE ( 'NONE', #2009, 1.449999999999997513 ) ;
#853 = DIRECTION ( 'NONE',  ( -0.000000000000000000, -1.000000000000000000, -0.000000000000000000 ) ) ;
#854 = CARTESIAN_POINT ( 'NONE',  ( -3.272379330697434252, 4.475000000000000533, -3.272379330697434252 ) ) ;
#855 =( BOUNDED_SURFACE ( )  B_SPLINE_SURFACE ( 1, 2, ( 
 ( #2232, #930, #2211, #2006, #351 ),
 ( #194, #1851, #1100, #15, #1831 ) ),
 .UNSPECIFIED., .F., .F., .T. ) 
 B_SPLINE_SURFACE_WITH_KNOTS ( ( 2, 2 ),
 ( 3, 2, 3 ),
 ( 0.000000000000000000, 1.000000000000000000 ),
 ( 0.000000000000000000, 0.02173913043478260809, 0.03000283320684075244 ),
 .UNSPECIFIED. ) 
 GEOMETRIC_REPRESENTATION_ITEM ( )  RATIONAL_B_SPLINE_SURFACE ( (
 ( 1.000000000000000000, 0.9976687691905391508, 1.000000000000000000, 0.9991138284688874105, 0.9989013782864868407),
 ( 1.000000000000000000, 0.9976687691905391508, 1.000000000000000000, 0.9991138284688874105, 0.9989013782864868407) ) ) 
 REPRESENTATION_ITEM ( '' )  SURFACE ( )  );
#856 = ADVANCED_FACE ( 'NONE', ( #970 ), #42, .F. ) ;
#857 = CARTESIAN_POINT ( 'NONE',  ( 3.871266313624625699, -0.2666666666666663299, -2.235076648275903910 ) ) ;
#858 = EDGE_LOOP ( 'NONE', ( #2200, #2056, #1792, #885 ) ) ;
#859 = CARTESIAN_POINT ( 'NONE',  ( 2.408447156901604824, 1.975000000000000089, 2.408447156901607933 ) ) ;
#860 = CARTESIAN_POINT ( 'NONE',  ( -2.408447156901605712, 3.224999999999999645, 2.408447156901605268 ) ) ;
#861 = CARTESIAN_POINT ( 'NONE',  ( 0.000000000000000000, 10.10000000000000142, 0.000000000000000000 ) ) ;
#862 = ORIENTED_EDGE ( 'NONE', *, *, #535, .T. ) ;
#863 = CARTESIAN_POINT ( 'NONE',  ( 2.024006974626719746, 2.400008418351983863, 5.006335562730725997 ) ) ;
#864 = CARTESIAN_POINT ( 'NONE',  ( 2.408447156901606157, -1.725000000000000089, 2.408447156901606157 ) ) ;
#865 = CARTESIAN_POINT ( 'NONE',  ( -3.656623825853285492, 10.10000000000000142, -3.410146946423581404 ) ) ;
#866 = ORIENTED_EDGE ( 'NONE', *, *, #2332, .F. ) ;
#867 = CARTESIAN_POINT ( 'NONE',  ( -5.059039685009491194, 8.851443009871349688, 1.895638025240356628 ) ) ;
#868 = CARTESIAN_POINT ( 'NONE',  ( -2.235076648275907019, -0.3166666666666664853, -3.871266313624624811 ) ) ;
#869 = CARTESIAN_POINT ( 'NONE',  ( 0.8815528430983924357, 1.191666666666666652, 3.290000000000001812 ) ) ;
#870 = B_SPLINE_CURVE_WITH_KNOTS ( 'NONE', 3,
 ( #2026, #551, #1135, #1660 ),
 .UNSPECIFIED., .F., .F.,
 ( 4, 4 ),
 ( 0.000000000000000000, 0.3246758015733974823 ),
 .UNSPECIFIED. ) ;
#871 = CARTESIAN_POINT ( 'NONE',  ( -3.576844790651160899, 2.970000000000000639, -1.516379353457322221 ) ) ;
#872 = CARTESIAN_POINT ( 'NONE',  ( 1.644999999999999574, 0.9833333333333335036, 2.849223578450804428 ) ) ;
#873 = EDGE_CURVE ( 'NONE', #1673, #2122, #277, .T. ) ;
#874 = DIRECTION ( 'NONE',  ( 0.000000000000000000, -0.000000000000000000, 1.000000000000000000 ) ) ;
#875 = ORIENTED_EDGE ( 'NONE', *, *, #1714, .T. ) ;
#876 = DIRECTION ( 'NONE',  ( 1.697946390177404483E-17, -0.9903417466743302811, 0.1386478445344062616 ) ) ;
#877 = CARTESIAN_POINT ( 'NONE',  ( -4.233396591165710099, 2.361466416093144449, -2.660521664451175550 ) ) ;
#878 = ORIENTED_EDGE ( 'NONE', *, *, #1063, .T. ) ;
#879 = DIRECTION ( 'NONE',  ( 0.000000000000000000, 0.000000000000000000, -1.000000000000000000 ) ) ;
#880 = CARTESIAN_POINT ( 'NONE',  ( 3.289999999999999591, 1.558333333333333348, 0.8815528430983960995 ) ) ;
#881 = B_SPLINE_CURVE_WITH_KNOTS ( 'NONE', 3,
 ( #1677, #23, #1658, #1475 ),
 .UNSPECIFIED., .F., .F.,
 ( 4, 4 ),
 ( 0.000000000000000000, 0.3246758015722404078 ),
 .UNSPECIFIED. ) ;
#882 = CARTESIAN_POINT ( 'NONE',  ( -2.235076648275907907, 1.816666666666666874, 3.871266313624623034 ) ) ;
#883 = CARTESIAN_POINT ( 'NONE',  ( 2.849223578450803540, 0.5666666666666666519, 1.645000000000002016 ) ) ;
#884 = CARTESIAN_POINT ( 'NONE',  ( 0.000000000000000000, 12.60000000000000142, 0.000000000000000000 ) ) ;
#885 = ORIENTED_EDGE ( 'NONE', *, *, #1003, .F. ) ;
#886 = EDGE_CURVE ( 'NONE', #1673, #763, #22, .T. ) ;
#887 = CARTESIAN_POINT ( 'NONE',  ( 4.029087969194792744E-16, 2.600000000000000533, -3.290000000000000480 ) ) ;
#888 = FACE_OUTER_BOUND ( 'NONE', #1590, .T. ) ;
#889 = ORIENTED_EDGE ( 'NONE', *, *, #699, .F. ) ;
#890 = CARTESIAN_POINT ( 'NONE',  ( 0.1873810531506628074, 2.361466416093144893, -4.996489824469540153 ) ) ;
#891 = CARTESIAN_POINT ( 'NONE',  ( -5.474358926320168853E-16, 2.600000000000000533, 4.470153296551814925 ) ) ;
#892 = CARTESIAN_POINT ( 'NONE',  ( 3.272379330697434252, -0.4750000000000000888, -3.272379330697433364 ) ) ;
#893 = CARTESIAN_POINT ( 'NONE',  ( 0.8815528430983923247, 2.391666666666666163, 3.290000000000001368 ) ) ;
#894 = LINE ( 'NONE', #917, #2025 ) ;
#895 = ORIENTED_EDGE ( 'NONE', *, *, #2043, .T. ) ;
#896 = CARTESIAN_POINT ( 'NONE',  ( 0.8815528430983946562, 2.808333333333333126, -3.290000000000000036 ) ) ;
#897 = CARTESIAN_POINT ( 'NONE',  ( -4.272292063065659562, 7.599999999999999645, -3.302653558559566882 ) ) ;
#898 = EDGE_LOOP ( 'NONE', ( #1702, #584, #2265, #1518 ) ) ;
#899 = CARTESIAN_POINT ( 'NONE',  ( 4.086914116834767796, 4.520289855072464391, 2.880474440368584688 ) ) ;
#900 = ADVANCED_FACE ( 'NONE', ( #772 ), #1661, .F. ) ;
#901 =( BOUNDED_SURFACE ( )  B_SPLINE_SURFACE ( 3, 2, ( 
 ( #1505, #589, #1706, #1137, #1320 ),
 ( #217, #953, #1528, #2062, #51 ),
 ( #780, #1042, #832, #1922, #1961 ),
 ( #477, #1589, #1771, #2138, #320 ) ),
 .UNSPECIFIED., .F., .F., .T. ) 
 B_SPLINE_SURFACE_WITH_KNOTS ( ( 4, 4 ),
 ( 3, 2, 3 ),
 ( 0.000000000000000000, 1.000000000000000000 ),
 ( 0.000000000000000000, 0.02173913043478260809, 0.03000283320694692446 ),
 .UNSPECIFIED. ) 
 GEOMETRIC_REPRESENTATION_ITEM ( )  RATIONAL_B_SPLINE_SURFACE ( (
 ( 1.000000000000000000, 0.9976687691905391508, 1.000000000000000000, 0.9991138284688759752, 0.9989013782864812896),
 ( 0.9872756882596137595, 0.9849741207577112911, 0.9872756882596137595, 0.9864007926513072011, 0.9861910457512625960),
 ( 0.9872756882596137595, 0.9849741207577112911, 0.9872756882596137595, 0.9864007926513072011, 0.9861910457512625960),
 ( 1.000000000000000000, 0.9976687691905391508, 1.000000000000000000, 0.9991138284688759752, 0.9989013782864812896) ) ) 
 REPRESENTATION_ITEM ( '' )  SURFACE ( )  );
#902 = CARTESIAN_POINT ( 'NONE',  ( -3.290000000000000480, -2.141666666666667052, -0.8815528430983946562 ) ) ;
#903 = CARTESIAN_POINT ( 'NONE',  ( 1.229788827882094315, 3.461315189585152829, 5.307572694327596707 ) ) ;
#904 = CARTESIAN_POINT ( 'NONE',  ( -1.426320600371284053, 1.099999999999996758, -3.613700948467719609 ) ) ;
#905 = CARTESIAN_POINT ( 'NONE',  ( 3.423363384373420359, 7.310144927536232018, -3.660266868334537627 ) ) ;
#906 = ORIENTED_EDGE ( 'NONE', *, *, #1436, .F. ) ;
#907 = CARTESIAN_POINT ( 'NONE',  ( 3.270215398245241989, 1.099999999999998757, 0.4156827206445610212 ) ) ;
#908 = ORIENTED_EDGE ( 'NONE', *, *, #695, .T. ) ;
#909 = CYLINDRICAL_SURFACE ( 'NONE', #2184, 3.290000000000000036 ) ;
#910 = AXIS2_PLACEMENT_3D ( 'NONE', #658, #642, #671 ) ;
#911 = AXIS2_PLACEMENT_3D ( 'NONE', #463, #1599, #628 ) ;
#912 = UNCERTAINTY_MEASURE_WITH_UNIT (LENGTH_MEASURE( 1.000000000000000082E-05 ), #729, 'distance_accuracy_value', 'NONE');
#913 = CARTESIAN_POINT ( 'NONE',  ( -0.8815528430983938790, -1.308333333333333348, -3.290000000000000924 ) ) ;
#914 = EDGE_CURVE ( 'NONE', #202, #1948, #2134, .T. ) ;
#915 =( BOUNDED_CURVE ( )  B_SPLINE_CURVE ( 1, ( #442, #1737 ),
 .UNSPECIFIED., .F., .F. ) 
 B_SPLINE_CURVE_WITH_KNOTS ( ( 2, 2 ),
 ( 4.848699518061080308E-19, 0.0005949999999999987417 ),
 .UNSPECIFIED. ) 
 CURVE ( )  GEOMETRIC_REPRESENTATION_ITEM ( )  RATIONAL_B_SPLINE_CURVE ( ( 0.9930807555817517951, 0.9930807555817517951 ) ) 
 REPRESENTATION_ITEM ( '' )  );
#916 = PRODUCT ( 'female luer lock 37', 'female luer lock 37', '', ( #2238 ) ) ;
#917 = CARTESIAN_POINT ( 'NONE',  ( 0.000000000000000000, 14.89999999999999680, -2.350000000000000089 ) ) ;
#918 = CARTESIAN_POINT ( 'NONE',  ( 0.7389620642992252852, 1.252110469281923599, 3.884999999999999787 ) ) ;
#919 = CARTESIAN_POINT ( 'NONE',  ( 2.408447156901605712, 3.224999999999999645, -2.408447156901605268 ) ) ;
#920 = CARTESIAN_POINT ( 'NONE',  ( 4.765041077750161058, 3.461314598853480362, -2.544413722080360429 ) ) ;
#921 = B_SPLINE_CURVE_WITH_KNOTS ( 'NONE', 1,
 ( #1020, #664 ),
 .UNSPECIFIED., .F., .F.,
 ( 2, 2 ),
 ( 0.000000000000000000, 1.000000000000000000 ),
 .UNSPECIFIED. ) ;
#922 = ORIENTED_EDGE ( 'NONE', *, *, #523, .T. ) ;
#923 = CARTESIAN_POINT ( 'NONE',  ( -1.040982612594912649, 1.608333333333333393, 3.884999999999998899 ) ) ;
#924 = CARTESIAN_POINT ( 'NONE',  ( 4.960836325467028018, 3.461315189585152829, 2.252290260752894735 ) ) ;
#925 =( GEOMETRIC_REPRESENTATION_CONTEXT ( 3 ) GLOBAL_UNCERTAINTY_ASSIGNED_CONTEXT ( ( #1473 ) ) GLOBAL_UNIT_ASSIGNED_CONTEXT ( ( #390, #592, #209 ) ) REPRESENTATION_CONTEXT ( 'NONE', 'WORKASPACE' ) );
#926 = EDGE_CURVE ( 'NONE', #1840, #1748, #2089, .T. ) ;
#927 = DIRECTION ( 'NONE',  ( 0.000000000000000000, 0.000000000000000000, -1.000000000000000000 ) ) ;
#928 =( BOUNDED_CURVE ( )  B_SPLINE_CURVE ( 1, ( #139, #2340 ),
 .UNSPECIFIED., .F., .T. ) 
 B_SPLINE_CURVE_WITH_KNOTS ( ( 2, 2 ),
 ( 0.000000000000000000, 0.0004316887992791920443 ),
 .UNSPECIFIED. ) 
 CURVE ( )  GEOMETRIC_REPRESENTATION_ITEM ( )  RATIONAL_B_SPLINE_CURVE ( ( 0.9988469377154600704, 0.9988469377154600704 ) ) 
 REPRESENTATION_ITEM ( '' )  );
#929 = EDGE_CURVE ( 'NONE', #418, #2167, #2295, .T. ) ;
#930 = CARTESIAN_POINT ( 'NONE',  ( -1.412320148355253879, 7.310144927536232018, -5.225111107286263490 ) ) ;
#931 = DIRECTION ( 'NONE',  ( -0.000000000000000000, -1.000000000000000000, -0.000000000000000000 ) ) ;
#932 = VERTEX_POINT ( 'NONE', #1156 ) ;
#933 = CARTESIAN_POINT ( 'NONE',  ( 0.000000000000000000, 0.000000000000000000, 0.000000000000000000 ) ) ;
#934 = CARTESIAN_POINT ( 'NONE',  ( 4.305638327695289647, 7.310144927536232018, 3.279925742454826931 ) ) ;
#935 = CARTESIAN_POINT ( 'NONE',  ( -4.960836325467010255, 3.461315189585152829, -2.252290260752927598 ) ) ;
#936 = VERTEX_POINT ( 'NONE', #1890 ) ;
#937 = EDGE_CURVE ( 'NONE', #1651, #936, #140, .T. ) ;
#938 = DIRECTION ( 'NONE',  ( -0.000000000000000000, -1.000000000000000000, -0.000000000000000000 ) ) ;
#939 = ORIENTED_EDGE ( 'NONE', *, *, #1262, .F. ) ;
#940 = CARTESIAN_POINT ( 'NONE',  ( 4.470153296551814925, -1.149999999999999911, 2.737179463160084427E-16 ) ) ;
#941 = ADVANCED_FACE ( 'NONE', ( #1296, #1491 ), #375, .T. ) ;
#942 = CARTESIAN_POINT ( 'NONE',  ( 3.981598371779278445, 3.461315189585152829, -3.718814713399970273 ) ) ;
#943 = VERTEX_POINT ( 'NONE', #1270 ) ;
#944 = CARTESIAN_POINT ( 'NONE',  ( -3.884999999999999787, 2.650000000000000355, -2.378876407343733822E-16 ) ) ;
#945 = AXIS2_PLACEMENT_3D ( 'NONE', #795, #1319, #1870 ) ;
#946 = CARTESIAN_POINT ( 'NONE',  ( 4.883928956521957687, 10.10000000000000142, 2.410383762230535076 ) ) ;
#947 = CIRCLE ( 'NONE', #910, 3.290000000000000036 ) ;
#948 = DIRECTION ( 'NONE',  ( -0.000000000000000000, -1.000000000000000000, -0.000000000000000000 ) ) ;
#949 = ORIENTED_EDGE ( 'NONE', *, *, #2109, .F. ) ;
#950 = CARTESIAN_POINT ( 'NONE',  ( -3.761015970681435228, 8.851443009682963492, -3.298209598852423596 ) ) ;
#951 = DIRECTION ( 'NONE',  ( 0.000000000000000000, 0.000000000000000000, -1.000000000000000000 ) ) ;
#952 = DIRECTION ( 'NONE',  ( 2.052452851976324099E-17, -0.9858558466698172928, 0.1675954939338690775 ) ) ;
#953 = CARTESIAN_POINT ( 'NONE',  ( -0.01723948953830024833, 7.310144927536232906, -5.459047638126298452 ) ) ;
#954 = EDGE_CURVE ( 'NONE', #1102, #1948, #211, .T. ) ;
#955 = ORIENTED_EDGE ( 'NONE', *, *, #2363, .F. ) ;
#956 = CARTESIAN_POINT ( 'NONE',  ( 0.8815528430983938790, 3.691666666666666430, 3.290000000000000924 ) ) ;
#957 = CARTESIAN_POINT ( 'NONE',  ( -4.765041077750178822, 3.461314598853480362, 2.544413722080326679 ) ) ;
#958 = CARTESIAN_POINT ( 'NONE',  ( -4.272292063065659562, 7.599999999999999645, -3.302653558559566882 ) ) ;
#959 = DIRECTION ( 'NONE',  ( -0.9467182601873928016, 0.000000000000000000, 0.3220629376810623667 ) ) ;
#960 = VERTEX_POINT ( 'NONE', #727 ) ;
#961 = CARTESIAN_POINT ( 'NONE',  ( 3.695541772205989339, 1.099999999999997202, -1.198413955977071677 ) ) ;
#962 = AXIS2_PLACEMENT_3D ( 'NONE', #1182, #1157, #55 ) ;
#963 = PLANE ( 'NONE',  #2195 ) ;
#964 = CARTESIAN_POINT ( 'NONE',  ( -0.8815528430983963215, 0.3083333333333332371, 3.289999999999999591 ) ) ;
#965 = CARTESIAN_POINT ( 'NONE',  ( 3.434113396826529385, 3.461315189585152829, -4.169714956392394534 ) ) ;
#966 = ORIENTED_EDGE ( 'NONE', *, *, #17, .F. ) ;
#967 = CARTESIAN_POINT ( 'NONE',  ( 4.996327913144471111, 7.600000000000002309, -2.048586679721753789 ) ) ;
#968 = APPLICATION_PROTOCOL_DEFINITION ( 'draft international standard', 'automotive_design', 1998, #1636 ) ;
#969 = EDGE_CURVE ( 'NONE', #1232, #155, #2317, .T. ) ;
#970 = FACE_OUTER_BOUND ( 'NONE', #1094, .T. ) ;
#971 = CARTESIAN_POINT ( 'NONE',  ( -4.029087969194792744E-16, 2.600000000000000533, 3.290000000000000480 ) ) ;
#972 = EDGE_CURVE ( 'NONE', #1670, #2038, #2186, .T. ) ;
#973 = CARTESIAN_POINT ( 'NONE',  ( 2.408447156901605712, 3.224999999999999645, -2.408447156901605268 ) ) ;
#974 = ORIENTED_EDGE ( 'NONE', *, *, #1373, .F. ) ;
#975 = CARTESIAN_POINT ( 'NONE',  ( 0.000000000000000000, 2.970000000000001972, -3.884999999999999343 ) ) ;
#976 = CARTESIAN_POINT ( 'NONE',  ( -0.02860871594673164084, 2.322925597101828554, 5.399933817634567923 ) ) ;
#977 = CARTESIAN_POINT ( 'NONE',  ( -1.372031982919189375, 7.600000000000002309, -5.222789315858608283 ) ) ;
#978 = DIRECTION ( 'NONE',  ( 0.000000000000000000, 0.000000000000000000, 1.000000000000000000 ) ) ;
#979 = EDGE_LOOP ( 'NONE', ( #1973, #2170, #1513, #2046, #2030, #1254 ) ) ;
#980 = CARTESIAN_POINT ( 'NONE',  ( 2.849223578450803984, 2.233333333333333837, -1.644999999999999796 ) ) ;
#981 = AXIS2_PLACEMENT_3D ( 'NONE', #521, #853, #1212 ) ;
#982 = CARTESIAN_POINT ( 'NONE',  ( -4.681605813539838401, 7.310144927536232018, 1.788725081035692055 ) ) ;
#983 = CARTESIAN_POINT ( 'NONE',  ( 3.695541772205989339, 1.099999999999997202, -1.198413955977071677 ) ) ;
#984 = EDGE_CURVE ( 'NONE', #2205, #1445, #1723, .T. ) ;
#985 = CARTESIAN_POINT ( 'NONE',  ( -5.112278605011888466, 10.10000000000000142, -1.739139863477835446 ) ) ;
#986 = ORIENTED_EDGE ( 'NONE', *, *, #1980, .T. ) ;
#987 = VECTOR ( 'NONE', #714, 1000.000000000000114 ) ;
#988 = DIRECTION ( 'NONE',  ( -0.000000000000000000, -1.000000000000000000, -0.000000000000000000 ) ) ;
#989 = CARTESIAN_POINT ( 'NONE',  ( 4.781585799167372919, 10.10000000000000142, 1.461655652060676491 ) ) ;
#990 = CARTESIAN_POINT ( 'NONE',  ( 4.470153296551814037, 3.641666666666666607, -1.197773965854379119 ) ) ;
#991 = CARTESIAN_POINT ( 'NONE',  ( 0.000000000000000000, 14.89999999999999680, -2.350000000000000089 ) ) ;
#992 =( BOUNDED_CURVE ( )  B_SPLINE_CURVE ( 2, ( #682, #489, #2152 ),
 .UNSPECIFIED., .F., .T. ) 
 B_SPLINE_CURVE_WITH_KNOTS ( ( 3, 3 ),
 ( 0.000000000000000000, 0.009741561899813146880 ),
 .UNSPECIFIED. ) 
 CURVE ( )  GEOMETRIC_REPRESENTATION_ITEM ( )  RATIONAL_B_SPLINE_CURVE ( ( 1.000000000000000000, 0.9989553478552767318, 0.9988469377154600704 ) ) 
 REPRESENTATION_ITEM ( '' )  );
#993 = VERTEX_POINT ( 'NONE', #737 ) ;
#994 = CARTESIAN_POINT ( 'NONE',  ( 3.290000000000000924, 2.441666666666666430, -0.8815528430983933239 ) ) ;
#995 = CARTESIAN_POINT ( 'NONE',  ( 4.811405415273591224, 9.266666353709627657, 1.364105279844691099 ) ) ;
#996 = CARTESIAN_POINT ( 'NONE',  ( -3.290000000000001368, 1.227082725235729921, 0.5201187505648722231 ) ) ;
#997 = CARTESIAN_POINT ( 'NONE',  ( 3.290000000000000480, 3.850000000000000089, 2.014543984597396372E-16 ) ) ;
#998 = ORIENTED_EDGE ( 'NONE', *, *, #1848, .T. ) ;
#999 = EDGE_CURVE ( 'NONE', #202, #1271, #1955, .T. ) ;
#1000 = DIRECTION ( 'NONE',  ( -0.000000000000000000, -1.000000000000000000, -0.000000000000000000 ) ) ;
#1001 = CARTESIAN_POINT ( 'NONE',  ( -0.03879145185342571661, 2.400007235084461676, 5.399860667023095750 ) ) ;
#1002 = CARTESIAN_POINT ( 'NONE',  ( -4.781585799167362261, 10.10000000000000142, -1.461655652060710020 ) ) ;
#1003 = EDGE_CURVE ( 'NONE', #531, #168, #64, .T. ) ;
#1004 = AXIS2_PLACEMENT_3D ( 'NONE', #2299, #810, #459 ) ;
#1005 = ORIENTED_EDGE ( 'NONE', *, *, #969, .F. ) ;
#1006 = CARTESIAN_POINT ( 'NONE',  ( 1.049999999999999600, 10.10000000000000142, 5.296933074902872463 ) ) ;
#1007 = CARTESIAN_POINT ( 'NONE',  ( 2.235076648275906575, -1.516666666666666607, 3.871266313624623923 ) ) ;
#1008 = DIRECTION ( 'NONE',  ( 0.000000000000000000, 0.000000000000000000, -1.000000000000000000 ) ) ;
#1009 = CARTESIAN_POINT ( 'NONE',  ( 4.029087969194792744E-16, 2.600000000000000533, -3.290000000000000480 ) ) ;
#1010 = CARTESIAN_POINT ( 'NONE',  ( -1.644999999999999352, 2.183333333333333570, -2.849223578450803984 ) ) ;
#1011 = VERTEX_POINT ( 'NONE', #897 ) ;
#1012 = ORIENTED_EDGE ( 'NONE', *, *, #1385, .F. ) ;
#1013 = CYLINDRICAL_SURFACE ( 'NONE', #1958, 3.884999999999999787 ) ;
#1014 = CARTESIAN_POINT ( 'NONE',  ( 1.124961973314053232, 10.10000000000000142, 4.871802598484195279 ) ) ;
#1015 = ORIENTED_EDGE ( 'NONE', *, *, #1731, .F. ) ;
#1016 = CARTESIAN_POINT ( 'NONE',  ( 0.000000000000000000, 7.600000000000002309, 0.000000000000000000 ) ) ;
#1017 = ADVANCED_FACE ( 'NONE', ( #888 ), #1687, .T. ) ;
#1018 = CARTESIAN_POINT ( 'NONE',  ( 0.8815528430983938790, -1.308333333333333348, 3.290000000000000924 ) ) ;
#1019 = CARTESIAN_POINT ( 'NONE',  ( 3.441188122800065585, 7.600000000000001421, -3.627426677894364460 ) ) ;
#1020 = CARTESIAN_POINT ( 'NONE',  ( 4.781585799167380024, 10.10000000000000142, -1.461655652060645849 ) ) ;
#1021 = CARTESIAN_POINT ( 'NONE',  ( 2.408447156901604380, 1.975000000000000089, 2.408447156901607489 ) ) ;
#1022 = CARTESIAN_POINT ( 'NONE',  ( -2.849223578450803540, 0.5666666666666666519, -1.645000000000002016 ) ) ;
#1023 = ORIENTED_EDGE ( 'NONE', *, *, #2314, .F. ) ;
#1024 = CIRCLE ( 'NONE', #61, 1.649999999999999911 ) ;
#1025 = CARTESIAN_POINT ( 'NONE',  ( -1.124961973314051678, 10.10000000000000142, 4.871802598484194391 ) ) ;
#1026 = CARTESIAN_POINT ( 'NONE',  ( 1.644999999999999352, 2.183333333333333570, 2.849223578450803984 ) ) ;
#1027 = CIRCLE ( 'NONE', #1768, 1.449999999999998623 ) ;
#1028 = CARTESIAN_POINT ( 'NONE',  ( 0.000000000000000000, 7.600000000000001421, 4.016311561159113808 ) ) ;
#1029 = ORIENTED_EDGE ( 'NONE', *, *, #1887, .F. ) ;
#1030 = EDGE_LOOP ( 'NONE', ( #1861, #404, #1367, #423 ) ) ;
#1031 = DIRECTION ( 'NONE',  ( 0.000000000000000000, 0.000000000000000000, 1.000000000000000000 ) ) ;
#1032 = CARTESIAN_POINT ( 'NONE',  ( 2.877919977996279827E-16, 14.89999999999999680, 2.350000000000000089 ) ) ;
#1033 = DIRECTION ( 'NONE',  ( 0.000000000000000000, -0.000000000000000000, 1.000000000000000000 ) ) ;
#1034 = ADVANCED_FACE ( 'NONE', ( #196 ), #490, .F. ) ;
#1035 = CARTESIAN_POINT ( 'NONE',  ( 1.124961973314053232, 10.10000000000000142, -4.871802598484194391 ) ) ;
#1036 = CARTESIAN_POINT ( 'NONE',  ( 0.000000000000000000, 0.1000000000000002554, -3.290000000000000480 ) ) ;
#1037 = CARTESIAN_POINT ( 'NONE',  ( -0.8815528430983963215, 0.3083333333333332371, 3.289999999999999591 ) ) ;
#1038 = VERTEX_POINT ( 'NONE', #2258 ) ;
#1039 = CARTESIAN_POINT ( 'NONE',  ( 3.587052533418770839, 9.266666353709625881, -3.484746677610608412 ) ) ;
#1040 = CARTESIAN_POINT ( 'NONE',  ( -2.408447156901605712, 4.475000000000000533, -2.408447156901605712 ) ) ;
#1041 = VECTOR ( 'NONE', #1044, 1000.000000000000114 ) ;
#1042 = CARTESIAN_POINT ( 'NONE',  ( -0.7262613041380018286, 7.310144927536232906, -5.410549217357107032 ) ) ;
#1043 = ORIENTED_EDGE ( 'NONE', *, *, #1697, .F. ) ;
#1044 = DIRECTION ( 'NONE',  ( 0.000000000000000000, -0.9995120760870787047, -0.03123475237772111585 ) ) ;
#1045 = CARTESIAN_POINT ( 'NONE',  ( -4.936078603275698029, 4.520289855072464391, -0.7969491968022965889 ) ) ;
#1046 = CONICAL_SURFACE ( 'NONE', #259, 2.350000000000000089, 0.1390959414820713280 ) ;
#1047 = CARTESIAN_POINT ( 'NONE',  ( -4.757752814687467645E-16, 1.400000000000000133, 3.884999999999999787 ) ) ;
#1048 = EDGE_LOOP ( 'NONE', ( #8, #862, #1177, #1208 ) ) ;
#1049 = DIRECTION ( 'NONE',  ( -1.776356839400250465E-15, 0.000000000000000000, 1.000000000000000000 ) ) ;
#1050 =( LENGTH_UNIT ( ) NAMED_UNIT ( * ) SI_UNIT ( .MILLI., .METRE. ) );
#1051 = CARTESIAN_POINT ( 'NONE',  ( 0.000000000000000000, 3.900000000000000355, -3.290000000000000924 ) ) ;
#1052 = EDGE_CURVE ( 'NONE', #1673, #1632, #817, .T. ) ;
#1053 = CARTESIAN_POINT ( 'NONE',  ( -2.540552396633817267, 1.099999999999996758, -2.100570024774612854 ) ) ;
#1054 = CARTESIAN_POINT ( 'NONE',  ( 3.290000000000001368, 1.141666666666666607, -0.8815528430983922137 ) ) ;
#1055 = CARTESIAN_POINT ( 'NONE',  ( -2.952809531840707713, 2.400008418351826212, 4.034961693581569975 ) ) ;
#1056 = ORIENTED_EDGE ( 'NONE', *, *, #476, .F. ) ;
#1057 = DIRECTION ( 'NONE',  ( -0.000000000000000000, -1.000000000000000000, -0.000000000000000000 ) ) ;
#1058 = CARTESIAN_POINT ( 'NONE',  ( 0.000000000000000000, 7.600000000000001421, 4.016311561159113808 ) ) ;
#1059 = ORIENTED_EDGE ( 'NONE', *, *, #29, .F. ) ;
#1060 = CARTESIAN_POINT ( 'NONE',  ( 1.942500000000001004, 1.816666666666666874, -3.364508693702543241 ) ) ;
#1061 = CARTESIAN_POINT ( 'NONE',  ( -2.235076648275907019, 4.683333333333333570, -3.871266313624624811 ) ) ;
#1062 = CARTESIAN_POINT ( 'NONE',  ( -4.470153296551811373, -2.141666666666667052, -1.197773965854380451 ) ) ;
#1063 = EDGE_CURVE ( 'NONE', #52, #1105, #1569, .T. ) ;
#1064 = AXIS2_PLACEMENT_3D ( 'NONE', #2312, #1977, #1438 ) ;
#1065 = FACE_OUTER_BOUND ( 'NONE', #1931, .T. ) ;
#1066 = AXIS2_PLACEMENT_3D ( 'NONE', #95, #430, #2274 ) ;
#1067 = CARTESIAN_POINT ( 'NONE',  ( -3.818918882328550701, 7.310144927536232018, 3.835660680395353239 ) ) ;
#1068 = VERTEX_POINT ( 'NONE', #452 ) ;
#1069 = CARTESIAN_POINT ( 'NONE',  ( 1.050000000000000044, 10.10000000000000142, -5.296933074902872463 ) ) ;
#1070 = CARTESIAN_POINT ( 'NONE',  ( -4.862037714821934031, 7.600000000000001421, -1.166442994599004912 ) ) ;
#1071 = AXIS2_PLACEMENT_3D ( 'NONE', #317, #2318, #2289 ) ;
#1072 = EDGE_LOOP ( 'NONE', ( #377, #643, #2370, #1627 ) ) ;
#1073 = CARTESIAN_POINT ( 'NONE',  ( 4.683229949569912343, 7.600000000000000533, -1.751387232867535504 ) ) ;
#1074 = CARTESIAN_POINT ( 'NONE',  ( 0.000000000000000000, 5.100000000000000533, -4.470153296551814925 ) ) ;
#1075 =( BOUNDED_CURVE ( )  B_SPLINE_CURVE ( 2, ( #117, #270, #1419 ),
 .UNSPECIFIED., .F., .T. ) 
 B_SPLINE_CURVE_WITH_KNOTS ( ( 3, 3 ),
 ( 0.000000000000000000, 0.3246877118238137849 ),
 .UNSPECIFIED. ) 
 CURVE ( )  GEOMETRIC_REPRESENTATION_ITEM ( )  RATIONAL_B_SPLINE_CURVE ( ( 1.000000000000000000, 0.9989553478551193022, 0.9988469377154274298 ) ) 
 REPRESENTATION_ITEM ( '' )  );
#1076 = CARTESIAN_POINT ( 'NONE',  ( 2.849223578450805316, -0.2666666666666663299, -1.644999999999998241 ) ) ;
#1077 = CARTESIAN_POINT ( 'NONE',  ( -2.408447156901606157, -1.725000000000000089, -2.408447156901606157 ) ) ;
#1078 = CARTESIAN_POINT ( 'NONE',  ( -4.529418049222142528, 10.10000000000000142, 3.024414665511149902 ) ) ;
#1079 = EDGE_LOOP ( 'NONE', ( #1447, #1747, #19, #383 ) ) ;
#1080 = CARTESIAN_POINT ( 'NONE',  ( -1.472423620018831425, 2.970000000000001972, 2.942119760174735976 ) ) ;
#1081 = EDGE_CURVE ( 'NONE', #1507, #2379, #1188, .T. ) ;
#1082 = CARTESIAN_POINT ( 'NONE',  ( 2.540552396633817267, 1.099999999999996758, 2.100570024774612854 ) ) ;
#1083 = EDGE_LOOP ( 'NONE', ( #466, #73, #1579, #1132 ) ) ;
#1084 = SURFACE_STYLE_FILL_AREA ( #345 ) ;
#1085 = AXIS2_PLACEMENT_3D ( 'NONE', #2217, #569, #2013 ) ;
#1086 = CARTESIAN_POINT ( 'NONE',  ( 2.849223578450803540, -0.7333333333333332815, 1.645000000000000684 ) ) ;
#1087 =( BOUNDED_CURVE ( )  B_SPLINE_CURVE ( 2, ( #384, #395, #239, #803, #1501, #1326, #585, #48, #961 ),
 .UNSPECIFIED., .F., .F. ) 
 B_SPLINE_CURVE_WITH_KNOTS ( ( 3, 2, 2, 2, 3 ),
 ( 0.2499999999999955036, 0.2916666666666634100, 0.3333333333333313164, 0.3749999999999992228, 0.3999317594045466162 ),
 .UNSPECIFIED. ) 
 CURVE ( )  GEOMETRIC_REPRESENTATION_ITEM ( )  RATIONAL_B_SPLINE_CURVE ( ( 1.000000000000003775, 0.9659258262890646485, 1.000000000000000000, 0.9659258262890683122, 1.000000000000000000, 0.9659258262890683122, 1.000000000000000000, 0.9796113015791277912, 0.9836222570911057339 ) ) 
 REPRESENTATION_ITEM ( '' )  );
#1088 = CARTESIAN_POINT ( 'NONE',  ( 1.091247263997687345, 4.520289855072463503, 5.335905859588960354 ) ) ;
#1089 = DIRECTION ( 'NONE',  ( -0.7522738157429387229, 0.000000000000000000, -0.6588505947083596048 ) ) ;
#1090 = CARTESIAN_POINT ( 'NONE',  ( -2.590552637349163856, 2.970000000000001084, 2.038503320159990917 ) ) ;
#1091 = ORIENTED_EDGE ( 'NONE', *, *, #1916, .F. ) ;
#1092 = DIRECTION ( 'NONE',  ( 0.000000000000000000, -0.000000000000000000, 1.000000000000000000 ) ) ;
#1093 = EDGE_CURVE ( 'NONE', #479, #1585, #1027, .T. ) ;
#1094 = EDGE_LOOP ( 'NONE', ( #517, #889, #1781, #473 ) ) ;
#1095 = FACE_OUTER_BOUND ( 'NONE', #412, .T. ) ;
#1096 = CARTESIAN_POINT ( 'NONE',  ( 4.757752814687467645E-16, 2.600000000000000533, -3.884999999999999787 ) ) ;
#1097 = CARTESIAN_POINT ( 'NONE',  ( 0.000000000000000000, 1.099999999999996758, 0.000000000000000000 ) ) ;
#1098 =( BOUNDED_CURVE ( )  B_SPLINE_CURVE ( 1, ( #232, #967 ),
 .UNSPECIFIED., .F., .T. ) 
 B_SPLINE_CURVE_WITH_KNOTS ( ( 2, 2 ),
 ( 0.000000000000000000, 0.0004316887992791907974 ),
 .UNSPECIFIED. ) 
 CURVE ( )  GEOMETRIC_REPRESENTATION_ITEM ( )  RATIONAL_B_SPLINE_CURVE ( ( 0.9988469377154602924, 0.9988469377154602924 ) ) 
 REPRESENTATION_ITEM ( '' )  );
#1099 = DIRECTION ( 'NONE',  ( -0.000000000000000000, -1.000000000000000000, -0.000000000000000000 ) ) ;
#1100 = CARTESIAN_POINT ( 'NONE',  ( -1.777861051681509652, 4.520289855072464391, -4.673244063914691715 ) ) ;
#1101 = CARTESIAN_POINT ( 'NONE',  ( 3.818918882328523612, 7.310144927536232018, -3.835660680395380329 ) ) ;
#1102 = VERTEX_POINT ( 'NONE', #2271 ) ;
#1103 = CIRCLE ( 'NONE', #2059, 1.984374999999999556 ) ;
#1104 = CARTESIAN_POINT ( 'NONE',  ( 4.993318179340052509, 7.310144927536232018, -2.088829300064666050 ) ) ;
#1105 = VERTEX_POINT ( 'NONE', #1164 ) ;
#1106 = CARTESIAN_POINT ( 'NONE',  ( 4.230884303174409666, 2.400007235111831339, 2.664510839376041496 ) ) ;
#1107 = EDGE_CURVE ( 'NONE', #1146, #748, #581, .T. ) ;
#1108 = VECTOR ( 'NONE', #265, 1000.000000000000114 ) ;
#1109 = CARTESIAN_POINT ( 'NONE',  ( 4.586047416896232853, 3.461315189585152829, 2.854439827672901053 ) ) ;
#1110 = DIRECTION ( 'NONE',  ( -0.000000000000000000, -1.000000000000000000, -0.000000000000000000 ) ) ;
#1111 = CARTESIAN_POINT ( 'NONE',  ( -3.539989543092275870, 4.520289855072464391, 4.077802598802120926 ) ) ;
#1112 = CLOSED_SHELL ( 'NONE', ( #2019, #1422, #191, #294, #234, #426, #380, #1613, #549, #621, #315, #2008, #733, #1248, #1300, #1553, #2088, #1934, #509, #669, #2142, #2158, #2374, #179, #1796, #525, #1681, #1120, #409, #1566, #493, #1793, #856, #941, #823, #1479, #143, #1017, #41, #1133, #266, #634, #1118, #1034, #1992, #2198, #444, #125, #1930, #74, #1154, #1277, #900, #514, #2137, #1762 ) ) ;
#1113 = ORIENTED_EDGE ( 'NONE', *, *, #650, .T. ) ;
#1114 = CARTESIAN_POINT ( 'NONE',  ( 2.408447156901605712, 4.475000000000000533, 2.408447156901605712 ) ) ;
#1115 = DIRECTION ( 'NONE',  ( -0.000000000000000000, -1.000000000000000000, -0.000000000000000000 ) ) ;
#1116 = EDGE_LOOP ( 'NONE', ( #1023, #908, #539 ) ) ;
#1117 = DIRECTION ( 'NONE',  ( 0.000000000000000000, 0.000000000000000000, -1.000000000000000000 ) ) ;
#1118 = ADVANCED_FACE ( 'NONE', ( #230 ), #1753, .F. ) ;
#1119 = DIRECTION ( 'NONE',  ( 0.000000000000000000, 0.000000000000000000, -1.000000000000000000 ) ) ;
#1120 = ADVANCED_FACE ( 'NONE', ( #2234 ), #425, .T. ) ;
#1121 = CARTESIAN_POINT ( 'NONE',  ( -4.657020709482407206, 2.400008418351983863, -2.733524851076349460 ) ) ;
#1122 = VERTEX_POINT ( 'NONE', #991 ) ;
#1123 = B_SPLINE_CURVE_WITH_KNOTS ( 'NONE', 1,
 ( #1176, #2280 ),
 .UNSPECIFIED., .F., .F.,
 ( 2, 2 ),
 ( 0.000000000000000000, 1.000000000000000000 ),
 .UNSPECIFIED. ) ;
#1124 = LINE ( 'NONE', #1514, #1301 ) ;
#1125 = ORIENTED_EDGE ( 'NONE', *, *, #1404, .F. ) ;
#1126 = CARTESIAN_POINT ( 'NONE',  ( 1.645000000000001350, 3.016666666666667052, -2.849223578450803096 ) ) ;
#1127 = EDGE_LOOP ( 'NONE', ( #1874, #453, #1885, #1607 ) ) ;
#1128 = CARTESIAN_POINT ( 'NONE',  ( 0.000000000000000000, 2.970000000000001972, 0.000000000000000000 ) ) ;
#1129 = ORIENTED_EDGE ( 'NONE', *, *, #1492, .T. ) ;
#1130 = CARTESIAN_POINT ( 'NONE',  ( -3.695541772205989339, 1.099999999999997202, 1.198413955977071677 ) ) ;
#1131 = FACE_OUTER_BOUND ( 'NONE', #2224, .T. ) ;
#1132 = ORIENTED_EDGE ( 'NONE', *, *, #650, .F. ) ;
#1133 = ADVANCED_FACE ( 'NONE', ( #398 ), #901, .F. ) ;
#1134 = DIRECTION ( 'NONE',  ( -0.000000000000000000, -1.000000000000000000, -0.000000000000000000 ) ) ;
#1135 = CARTESIAN_POINT ( 'NONE',  ( -4.838238867220958639, 8.433332707419250340, -1.265642109103774171 ) ) ;
#1136 = CARTESIAN_POINT ( 'NONE',  ( 4.470153296551812261, -0.9416666666666670960, 1.197773965854380673 ) ) ;
#1137 = CARTESIAN_POINT ( 'NONE',  ( 0.1789936958906658271, 3.461315189585152829, -5.398853479828590096 ) ) ;
#1138 = ORIENTED_EDGE ( 'NONE', *, *, #88, .T. ) ;
#1139 = CARTESIAN_POINT ( 'NONE',  ( 2.235076648275907907, 1.816666666666666874, -3.871266313624623034 ) ) ;
#1140 = AXIS2_PLACEMENT_3D ( 'NONE', #1900, #601, #2249 ) ;
#1141 = CARTESIAN_POINT ( 'NONE',  ( 0.000000000000000000, 10.10000000000000142, 0.000000000000000000 ) ) ;
#1142 = CARTESIAN_POINT ( 'NONE',  ( -0.6257876940914863795, 1.252110469281864313, -3.290000000000001368 ) ) ;
#1143 = AXIS2_PLACEMENT_3D ( 'NONE', #18, #2029, #2192 ) ;
#1144 = CARTESIAN_POINT ( 'NONE',  ( -4.996327913144486210, 7.600000000000002309, 2.048586679721718706 ) ) ;
#1145 = VERTEX_POINT ( 'NONE', #2112 ) ;
#1146 = VERTEX_POINT ( 'NONE', #2343 ) ;
#1147 = CARTESIAN_POINT ( 'NONE',  ( 0.000000000000000000, 1.099999999999996758, -3.884999999999999787 ) ) ;
#1148 = CARTESIAN_POINT ( 'NONE',  ( 2.017974564015339478, 2.400008418379260711, 4.574688913903007581 ) ) ;
#1149 =( BOUNDED_CURVE ( )  B_SPLINE_CURVE ( 1, ( #371, #1144 ),
 .UNSPECIFIED., .F., .F. ) 
 B_SPLINE_CURVE_WITH_KNOTS ( ( 2, 2 ),
 ( 0.000000000000000000, 0.0004316887992791904722 ),
 .UNSPECIFIED. ) 
 CURVE ( )  GEOMETRIC_REPRESENTATION_ITEM ( )  RATIONAL_B_SPLINE_CURVE ( ( 0.9988469377154602924, 0.9988469377154602924 ) ) 
 REPRESENTATION_ITEM ( '' )  );
#1150 = EDGE_CURVE ( 'NONE', #176, #1585, #1946, .T. ) ;
#1151 = CARTESIAN_POINT ( 'NONE',  ( 0.000000000000000000, 0.1000000000000002554, 3.290000000000000480 ) ) ;
#1152 = CARTESIAN_POINT ( 'NONE',  ( -0.7389620642992252852, 1.252110469281923599, -3.884999999999999787 ) ) ;
#1153 = ORIENTED_EDGE ( 'NONE', *, *, #1904, .T. ) ;
#1154 = ADVANCED_FACE ( 'NONE', ( #293 ), #1488, .F. ) ;
#1155 = CARTESIAN_POINT ( 'NONE',  ( 3.290000000000000480, 2.858333333333332948, 0.8815528430983946562 ) ) ;
#1156 = CARTESIAN_POINT ( 'NONE',  ( -1.472423620018831425, 2.970000000000001972, 2.942119760174735976 ) ) ;
#1157 = DIRECTION ( 'NONE',  ( 0.000000000000000000, 1.000000000000000000, 0.000000000000000000 ) ) ;
#1158 = CIRCLE ( 'NONE', #510, 3.290000000000000036 ) ;
#1159 = CARTESIAN_POINT ( 'NONE',  ( -0.8815528430983964325, -0.8916666666666669405, 3.290000000000000036 ) ) ;
#1160 = EDGE_LOOP ( 'NONE', ( #1216, #1317, #1957, #1207 ) ) ;
#1161 = PRODUCT_DEFINITION_FORMATION_WITH_SPECIFIED_SOURCE ( 'ANY', '', #916, .NOT_KNOWN. ) ;
#1162 = CARTESIAN_POINT ( 'NONE',  ( -0.7917215462065860798, 7.310144927536232018, 4.948752105548269498 ) ) ;
#1163 = DIRECTION ( 'NONE',  ( -0.000000000000000000, -1.000000000000000000, -0.000000000000000000 ) ) ;
#1164 = CARTESIAN_POINT ( 'NONE',  ( 4.757752814687467645E-16, 1.400000000000000133, -3.884999999999999787 ) ) ;
#1165 =( BOUNDED_CURVE ( )  B_SPLINE_CURVE ( 1, ( #2320, #1577 ),
 .UNSPECIFIED., .F., .T. ) 
 B_SPLINE_CURVE_WITH_KNOTS ( ( 2, 2 ),
 ( 4.848699518061080308E-19, 0.0005949999999999987417 ),
 .UNSPECIFIED. ) 
 CURVE ( )  GEOMETRIC_REPRESENTATION_ITEM ( )  RATIONAL_B_SPLINE_CURVE ( ( 0.9930807555817517951, 0.9930807555817517951 ) ) 
 REPRESENTATION_ITEM ( '' )  );
#1166 = ORIENTED_EDGE ( 'NONE', *, *, #203, .F. ) ;
#1167 = CARTESIAN_POINT ( 'NONE',  ( 2.849223578450803984, 3.066666666666666874, 1.645000000000000906 ) ) ;
#1168 = DIRECTION ( 'NONE',  ( 0.000000000000000000, 0.000000000000000000, 1.000000000000000000 ) ) ;
#1169 = EDGE_CURVE ( 'NONE', #418, #960, #1075, .T. ) ;
#1170 = CARTESIAN_POINT ( 'NONE',  ( 0.000000000000000000, 0.000000000000000000, 0.000000000000000000 ) ) ;
#1171 = CARTESIAN_POINT ( 'NONE',  ( 4.062278605011916177, 10.10000000000000142, -3.557793211425086977 ) ) ;
#1172 = CARTESIAN_POINT ( 'NONE',  ( -5.249099166041925280, 2.400008418351982975, -1.452470267728815934 ) ) ;
#1173 = ORIENTED_EDGE ( 'NONE', *, *, #1373, .T. ) ;
#1174 = CARTESIAN_POINT ( 'NONE',  ( -4.757752814687467645E-16, 2.600000000000000533, 3.884999999999999787 ) ) ;
#1175 = CARTESIAN_POINT ( 'NONE',  ( -4.029087969194793237E-16, 1.400000000000000133, 3.290000000000000924 ) ) ;
#1176 = CARTESIAN_POINT ( 'NONE',  ( -1.049999999999999600, 10.10000000000000142, -5.296933074902872463 ) ) ;
#1177 = ORIENTED_EDGE ( 'NONE', *, *, #13, .F. ) ;
#1178 = CARTESIAN_POINT ( 'NONE',  ( 4.029087969194793237E-16, 1.400000000000000133, -3.290000000000000924 ) ) ;
#1179 =( BOUNDED_SURFACE ( )  B_SPLINE_SURFACE ( 1, 2, ( 
 ( #1827, #739, #899, #2371, #1106, #1460, #719 ),
 ( #1835, #177, #1845, #566, #1299, #782, #1196 ) ),
 .UNSPECIFIED., .F., .F., .T. ) 
 B_SPLINE_SURFACE_WITH_KNOTS ( ( 2, 2 ),
 ( 3, 2, 2, 3 ),
 ( 0.000000000000000000, 1.000000000000000000 ),
 ( 0.000000000000000000, 0.02173913043478260809, 0.03000283781252658516, 0.03030286619065184969 ),
 .UNSPECIFIED. ) 
 GEOMETRIC_REPRESENTATION_ITEM ( )  RATIONAL_B_SPLINE_SURFACE ( (
 ( 1.000000000000000000, 0.9976687691905391508, 1.000000000000000000, 0.9991138279749891549, 0.9989013780496733830, 0.9989013780496733830, 0.9989013780496733830),
 ( 1.000000000000000000, 0.9976687691905391508, 1.000000000000000000, 0.9991138279749891549, 0.9989013780496733830, 0.9989013780496733830, 0.9989013780496733830) ) ) 
 REPRESENTATION_ITEM ( '' )  SURFACE ( )  );
#1180 = AXIS2_PLACEMENT_3D ( 'NONE', #1258, #1940, #1049 ) ;
#1181 = CARTESIAN_POINT ( 'NONE',  ( -4.538021098728348690, 4.520289855072464391, 2.099134228079837960 ) ) ;
#1182 = CARTESIAN_POINT ( 'NONE',  ( -2.818925648462311528E-15, 10.10000000000000142, 3.382710778154773834E-14 ) ) ;
#1183 = EDGE_CURVE ( 'NONE', #932, #1547, #1165, .T. ) ;
#1184 = AXIS2_PLACEMENT_3D ( 'NONE', #422, #1163, #1897 ) ;
#1185 = CARTESIAN_POINT ( 'NONE',  ( 0.000000000000000000, 5.100000000000000533, 3.290000000000000480 ) ) ;
#1186 = ORIENTED_EDGE ( 'NONE', *, *, #2174, .F. ) ;
#1187 = EDGE_CURVE ( 'NONE', #833, #304, #1495, .T. ) ;
#1188 = CIRCLE ( 'NONE', #570, 5.000000000000000000 ) ;
#1189 = CYLINDRICAL_SURFACE ( 'NONE', #911, 5.000000000000000000 ) ;
#1190 = AXIS2_PLACEMENT_3D ( 'NONE', #1565, #2347, #2297 ) ;
#1191 = CARTESIAN_POINT ( 'NONE',  ( -0.1826701823332504138, 2.322925597101828554, 4.996670942229070711 ) ) ;
#1192 = CARTESIAN_POINT ( 'NONE',  ( 1.125410964134426761, 10.10000000000000142, -4.871698898926945631 ) ) ;
#1193 = DIRECTION ( 'NONE',  ( 0.000000000000000000, 1.000000000000000000, 0.000000000000000000 ) ) ;
#1194 = VERTEX_POINT ( 'NONE', #2166 ) ;
#1195 = DIRECTION ( 'NONE',  ( -0.000000000000000000, -1.000000000000000000, -0.000000000000000000 ) ) ;
#1196 = CARTESIAN_POINT ( 'NONE',  ( 4.662175506851001572, 2.322925597129473108, 2.724742783599982676 ) ) ;
#1197 = CIRCLE ( 'NONE', #340, 2.350000000000000089 ) ;
#1198 = FACE_OUTER_BOUND ( 'NONE', #858, .T. ) ;
#1199 = CARTESIAN_POINT ( 'NONE',  ( 1.472423620018831425, 2.970000000000001972, -2.942119760174735976 ) ) ;
#1200 = EDGE_CURVE ( 'NONE', #2016, #932, #947, .T. ) ;
#1201 = CARTESIAN_POINT ( 'NONE',  ( 2.849223578450803984, -1.933333333333333348, 1.645000000000000906 ) ) ;
#1202 = VERTEX_POINT ( 'NONE', #1972 ) ;
#1203 = CARTESIAN_POINT ( 'NONE',  ( -0.7773075448290379663, 2.783697520922529645, 3.290000000000000036 ) ) ;
#1204 = EDGE_CURVE ( 'NONE', #627, #2272, #495, .T. ) ;
#1205 = CARTESIAN_POINT ( 'NONE',  ( -1.420842128008731775, 7.600000000000000533, -4.793871884737390232 ) ) ;
#1206 = CARTESIAN_POINT ( 'NONE',  ( -3.323610289880935209, 2.400008418351826212, 4.256009238828969643 ) ) ;
#1207 = ORIENTED_EDGE ( 'NONE', *, *, #1618, .F. ) ;
#1208 = ORIENTED_EDGE ( 'NONE', *, *, #1369, .F. ) ;
#1209 = CARTESIAN_POINT ( 'NONE',  ( 0.7262613041380018286, 7.310144927536232906, 5.410549217357107032 ) ) ;
#1210 = FACE_OUTER_BOUND ( 'NONE', #104, .T. ) ;
#1211 = CARTESIAN_POINT ( 'NONE',  ( 3.029039732623504566, 2.970000000000001084, 1.284141074098999358 ) ) ;
#1212 = DIRECTION ( 'NONE',  ( 0.000000000000000000, 0.000000000000000000, -1.000000000000000000 ) ) ;
#1213 = CARTESIAN_POINT ( 'NONE',  ( 3.871266313624626143, 0.9333333333333337922, -2.235076648275904354 ) ) ;
#1214 = CARTESIAN_POINT ( 'NONE',  ( 1.645000000000000240, 3.483333333333333393, 2.849223578450803984 ) ) ;
#1215 =( BOUNDED_CURVE ( )  B_SPLINE_CURVE ( 1, ( #2290, #641 ),
 .UNSPECIFIED., .F., .T. ) 
 B_SPLINE_CURVE_WITH_KNOTS ( ( 2, 2 ),
 ( 0.000000000000000000, 0.0004316887992791894422 ),
 .UNSPECIFIED. ) 
 CURVE ( )  GEOMETRIC_REPRESENTATION_ITEM ( )  RATIONAL_B_SPLINE_CURVE ( ( 0.9988469377154602924, 0.9988469377154602924 ) ) 
 REPRESENTATION_ITEM ( '' )  );
#1216 = ORIENTED_EDGE ( 'NONE', *, *, #1809, .T. ) ;
#1217 = CARTESIAN_POINT ( 'NONE',  ( -1.588287307240040525, 1.099999999999996092, -2.888692941663749014 ) ) ;
#1218 = CARTESIAN_POINT ( 'NONE',  ( -1.645000000000001350, 3.016666666666667052, 2.849223578450803096 ) ) ;
#1219 = EDGE_CURVE ( 'NONE', #1271, #304, #2078, .T. ) ;
#1220 = CARTESIAN_POINT ( 'NONE',  ( 0.000000000000000000, 0.000000000000000000, -1.449999999999998623 ) ) ;
#1221 = EDGE_LOOP ( 'NONE', ( #2283, #5 ) ) ;
#1222 = CARTESIAN_POINT ( 'NONE',  ( 0.01723948953830024833, 7.310144927536232906, 5.459047638126298452 ) ) ;
#1223 = CARTESIAN_POINT ( 'NONE',  ( 5.112278605011902677, 10.10000000000000142, 1.739139863477800807 ) ) ;
#1224 = CARTESIAN_POINT ( 'NONE',  ( 4.757752814687465673E-16, 2.970000000000001972, 3.884999999999999343 ) ) ;
#1225 = CARTESIAN_POINT ( 'NONE',  ( 2.235076648275906130, 2.183333333333333570, 3.871266313624625255 ) ) ;
#1226 = CARTESIAN_POINT ( 'NONE',  ( 3.290000000000000480, -1.149999999999999911, 2.014543984597396372E-16 ) ) ;
#1227 = ORIENTED_EDGE ( 'NONE', *, *, #579, .F. ) ;
#1228 = FACE_OUTER_BOUND ( 'NONE', #2144, .T. ) ;
#1229 = LINE ( 'NONE', #1430, #116 ) ;
#1230 = CIRCLE ( 'NONE', #1190, 3.884999999999999343 ) ;
#1231 = CARTESIAN_POINT ( 'NONE',  ( 1.049999999999999600, 10.10000000000000142, 5.296933074902872463 ) ) ;
#1232 = VERTEX_POINT ( 'NONE', #307 ) ;
#1233 = CARTESIAN_POINT ( 'NONE',  ( 0.000000000000000000, 7.600000000000002309, 0.000000000000000000 ) ) ;
#1234 = CARTESIAN_POINT ( 'NONE',  ( -4.659598147732233464, 2.361466416093144449, -2.729133749931605735 ) ) ;
#1235 = ORIENTED_EDGE ( 'NONE', *, *, #1341, .T. ) ;
#1236 = DIRECTION ( 'NONE',  ( -0.000000000000000000, -1.000000000000000000, -0.000000000000000000 ) ) ;
#1237 = CARTESIAN_POINT ( 'NONE',  ( -3.272379330697434252, 3.224999999999999645, 3.272379330697433808 ) ) ;
#1238 = CARTESIAN_POINT ( 'NONE',  ( -3.272379330697433808, 3.274999999999999911, -3.272379330697433808 ) ) ;
#1239 = ORIENTED_EDGE ( 'NONE', *, *, #2212, .T. ) ;
#1240 = CARTESIAN_POINT ( 'NONE',  ( 0.000000000000000000, 1.099999999999996758, 0.000000000000000000 ) ) ;
#1241 = CARTESIAN_POINT ( 'NONE',  ( -0.8815528430983946562, 2.808333333333333126, 3.290000000000000036 ) ) ;
#1242 = CARTESIAN_POINT ( 'NONE',  ( -5.112278605011923993, 10.10000000000000142, 1.739139863477727754 ) ) ;
#1243 = ORIENTED_EDGE ( 'NONE', *, *, #1081, .T. ) ;
#1244 = CARTESIAN_POINT ( 'NONE',  ( 1.426320600371284053, 1.099999999999996758, 3.613700948467719609 ) ) ;
#1245 = CARTESIAN_POINT ( 'NONE',  ( -4.305638327695263889, 7.310144927536232018, -3.279925742454854909 ) ) ;
#1246 = ORIENTED_EDGE ( 'NONE', *, *, #29, .T. ) ;
#1247 = FACE_OUTER_BOUND ( 'NONE', #1707, .T. ) ;
#1248 = ADVANCED_FACE ( 'NONE', ( #1561, #103 ), #1378, .F. ) ;
#1249 =( BOUNDED_CURVE ( )  B_SPLINE_CURVE ( 2, ( #2076, #275, #458 ),
 .UNSPECIFIED., .F., .T. ) 
 B_SPLINE_CURVE_WITH_KNOTS ( ( 3, 3 ),
 ( 0.000000000000000000, 0.3246877118238137849 ),
 .UNSPECIFIED. ) 
 CURVE ( )  GEOMETRIC_REPRESENTATION_ITEM ( )  RATIONAL_B_SPLINE_CURVE ( ( 1.000000000000000000, 0.9989553478551193022, 0.9988469377154274298 ) ) 
 REPRESENTATION_ITEM ( '' )  );
#1250 = CARTESIAN_POINT ( 'NONE',  ( -4.029087969194793237E-16, 1.400000000000000133, 3.290000000000000924 ) ) ;
#1251 = CARTESIAN_POINT ( 'NONE',  ( -3.290000000000000480, 3.850000000000000089, -2.014543984597396372E-16 ) ) ;
#1252 = CARTESIAN_POINT ( 'NONE',  ( -4.827849718688064229, 4.520289855072464391, 2.419063267829835606 ) ) ;
#1253 = ORIENTED_EDGE ( 'NONE', *, *, #392, .T. ) ;
#1254 = ORIENTED_EDGE ( 'NONE', *, *, #2072, .F. ) ;
#1255 = CARTESIAN_POINT ( 'NONE',  ( -1.645000000000002016, -0.6833333333333331261, 2.849223578450803096 ) ) ;
#1256 = CARTESIAN_POINT ( 'NONE',  ( -5.209084217607081513, 7.600000000000002309, -1.423180105916609595 ) ) ;
#1257 = ORIENTED_EDGE ( 'NONE', *, *, #984, .T. ) ;
#1258 = CARTESIAN_POINT ( 'NONE',  ( 0.000000000000000000, 7.600000000000000533, 0.000000000000000000 ) ) ;
#1259 = CARTESIAN_POINT ( 'NONE',  ( 3.272379330697434696, 0.7249999999999999778, -3.272379330697433364 ) ) ;
#1260 = EDGE_CURVE ( 'NONE', #1342, #1357, #1573, .T. ) ;
#1261 = CARTESIAN_POINT ( 'NONE',  ( -5.474358926320167867E-16, 1.400000000000000133, 4.470153296551814037 ) ) ;
#1262 = EDGE_CURVE ( 'NONE', #1068, #1011, #992, .T. ) ;
#1263 =( GEOMETRIC_REPRESENTATION_CONTEXT ( 3 ) GLOBAL_UNCERTAINTY_ASSIGNED_CONTEXT ( ( #912 ) ) GLOBAL_UNIT_ASSIGNED_CONTEXT ( ( #729, #2012, #389 ) ) REPRESENTATION_CONTEXT ( 'NONE', 'WORKASPACE' ) );
#1264 = CARTESIAN_POINT ( 'NONE',  ( 2.408447156901604380, 1.975000000000000089, 2.408447156901607489 ) ) ;
#1265 = AXIS2_PLACEMENT_3D ( 'NONE', #2358, #157, #1092 ) ;
#1266 = CARTESIAN_POINT ( 'NONE',  ( -4.883928956521986109, 10.10000000000000142, 2.410383762230464910 ) ) ;
#1267 = ORIENTED_EDGE ( 'NONE', *, *, #1187, .F. ) ;
#1268 = CARTESIAN_POINT ( 'NONE',  ( 2.952809531840678403, 2.400008418351826212, -4.034961693581591291 ) ) ;
#1269 = AXIS2_PLACEMENT_3D ( 'NONE', #563, #1630, #707 ) ;
#1270 = CARTESIAN_POINT ( 'NONE',  ( -3.129557897183448567, 1.099999999999994538, 1.014873079836448255 ) ) ;
#1271 = VERTEX_POINT ( 'NONE', #2126 ) ;
#1272 = DIRECTION ( 'NONE',  ( -0.000000000000000000, -1.000000000000000000, -0.000000000000000000 ) ) ;
#1273 = SURFACE_SIDE_STYLE ('',( #1084 ) ) ;
#1274 = CARTESIAN_POINT ( 'NONE',  ( -2.235076648275906575, 3.483333333333333393, -3.871266313624623923 ) ) ;
#1275 = AXIS2_PLACEMENT_3D ( 'NONE', #385, #1502, #587 ) ;
#1276 = CARTESIAN_POINT ( 'NONE',  ( -0.1789936958906658271, 3.461315189585152829, 5.398853479828590096 ) ) ;
#1277 = ADVANCED_FACE ( 'NONE', ( #847 ), #1819, .F. ) ;
#1278 = CARTESIAN_POINT ( 'NONE',  ( -4.695812317651167689, 2.400008418379259378, 2.666335814820697259 ) ) ;
#1279 = CARTESIAN_POINT ( 'NONE',  ( -5.209084217607081513, 7.600000000000002309, -1.423180105916609595 ) ) ;
#1280 = CARTESIAN_POINT ( 'NONE',  ( 3.289918354934207922, 1.099999999999986766, -0.2069855177718713801 ) ) ;
#1281 = ORIENTED_EDGE ( 'NONE', *, *, #2241, .T. ) ;
#1282 = CARTESIAN_POINT ( 'NONE',  ( -4.757752814687467645E-16, 1.400000000000000133, 3.884999999999999787 ) ) ;
#1283 = VECTOR ( 'NONE', #548, 1000.000000000000000 ) ;
#1284 = DIRECTION ( 'NONE',  ( 3.825153952153634353E-18, -0.9995120760870787047, 0.03123475237772111585 ) ) ;
#1285 = CARTESIAN_POINT ( 'NONE',  ( 0.000000000000000000, 14.89999999999999680, 0.000000000000000000 ) ) ;
#1286 = CARTESIAN_POINT ( 'NONE',  ( -4.765041112787740119, 3.461315189598770381, 2.544413652154056127 ) ) ;
#1287 = ORIENTED_EDGE ( 'NONE', *, *, #441, .F. ) ;
#1288 = EDGE_CURVE ( 'NONE', #616, #427, #533, .T. ) ;
#1289 = CARTESIAN_POINT ( 'NONE',  ( -0.8815528430983923247, 2.391666666666666163, -3.290000000000001368 ) ) ;
#1290 = ORIENTED_EDGE ( 'NONE', *, *, #1600, .T. ) ;
#1291 = DIRECTION ( 'NONE',  ( 0.000000000000000000, 0.000000000000000000, -1.000000000000000000 ) ) ;
#1292 = CARTESIAN_POINT ( 'NONE',  ( 4.029087969194792251E-16, 2.970000000000001972, 3.290000000000000036 ) ) ;
#1293 = CARTESIAN_POINT ( 'NONE',  ( -4.993318179340067609, 7.310144927536232018, 2.088829300064629635 ) ) ;
#1294 = ORIENTED_EDGE ( 'NONE', *, *, #108, .T. ) ;
#1295 = CARTESIAN_POINT ( 'NONE',  ( -2.165553813768724467, 2.970000000000003748, 2.485464305207128799 ) ) ;
#1296 = FACE_BOUND ( 'NONE', #638, .T. ) ;
#1297 = EDGE_CURVE ( 'NONE', #833, #1387, #346, .T. ) ;
#1298 = ORIENTED_EDGE ( 'NONE', *, *, #282, .T. ) ;
#1299 = CARTESIAN_POINT ( 'NONE',  ( 4.657020788609830930, 2.400007235111831339, 2.733524716269436716 ) ) ;
#1300 = ADVANCED_FACE ( 'NONE', ( #359 ), #537, .T. ) ;
#1301 = VECTOR ( 'NONE', #1859, 1000.000000000000000 ) ;
#1302 = CARTESIAN_POINT ( 'NONE',  ( 0.000000000000000000, 1.099999999999996758, 0.000000000000000000 ) ) ;
#1303 = DIRECTION ( 'NONE',  ( 0.000000000000000000, 0.000000000000000000, -1.000000000000000000 ) ) ;
#1304 = CARTESIAN_POINT ( 'NONE',  ( -0.8248691392579258208, 7.600000000000000533, 4.931489724525428997 ) ) ;
#1305 = EDGE_LOOP ( 'NONE', ( #498, #257, #127, #781 ) ) ;
#1306 = CARTESIAN_POINT ( 'NONE',  ( -1.836120356537226606, 2.970000000000003748, 2.737849186696855064 ) ) ;
#1307 = CARTESIAN_POINT ( 'NONE',  ( 2.101365728472922356, 1.099999999999996092, 2.539834237112716941 ) ) ;
#1308 = ORIENTED_EDGE ( 'NONE', *, *, #1451, .T. ) ;
#1309 = SURFACE_STYLE_USAGE ( .BOTH. , #2194 ) ;
#1310 = CIRCLE ( 'NONE', #1782, 5.399999999999999467 ) ;
#1311 = CARTESIAN_POINT ( 'NONE',  ( -3.576844790651160899, 2.970000000000000639, -1.516379353457322221 ) ) ;
#1312 = EDGE_CURVE ( 'NONE', #1976, #627, #451, .T. ) ;
#1313 = CIRCLE ( 'NONE', #1004, 2.350000000000000089 ) ;
#1314 = DIRECTION ( 'NONE',  ( 0.000000000000000000, 0.000000000000000000, -1.000000000000000000 ) ) ;
#1315 = ORIENTED_EDGE ( 'NONE', *, *, #1950, .F. ) ;
#1316 = FACE_OUTER_BOUND ( 'NONE', #283, .T. ) ;
#1317 = ORIENTED_EDGE ( 'NONE', *, *, #1860, .F. ) ;
#1318 =( BOUNDED_CURVE ( )  B_SPLINE_CURVE ( 2, ( #2035, #2231, #1538 ),
 .UNSPECIFIED., .F., .F. ) 
 B_SPLINE_CURVE_WITH_KNOTS ( ( 3, 3 ),
 ( 0.000000000000000000, 0.009741561899813138206 ),
 .UNSPECIFIED. ) 
 CURVE ( )  GEOMETRIC_REPRESENTATION_ITEM ( )  RATIONAL_B_SPLINE_CURVE ( ( 1.000000000000000000, 0.9989553478552768429, 0.9988469377154602924 ) ) 
 REPRESENTATION_ITEM ( '' )  );
#1319 = DIRECTION ( 'NONE',  ( -0.000000000000000000, -1.000000000000000000, -0.000000000000000000 ) ) ;
#1320 = CARTESIAN_POINT ( 'NONE',  ( 0.03879160816692697050, 2.400008418351983863, -5.399860665900169110 ) ) ;
#1321 = EDGE_LOOP ( 'NONE', ( #146, #1562, #1308, #46, #1995, #1729 ) ) ;
#1322 = CARTESIAN_POINT ( 'NONE',  ( 4.470153296551814037, 2.650000000000000355, 2.737179463160083933E-16 ) ) ;
#1323 = CARTESIAN_POINT ( 'NONE',  ( -3.884999999999998455, 1.558333333333333348, -1.040982612594914425 ) ) ;
#1324 = CARTESIAN_POINT ( 'NONE',  ( 4.970784095858718388, 2.400008418379260711, 0.5397272203234159127 ) ) ;
#1325 = ORIENTED_EDGE ( 'NONE', *, *, #787, .F. ) ;
#1326 = CARTESIAN_POINT ( 'NONE',  ( 3.884999999999998455, 1.558333333333333348, 1.040982612594914425 ) ) ;
#1327 = CARTESIAN_POINT ( 'NONE',  ( 0.000000000000000000, 7.600000000000002309, 0.000000000000000000 ) ) ;
#1328 = CARTESIAN_POINT ( 'NONE',  ( -1.645000000000001794, 0.5166666666666670515, 2.849223578450802652 ) ) ;
#1329 = CARTESIAN_POINT ( 'NONE',  ( 4.695812317649371792, 2.400008418351983863, -2.666335814823863615 ) ) ;
#1330 =( BOUNDED_CURVE ( )  B_SPLINE_CURVE ( 2, ( #1096, #1656, #730, #1474, #721, #1323, #20, #1498, #1130 ),
 .UNSPECIFIED., .F., .T. ) 
 B_SPLINE_CURVE_WITH_KNOTS ( ( 3, 2, 2, 2, 3 ),
 ( 0.2499999999999955036, 0.2916666666666634100, 0.3333333333333313164, 0.3749999999999992228, 0.3999317594045466162 ),
 .UNSPECIFIED. ) 
 CURVE ( )  GEOMETRIC_REPRESENTATION_ITEM ( )  RATIONAL_B_SPLINE_CURVE ( ( 1.000000000000003775, 0.9659258262890646485, 1.000000000000000000, 0.9659258262890683122, 1.000000000000000000, 0.9659258262890683122, 1.000000000000000000, 0.9796113015791277912, 0.9836222570911057339 ) ) 
 REPRESENTATION_ITEM ( '' )  );
#1331 = ORIENTED_EDGE ( 'NONE', *, *, #1631, .F. ) ;
#1332 = CARTESIAN_POINT ( 'NONE',  ( 0.000000000000000000, 3.900000000000000355, 4.470153296551814037 ) ) ;
#1333 = DIRECTION ( 'NONE',  ( -0.000000000000000000, -1.000000000000000000, -0.000000000000000000 ) ) ;
#1334 = CARTESIAN_POINT ( 'NONE',  ( -1.207875103017111096, 1.100000000000000311, -3.060251253657355175 ) ) ;
#1335 = VECTOR ( 'NONE', #1798, 1000.000000000000000 ) ;
#1336 = CARTESIAN_POINT ( 'NONE',  ( 0.8815528430983938790, -1.308333333333333348, 3.290000000000000924 ) ) ;
#1337 = ORIENTED_EDGE ( 'NONE', *, *, #2254, .T. ) ;
#1338 = ORIENTED_EDGE ( 'NONE', *, *, #972, .T. ) ;
#1339 = CARTESIAN_POINT ( 'NONE',  ( -1.050000000000000044, 10.10000000000000142, 5.296933074902872463 ) ) ;
#1340 = CARTESIAN_POINT ( 'NONE',  ( -3.858365761719037224, 7.600000000000000533, -3.180096484195766848 ) ) ;
#1341 = EDGE_CURVE ( 'NONE', #1068, #770, #1807, .T. ) ;
#1342 = VERTEX_POINT ( 'NONE', #743 ) ;
#1343 = CARTESIAN_POINT ( 'NONE',  ( 4.529418049222122100, 10.10000000000000142, -3.024414665511181433 ) ) ;
#1344 = ORIENTED_EDGE ( 'NONE', *, *, #1187, .T. ) ;
#1345 = CARTESIAN_POINT ( 'NONE',  ( 4.470153296551811373, 2.858333333333332948, 1.197773965854380451 ) ) ;
#1346 = SURFACE_STYLE_USAGE ( .BOTH. , #1273 ) ;
#1347 = CARTESIAN_POINT ( 'NONE',  ( 4.062278605011893973, 10.10000000000000142, 3.557793211425117619 ) ) ;
#1348 = CARTESIAN_POINT ( 'NONE',  ( 0.000000000000000000, 19.89999999999999858, 0.000000000000000000 ) ) ;
#1349 = AXIS2_PLACEMENT_3D ( 'NONE', #645, #1421, #272 ) ;
#1350 = CARTESIAN_POINT ( 'NONE',  ( 2.408447156901605712, 4.475000000000000533, 2.408447156901605712 ) ) ;
#1351 = ORIENTED_EDGE ( 'NONE', *, *, #88, .F. ) ;
#1352 = CARTESIAN_POINT ( 'NONE',  ( -0.8815528430983947672, 1.608333333333333393, 3.290000000000000480 ) ) ;
#1353 = CARTESIAN_POINT ( 'NONE',  ( -1.645000000000001572, 1.816666666666666874, 2.849223578450803540 ) ) ;
#1354 = CARTESIAN_POINT ( 'NONE',  ( 5.474358926320168853E-16, 2.600000000000000533, -4.470153296551814925 ) ) ;
#1355 = CARTESIAN_POINT ( 'NONE',  ( 3.882425733115665967, 2.400008418351982975, -3.819618090911646835 ) ) ;
#1356 = EDGE_CURVE ( 'NONE', #1748, #752, #686, .T. ) ;
#1357 = VERTEX_POINT ( 'NONE', #1485 ) ;
#1358 = CARTESIAN_POINT ( 'NONE',  ( 1.645000000000001572, 1.816666666666666874, -2.849223578450803540 ) ) ;
#1359 = EDGE_CURVE ( 'NONE', #672, #1713, #2067, .T. ) ;
#1360 =( BOUNDED_CURVE ( )  B_SPLINE_CURVE ( 1, ( #709, #1967 ),
 .UNSPECIFIED., .F., .T. ) 
 B_SPLINE_CURVE_WITH_KNOTS ( ( 2, 2 ),
 ( 0.000000000000000000, 0.0005949999999999981996 ),
 .UNSPECIFIED. ) 
 CURVE ( )  GEOMETRIC_REPRESENTATION_ITEM ( )  RATIONAL_B_SPLINE_CURVE ( ( 0.9861706953697972899, 0.9861706953697972899 ) ) 
 REPRESENTATION_ITEM ( '' )  );
#1361 = CARTESIAN_POINT ( 'NONE',  ( 4.029087969194793237E-16, 1.400000000000000133, -3.290000000000000924 ) ) ;
#1362 = ORIENTED_EDGE ( 'NONE', *, *, #181, .T. ) ;
#1363 = CARTESIAN_POINT ( 'NONE',  ( -4.029087969194792744E-16, 2.600000000000000533, 3.290000000000000480 ) ) ;
#1364 = DIRECTION ( 'NONE',  ( -0.000000000000000000, -1.000000000000000000, -0.000000000000000000 ) ) ;
#1365 = DIRECTION ( 'NONE',  ( -0.000000000000000000, -1.000000000000000000, -0.000000000000000000 ) ) ;
#1366 = CARTESIAN_POINT ( 'NONE',  ( 4.719054190317668152, 7.310144927536232906, -2.744453654951582777 ) ) ;
#1367 = ORIENTED_EDGE ( 'NONE', *, *, #929, .T. ) ;
#1368 = CARTESIAN_POINT ( 'NONE',  ( -2.408447156901604824, 0.7750000000000001332, -2.408447156901607933 ) ) ;
#1369 = EDGE_CURVE ( 'NONE', #802, #1122, #894, .T. ) ;
#1370 = CONICAL_SURFACE ( 'NONE', #1416, 2.187499999999999556, 0.03123983343026818377 ) ;
#1371 = CARTESIAN_POINT ( 'NONE',  ( 0.000000000000000000, 19.89999999999999858, -1.649999999999999911 ) ) ;
#1372 = CARTESIAN_POINT ( 'NONE',  ( 3.290000000000000924, 2.650000000000000355, 2.014543984597396619E-16 ) ) ;
#1373 = EDGE_CURVE ( 'NONE', #1387, #1962, #21, .T. ) ;
#1374 = CARTESIAN_POINT ( 'NONE',  ( 3.290000000000000480, -2.141666666666667052, 0.8815528430983946562 ) ) ;
#1375 = ORIENTED_EDGE ( 'NONE', *, *, #2032, .F. ) ;
#1376 = CARTESIAN_POINT ( 'NONE',  ( 0.000000000000000000, 12.60000000000000142, -2.049999999999999822 ) ) ;
#1377 = CARTESIAN_POINT ( 'NONE',  ( 1.894022380360779856, 3.461315189598770825, 5.058886919325026099 ) ) ;
#1378 = PLANE ( 'NONE',  #1457 ) ;
#1379 = ORIENTED_EDGE ( 'NONE', *, *, #1657, .F. ) ;
#1380 = CARTESIAN_POINT ( 'NONE',  ( -3.129557897183448567, 1.099999999999994538, 1.014873079836448255 ) ) ;
#1381 = CARTESIAN_POINT ( 'NONE',  ( -5.301475413726976171, 4.520289855072464391, -1.026819574048130734 ) ) ;
#1382 = CARTESIAN_POINT ( 'NONE',  ( -4.235908879155248385, 2.322925597101828110, -2.656532489529114915 ) ) ;
#1383 = CARTESIAN_POINT ( 'NONE',  ( -4.693298231632368811, 2.361466416093144449, 2.670763492397237648 ) ) ;
#1384 = CARTESIAN_POINT ( 'NONE',  ( 3.837052234687917007, 7.600000000000002309, -3.799609209942050647 ) ) ;
#1385 = EDGE_CURVE ( 'NONE', #616, #168, #154, .T. ) ;
#1386 = CARTESIAN_POINT ( 'NONE',  ( -5.048803722726244558, 7.310144927536232906, -2.076313869509487375 ) ) ;
#1387 = VERTEX_POINT ( 'NONE', #1659 ) ;
#1388 = CARTESIAN_POINT ( 'NONE',  ( -2.401636224761866334, 1.099999999999996092, -2.258016678574815028 ) ) ;
#1389 = LINE ( 'NONE', #475, #1775 ) ;
#1390 = AXIS2_PLACEMENT_3D ( 'NONE', #1302, #379, #1119 ) ;
#1391 = ORIENTED_EDGE ( 'NONE', *, *, #128, .F. ) ;
#1392 = CARTESIAN_POINT ( 'NONE',  ( 5.112278605011903565, 10.10000000000000142, 1.739139863477800585 ) ) ;
#1393 = CARTESIAN_POINT ( 'NONE',  ( 3.290000000000000480, -2.141666666666667052, 0.8815528430983946562 ) ) ;
#1394 = CARTESIAN_POINT ( 'NONE',  ( 0.000000000000000000, 19.89999999999999858, -1.649999999999999911 ) ) ;
#1395 = CARTESIAN_POINT ( 'NONE',  ( 0.02860871594673164084, 2.322925597101828554, -5.399933817634567923 ) ) ;
#1396 = CARTESIAN_POINT ( 'NONE',  ( 3.290000000000001368, 1.141666666666666607, -0.8815528430983922137 ) ) ;
#1397 =( BOUNDED_CURVE ( )  B_SPLINE_CURVE ( 2, ( #1171, #2090, #1384 ),
 .UNSPECIFIED., .F., .T. ) 
 B_SPLINE_CURVE_WITH_KNOTS ( ( 3, 3 ),
 ( 0.000000000000000000, 0.009741561899813143410 ),
 .UNSPECIFIED. ) 
 CURVE ( )  GEOMETRIC_REPRESENTATION_ITEM ( )  RATIONAL_B_SPLINE_CURVE ( ( 1.000000000000000000, 0.9989553478552768429, 0.9988469377154602924 ) ) 
 REPRESENTATION_ITEM ( '' )  );
#1398 = PRODUCT_RELATED_PRODUCT_CATEGORY ( 'part', '', ( #916 ) ) ;
#1399 = FACE_OUTER_BOUND ( 'NONE', #653, .T. ) ;
#1400 = ORIENTED_EDGE ( 'NONE', *, *, #1200, .F. ) ;
#1401 = ORIENTED_EDGE ( 'NONE', *, *, #1904, .F. ) ;
#1402 = CARTESIAN_POINT ( 'NONE',  ( -3.135337837880356915, 1.099999999999997868, -1.017935814038275710 ) ) ;
#1403 = CARTESIAN_POINT ( 'NONE',  ( 1.420849592021889540, 7.600000000000001421, 4.793869672493320522 ) ) ;
#1404 = EDGE_CURVE ( 'NONE', #1507, #1948, #753, .T. ) ;
#1405 = ORIENTED_EDGE ( 'NONE', *, *, #1107, .T. ) ;
#1406 = CARTESIAN_POINT ( 'NONE',  ( 0.000000000000000000, 7.600000000000001421, -1.984374999999999556 ) ) ;
#1407 = DIRECTION ( 'NONE',  ( 0.000000000000000000, 0.000000000000000000, -1.000000000000000000 ) ) ;
#1408 = DIRECTION ( 'NONE',  ( 0.000000000000000000, 1.000000000000000000, 0.000000000000000000 ) ) ;
#1409 = ORIENTED_EDGE ( 'NONE', *, *, #1297, .F. ) ;
#1410 = CARTESIAN_POINT ( 'NONE',  ( 0.4511069818935508069, 4.520289855072464391, -4.979608668448443964 ) ) ;
#1411 = CARTESIAN_POINT ( 'NONE',  ( -4.470153296551814925, 3.850000000000000089, -2.737179463160084427E-16 ) ) ;
#1412 = APPLICATION_CONTEXT ( 'automotive_design' ) ;
#1413 =( BOUNDED_CURVE ( )  B_SPLINE_CURVE ( 1, ( #1986, #298 ),
 .UNSPECIFIED., .F., .T. ) 
 B_SPLINE_CURVE_WITH_KNOTS ( ( 2, 2 ),
 ( 0.000000000000000000, 0.0004316887992791891711 ),
 .UNSPECIFIED. ) 
 CURVE ( )  GEOMETRIC_REPRESENTATION_ITEM ( )  RATIONAL_B_SPLINE_CURVE ( ( 0.9988469377154600704, 0.9988469377154600704 ) ) 
 REPRESENTATION_ITEM ( '' )  );
#1414 = B_SPLINE_CURVE_WITH_KNOTS ( 'NONE', 3,
 ( #89, #995, #613, #2285 ),
 .UNSPECIFIED., .F., .F.,
 ( 4, 4 ),
 ( 0.000000000000000000, 0.3246758015733970937 ),
 .UNSPECIFIED. ) ;
#1415 = CARTESIAN_POINT ( 'NONE',  ( 3.272379330697432476, 0.7750000000000001332, 3.272379330697435140 ) ) ;
#1416 = AXIS2_PLACEMENT_3D ( 'NONE', #1641, #386, #1823 ) ;
#1417 = FACE_OUTER_BOUND ( 'NONE', #134, .T. ) ;
#1418 = CARTESIAN_POINT ( 'NONE',  ( 2.849223578450805316, -0.2666666666666663299, -1.644999999999998241 ) ) ;
#1419 = CARTESIAN_POINT ( 'NONE',  ( 0.8248691392579263759, 7.600000000000000533, -4.931489724525428997 ) ) ;
#1420 = EDGE_LOOP ( 'NONE', ( #1298, #1918, #410, #1943 ) ) ;
#1421 = DIRECTION ( 'NONE',  ( -0.000000000000000000, -1.000000000000000000, -0.000000000000000000 ) ) ;
#1422 = ADVANCED_FACE ( 'NONE', ( #2210 ), #2148, .T. ) ;
#1423 = CARTESIAN_POINT ( 'NONE',  ( -4.781585799167361372, 10.10000000000000142, -1.461655652060710242 ) ) ;
#1424 = CARTESIAN_POINT ( 'NONE',  ( -4.662175506852827667, 2.322925597101828110, -2.724742783596860285 ) ) ;
#1425 = ORIENTED_EDGE ( 'NONE', *, *, #711, .T. ) ;
#1426 = CARTESIAN_POINT ( 'NONE',  ( 3.364508693702543685, 2.233333333333333837, -1.942499999999999227 ) ) ;
#1427 = CARTESIAN_POINT ( 'NONE',  ( -3.871266313624624367, -0.7333333333333332815, -2.235076648275907907 ) ) ;
#1428 = CARTESIAN_POINT ( 'NONE',  ( -2.408447156901606157, 2.024999999999999911, 2.408447156901605712 ) ) ;
#1429 =( BOUNDED_CURVE ( )  B_SPLINE_CURVE ( 2, ( #1595, #1954, #314 ),
 .UNSPECIFIED., .F., .T. ) 
 B_SPLINE_CURVE_WITH_KNOTS ( ( 3, 3 ),
 ( 0.2131118611180964351, 0.2499999999999955036 ),
 .UNSPECIFIED. ) 
 CURVE ( )  GEOMETRIC_REPRESENTATION_ITEM ( )  RATIONAL_B_SPLINE_CURVE ( ( 0.9930807555817504628, 0.9698336115487637965, 0.9999999999999963363 ) ) 
 REPRESENTATION_ITEM ( '' )  );
#1430 = CARTESIAN_POINT ( 'NONE',  ( 0.000000000000000000, 0.000000000000000000, -3.884999999999999787 ) ) ;
#1431 = AXIS2_PLACEMENT_3D ( 'NONE', #1016, #2375, #722 ) ;
#1432 = CARTESIAN_POINT ( 'NONE',  ( -3.818918882328550701, 7.310144927536232018, 3.835660680395353683 ) ) ;
#1433 = ORIENTED_EDGE ( 'NONE', *, *, #1822, .F. ) ;
#1434 = CARTESIAN_POINT ( 'NONE',  ( 3.129557897183448567, 1.099999999999994538, -1.014873079836448255 ) ) ;
#1435 = CARTESIAN_POINT ( 'NONE',  ( -4.161702853145133219, 3.461314598853480362, -2.774361663277613577 ) ) ;
#1436 = EDGE_CURVE ( 'NONE', #1547, #2069, #597, .T. ) ;
#1437 = ORIENTED_EDGE ( 'NONE', *, *, #282, .F. ) ;
#1438 = DIRECTION ( 'NONE',  ( 0.000000000000000000, 0.000000000000000000, -1.000000000000000000 ) ) ;
#1439 = EDGE_CURVE ( 'NONE', #683, #936, #236, .T. ) ;
#1440 = CARTESIAN_POINT ( 'NONE',  ( 2.408447156901604824, 0.7750000000000001332, 2.408447156901607933 ) ) ;
#1441 = CARTESIAN_POINT ( 'NONE',  ( 3.290000000000000924, 0.1499999999999999667, 6.043631953792188870E-16 ) ) ;
#1442 = DIRECTION ( 'NONE',  ( 0.000000000000000000, 0.000000000000000000, -1.000000000000000000 ) ) ;
#1443 = ORIENTED_EDGE ( 'NONE', *, *, #1297, .T. ) ;
#1444 = CARTESIAN_POINT ( 'NONE',  ( -3.289999999999999591, 1.558333333333333348, -0.8815528430983960995 ) ) ;
#1445 = VERTEX_POINT ( 'NONE', #975 ) ;
#1446 = CARTESIAN_POINT ( 'NONE',  ( 4.781585799167380912, 10.10000000000000142, -1.461655652060644739 ) ) ;
#1447 = ORIENTED_EDGE ( 'NONE', *, *, #1463, .T. ) ;
#1448 = CARTESIAN_POINT ( 'NONE',  ( 4.781585799167380024, 10.10000000000000142, -1.461655652060645849 ) ) ;
#1449 = CARTESIAN_POINT ( 'NONE',  ( 3.290000000000000480, 1.350000000000000089, 6.043631953792187884E-16 ) ) ;
#1450 = CARTESIAN_POINT ( 'NONE',  ( 3.290000000000000924, 0.1499999999999999667, 6.043631953792188870E-16 ) ) ;
#1451 = EDGE_CURVE ( 'NONE', #2069, #2334, #1087, .T. ) ;
#1452 = VECTOR ( 'NONE', #876, 999.9999999999998863 ) ;
#1453 = CARTESIAN_POINT ( 'NONE',  ( 4.062278605011916177, 10.10000000000000142, -3.557793211425086977 ) ) ;
#1454 = CARTESIAN_POINT ( 'NONE',  ( -4.062278605011941046, 10.10000000000000142, 3.557793211425058555 ) ) ;
#1455 = ORIENTED_EDGE ( 'NONE', *, *, #338, .F. ) ;
#1456 = CARTESIAN_POINT ( 'NONE',  ( -2.849223578450804872, 0.9333333333333337922, 1.644999999999998019 ) ) ;
#1457 = AXIS2_PLACEMENT_3D ( 'NONE', #1028, #1193, #874 ) ;
#1458 = CARTESIAN_POINT ( 'NONE',  ( 4.693298231632349271, 2.361466416093144449, -2.670763492397270955 ) ) ;
#1459 = ORIENTED_EDGE ( 'NONE', *, *, #1537, .F. ) ;
#1460 = CARTESIAN_POINT ( 'NONE',  ( 4.233396591163939071, 2.361466416120652223, 2.660521664453995960 ) ) ;
#1461 = CARTESIAN_POINT ( 'NONE',  ( 5.165517525014338140, 8.851443009871351464, 1.582641701715172600 ) ) ;
#1462 = CONICAL_SURFACE ( 'NONE', #415, 2.475000000000000089, 0.1683901571475300285 ) ;
#1463 = EDGE_CURVE ( 'NONE', #527, #2235, #1318, .T. ) ;
#1464 = DIRECTION ( 'NONE',  ( -0.000000000000000000, -1.000000000000000000, -0.000000000000000000 ) ) ;
#1465 = DIRECTION ( 'NONE',  ( 0.000000000000000000, 0.000000000000000000, -1.000000000000000000 ) ) ;
#1466 = CARTESIAN_POINT ( 'NONE',  ( -1.124961973314053232, 10.10000000000000142, 4.871802598484194391 ) ) ;
#1467 = FACE_OUTER_BOUND ( 'NONE', #1536, .T. ) ;
#1468 = ORIENTED_EDGE ( 'NONE', *, *, #1183, .T. ) ;
#1469 = CARTESIAN_POINT ( 'NONE',  ( 0.000000000000000000, 7.600000000000000533, 0.000000000000000000 ) ) ;
#1470 = AXIS2_PLACEMENT_3D ( 'NONE', #455, #1924, #1031 ) ;
#1471 = EDGE_LOOP ( 'NONE', ( #58, #118, #1281, #1558 ) ) ;
#1472 = VECTOR ( 'NONE', #183, 1000.000000000000114 ) ;
#1473 = UNCERTAINTY_MEASURE_WITH_UNIT (LENGTH_MEASURE( 1.000000000000000082E-05 ), #390, 'distance_accuracy_value', 'NONE');
#1474 = CARTESIAN_POINT ( 'NONE',  ( -2.844017387405086250, 1.975000000000000089, -2.844017387405088915 ) ) ;
#1475 = CARTESIAN_POINT ( 'NONE',  ( -3.441188122800092675, 7.600000000000001421, 3.627426677894340035 ) ) ;
#1476 = CARTESIAN_POINT ( 'NONE',  ( 0.000000000000000000, 1.099999999999996758, 0.000000000000000000 ) ) ;
#1477 = VERTEX_POINT ( 'NONE', #1147 ) ;
#1478 = CARTESIAN_POINT ( 'NONE',  ( 1.645000000000000018, 4.683333333333333570, 2.849223578450803984 ) ) ;
#1479 = ADVANCED_FACE ( 'NONE', ( #2058 ), #2222, .T. ) ;
#1480 = CARTESIAN_POINT ( 'NONE',  ( 0.000000000000000000, 10.10000000000000142, 0.000000000000000000 ) ) ;
#1481 = ORIENTED_EDGE ( 'NONE', *, *, #1063, .F. ) ;
#1482 = CARTESIAN_POINT ( 'NONE',  ( -1.372031982919189375, 7.600000000000002309, -5.222789315858608283 ) ) ;
#1483 = CARTESIAN_POINT ( 'NONE',  ( 1.775737858763659698E-16, 19.89999999999999858, 1.449999999999997513 ) ) ;
#1484 = FACE_OUTER_BOUND ( 'NONE', #979, .T. ) ;
#1485 = CARTESIAN_POINT ( 'NONE',  ( 0.000000000000000000, 14.89999999999999680, -1.975000000000000089 ) ) ;
#1486 = PRESENTATION_LAYER_ASSIGNMENT (  '', '', ( #2338 ) ) ;
#1487 = CARTESIAN_POINT ( 'NONE',  ( -4.757752814687467645E-16, 1.400000000000000133, 3.884999999999999787 ) ) ;
#1488 =( BOUNDED_SURFACE ( )  B_SPLINE_SURFACE ( 1, 2, ( 
 ( #1758, #1432, #694, #1786, #1206 ),
 ( #2333, #1935, #132, #816, #1055 ) ),
 .UNSPECIFIED., .F., .F., .T. ) 
 B_SPLINE_SURFACE_WITH_KNOTS ( ( 2, 2 ),
 ( 3, 2, 3 ),
 ( 0.000000000000000000, 1.000000000000000000 ),
 ( 0.000000000000000000, 0.02173913043478260809, 0.03000283320694753508 ),
 .UNSPECIFIED. ) 
 GEOMETRIC_REPRESENTATION_ITEM ( )  RATIONAL_B_SPLINE_SURFACE ( (
 ( 1.000000000000000000, 0.9976687691905391508, 1.000000000000000000, 0.9991138284688758642, 0.9989013782864812896),
 ( 1.000000000000000000, 0.9976687691905391508, 1.000000000000000000, 0.9991138284688758642, 0.9989013782864812896) ) ) 
 REPRESENTATION_ITEM ( '' )  SURFACE ( )  );
#1489 = CARTESIAN_POINT ( 'NONE',  ( -2.715062659847247151, 2.970000000000001528, 1.869543352961901661 ) ) ;
#1490 = CIRCLE ( 'NONE', #448, 5.000000000000000000 ) ;
#1491 = FACE_OUTER_BOUND ( 'NONE', #700, .T. ) ;
#1492 = EDGE_CURVE ( 'NONE', #1854, #1011, #457, .T. ) ;
#1493 = EDGE_LOOP ( 'NONE', ( #1246, #2193, #1799, #2321, #577, #2316 ) ) ;
#1494 = CARTESIAN_POINT ( 'NONE',  ( 2.770763383070886474E-16, 12.60000000000000142, 2.049999999999999822 ) ) ;
#1495 = CIRCLE ( 'NONE', #1531, 5.000000000000000000 ) ;
#1496 = PRESENTATION_STYLE_ASSIGNMENT (( #1346 ) ) ;
#1497 = AXIS2_PLACEMENT_3D ( 'NONE', #434, #988, #1703 ) ;
#1498 = CARTESIAN_POINT ( 'NONE',  ( -3.884999999999999787, 1.227082725235731031, 0.6141827799223430473 ) ) ;
#1499 = CARTESIAN_POINT ( 'NONE',  ( -5.015933440994171377, 2.400008418351982975, -2.122056466990127177 ) ) ;
#1500 = ORIENTED_EDGE ( 'NONE', *, *, #181, .F. ) ;
#1501 = CARTESIAN_POINT ( 'NONE',  ( 3.364508693702543241, 1.766666666666666829, 1.942500000000001448 ) ) ;
#1502 = DIRECTION ( 'NONE',  ( -0.000000000000000000, -1.000000000000000000, -0.000000000000000000 ) ) ;
#1503 = CARTESIAN_POINT ( 'NONE',  ( 3.871266313624624811, 3.433333333333333570, -2.235076648275906575 ) ) ;
#1504 = PRODUCT_DEFINITION ( 'UNKNOWN', '', #1161, #557 ) ;
#1505 = CARTESIAN_POINT ( 'NONE',  ( 1.050000000000000488, 10.10000000000000142, -5.296933074902872463 ) ) ;
#1506 =( BOUNDED_CURVE ( )  B_SPLINE_CURVE ( 2, ( #1964, #312, #508 ),
 .UNSPECIFIED., .F., .T. ) 
 B_SPLINE_CURVE_WITH_KNOTS ( ( 3, 3 ),
 ( 0.000000000000000000, 0.009741561899813145145 ),
 .UNSPECIFIED. ) 
 CURVE ( )  GEOMETRIC_REPRESENTATION_ITEM ( )  RATIONAL_B_SPLINE_CURVE ( ( 1.000000000000000000, 0.9989553478552766208, 0.9988469377154600704 ) ) 
 REPRESENTATION_ITEM ( '' )  );
#1507 = VERTEX_POINT ( 'NONE', #1304 ) ;
#1508 = CYLINDRICAL_SURFACE ( 'NONE', #2096, 5.000000000000000000 ) ;
#1509 = EDGE_CURVE ( 'NONE', #1105, #1477, #1124, .T. ) ;
#1510 = CARTESIAN_POINT ( 'NONE',  ( 5.166653658605119048, 4.520289855072463503, 1.722905077362244519 ) ) ;
#1511 = CIRCLE ( 'NONE', #1700, 2.187499999999999556 ) ;
#1512 = CARTESIAN_POINT ( 'NONE',  ( 0.000000000000000000, 2.970000000000001972, 3.290000000000000036 ) ) ;
#1513 = ORIENTED_EDGE ( 'NONE', *, *, #1950, .T. ) ;
#1514 = CARTESIAN_POINT ( 'NONE',  ( 0.000000000000000000, 0.000000000000000000, -3.884999999999999787 ) ) ;
#1515 = CARTESIAN_POINT ( 'NONE',  ( -4.062278605011867327, 10.10000000000000142, -3.557793211425143820 ) ) ;
#1516 = CYLINDRICAL_SURFACE ( 'NONE', #149, 3.884999999999999787 ) ;
#1517 = DIRECTION ( 'NONE',  ( 0.000000000000000000, 0.000000000000000000, -1.000000000000000000 ) ) ;
#1518 = ORIENTED_EDGE ( 'NONE', *, *, #93, .F. ) ;
#1519 = CARTESIAN_POINT ( 'NONE',  ( 2.235076648275906575, 3.483333333333333393, 3.871266313624623923 ) ) ;
#1520 = DIRECTION ( 'NONE',  ( 0.000000000000000000, 0.000000000000000000, -1.000000000000000000 ) ) ;
#1521 = CARTESIAN_POINT ( 'NONE',  ( -3.290000000000000480, 3.850000000000000089, -2.014543984597396372E-16 ) ) ;
#1522 = EDGE_CURVE ( 'NONE', #427, #616, #1810, .T. ) ;
#1523 = CARTESIAN_POINT ( 'NONE',  ( -1.645000000000002016, -0.6833333333333331261, 2.849223578450803096 ) ) ;
#1524 = ORIENTED_EDGE ( 'NONE', *, *, #1509, .T. ) ;
#1525 = CARTESIAN_POINT ( 'NONE',  ( -2.849223578450803984, 2.233333333333333837, 1.644999999999999796 ) ) ;
#1526 = CARTESIAN_POINT ( 'NONE',  ( -2.408447156901606157, 3.274999999999999911, -2.408447156901606157 ) ) ;
#1527 = CARTESIAN_POINT ( 'NONE',  ( 0.8815528430983937680, -0.1083333333333335452, 3.290000000000000480 ) ) ;
#1528 = CARTESIAN_POINT ( 'NONE',  ( -0.3888293168405860256, 4.520289855072463503, -5.432450984219143741 ) ) ;
#1529 = VERTEX_POINT ( 'NONE', #2244 ) ;
#1530 = FACE_OUTER_BOUND ( 'NONE', #1030, .T. ) ;
#1531 = AXIS2_PLACEMENT_3D ( 'NONE', #861, #2307, #145 ) ;
#1532 = CARTESIAN_POINT ( 'NONE',  ( 0.7773075448290379663, 2.783697520922529645, -3.290000000000000036 ) ) ;
#1533 =( BOUNDED_SURFACE ( )  B_SPLINE_SURFACE ( 1, 2, ( 
 ( #1744, #1732, #1717, #1377, #815 ),
 ( #1908, #435, #421, #76, #1148 ) ),
 .UNSPECIFIED., .F., .F., .F. ) 
 B_SPLINE_SURFACE_WITH_KNOTS ( ( 2, 2 ),
 ( 3, 2, 3 ),
 ( 0.000000000000000000, 1.000000000000000000 ),
 ( 0.000000000000000000, 0.02173913043478260809, 0.03000283320684075244 ),
 .UNSPECIFIED. ) 
 GEOMETRIC_REPRESENTATION_ITEM ( )  RATIONAL_B_SPLINE_SURFACE ( (
 ( 1.000000000000000000, 0.9976687691905391508, 1.000000000000000000, 0.9991138284688874105, 0.9989013782864868407),
 ( 1.000000000000000000, 0.9976687691905391508, 1.000000000000000000, 0.9991138284688874105, 0.9989013782864868407) ) ) 
 REPRESENTATION_ITEM ( '' )  SURFACE ( )  );
#1534 = AXIS2_PLACEMENT_3D ( 'NONE', #573, #1134, #75 ) ;
#1535 = CARTESIAN_POINT ( 'NONE',  ( -3.289999999999999591, 1.558333333333333348, -0.8815528430983960995 ) ) ;
#1536 = EDGE_LOOP ( 'NONE', ( #2120, #1401, #2098, #1455, #1325 ) ) ;
#1537 = EDGE_CURVE ( 'NONE', #1529, #738, #1996, .T. ) ;
#1538 = CARTESIAN_POINT ( 'NONE',  ( -3.837052234687943653, 7.600000000000002309, 3.799609209942023558 ) ) ;
#1539 = CARTESIAN_POINT ( 'NONE',  ( -3.290000000000000924, 2.441666666666666430, 0.8815528430983933239 ) ) ;
#1540 = CARTESIAN_POINT ( 'NONE',  ( 1.197773965854379563, -0.1083333333333335452, 4.470153296551814037 ) ) ;
#1541 = DIRECTION ( 'NONE',  ( 0.000000000000000000, 1.000000000000000000, 0.000000000000000000 ) ) ;
#1542 = VERTEX_POINT ( 'NONE', #2070 ) ;
#1543 = CARTESIAN_POINT ( 'NONE',  ( 1.197773965854379341, -1.308333333333333348, 4.470153296551812261 ) ) ;
#1544 = DIRECTION ( 'NONE',  ( -0.000000000000000000, -1.000000000000000000, -0.000000000000000000 ) ) ;
#1545 = CARTESIAN_POINT ( 'NONE',  ( 1.645000000000001572, 1.816666666666666874, -2.849223578450803540 ) ) ;
#1546 = CARTESIAN_POINT ( 'NONE',  ( 3.290000000000000480, 2.858333333333332948, 0.8815528430983946562 ) ) ;
#1547 = VERTEX_POINT ( 'NONE', #420 ) ;
#1548 = CARTESIAN_POINT ( 'NONE',  ( 0.000000000000000000, 0.000000000000000000, 0.000000000000000000 ) ) ;
#1549 = CARTESIAN_POINT ( 'NONE',  ( 0.000000000000000000, 14.89999999999999680, -1.975000000000000089 ) ) ;
#1550 = CARTESIAN_POINT ( 'NONE',  ( 1.197773965854379563, 4.891666666666667496, 4.470153296551814037 ) ) ;
#1551 = CARTESIAN_POINT ( 'NONE',  ( -4.736841284952594933, 8.851443009682965268, 1.608030575222911596 ) ) ;
#1552 = ORIENTED_EDGE ( 'NONE', *, *, #299, .F. ) ;
#1553 = ADVANCED_FACE ( 'NONE', ( #1316 ), #1907, .F. ) ;
#1554 = CARTESIAN_POINT ( 'NONE',  ( -2.235076648275908795, -0.6833333333333331261, 3.871266313624622590 ) ) ;
#1555 = DIRECTION ( 'NONE',  ( -0.000000000000000000, -1.000000000000000000, -0.000000000000000000 ) ) ;
#1556 = CARTESIAN_POINT ( 'NONE',  ( -3.129557897183448567, 1.099999999999994538, 1.014873079836448255 ) ) ;
#1557 = FACE_OUTER_BOUND ( 'NONE', #676, .T. ) ;
#1558 = ORIENTED_EDGE ( 'NONE', *, *, #774, .T. ) ;
#1559 = CARTESIAN_POINT ( 'NONE',  ( 3.289999999999999591, 1.558333333333333348, 0.8815528430983962105 ) ) ;
#1560 = DIRECTION ( 'NONE',  ( 0.000000000000000000, 0.000000000000000000, -1.000000000000000000 ) ) ;
#1561 = FACE_BOUND ( 'NONE', #362, .T. ) ;
#1562 = ORIENTED_EDGE ( 'NONE', *, *, #2314, .T. ) ;
#1563 = LINE ( 'NONE', #310, #1041 ) ;
#1564 = CARTESIAN_POINT ( 'NONE',  ( -3.290000000000000036, 0.3583333333333333370, -0.8815528430983962105 ) ) ;
#1565 = CARTESIAN_POINT ( 'NONE',  ( 0.000000000000000000, 2.970000000000001972, 0.000000000000000000 ) ) ;
#1566 = ADVANCED_FACE ( 'NONE', ( #2220 ), #204, .T. ) ;
#1567 = CARTESIAN_POINT ( 'NONE',  ( 0.000000000000000000, 10.10000000000000142, 0.000000000000000000 ) ) ;
#1568 = CARTESIAN_POINT ( 'NONE',  ( 3.029039732623504566, 2.970000000000001084, 1.284141074098999358 ) ) ;
#1569 =( BOUNDED_CURVE ( )  B_SPLINE_CURVE ( 2, ( #78, #1152, #610 ),
 .UNSPECIFIED., .F., .T. ) 
 B_SPLINE_CURVE_WITH_KNOTS ( ( 3, 3 ),
 ( 0.3451267686257774026, 0.3750000000000000000 ),
 .UNSPECIFIED. ) 
 CURVE ( )  GEOMETRIC_REPRESENTATION_ITEM ( )  RATIONAL_B_SPLINE_CURVE ( ( 0.9861706953697968459, 0.9755702637963492574, 1.000000000000000000 ) ) 
 REPRESENTATION_ITEM ( '' )  );
#1570 = AXIS2_PLACEMENT_3D ( 'NONE', #1170, #1333, #1901 ) ;
#1571 = CARTESIAN_POINT ( 'NONE',  ( 2.408447156901606157, -1.725000000000000089, 2.408447156901606157 ) ) ;
#1572 = ORIENTED_EDGE ( 'NONE', *, *, #564, .T. ) ;
#1573 = CIRCLE ( 'NONE', #300, 1.975000000000000089 ) ;
#1574 = ORIENTED_EDGE ( 'NONE', *, *, #553, .T. ) ;
#1575 = CARTESIAN_POINT ( 'NONE',  ( -3.238521496857066584, 1.099999999999986988, 0.6151294994511027348 ) ) ;
#1576 = FACE_BOUND ( 'NONE', #1858, .T. ) ;
#1577 = CARTESIAN_POINT ( 'NONE',  ( -1.738712998107333485, 2.970000000000000639, 3.474205248716978556 ) ) ;
#1578 = ORIENTED_EDGE ( 'NONE', *, *, #792, .T. ) ;
#1579 = ORIENTED_EDGE ( 'NONE', *, *, #1600, .F. ) ;
#1580 = CARTESIAN_POINT ( 'NONE',  ( 0.6702119118186444791, 2.400008418351982975, 5.404954017087902685 ) ) ;
#1581 = CARTESIAN_POINT ( 'NONE',  ( 0.000000000000000000, 0.000000000000000000, 0.000000000000000000 ) ) ;
#1582 = CARTESIAN_POINT ( 'NONE',  ( 0.000000000000000000, 0.000000000000000000, 0.000000000000000000 ) ) ;
#1583 =( BOUNDED_CURVE ( )  B_SPLINE_CURVE ( 2, ( #1199, #1532, #1009, #636, #800, #2118, #1752, #223, #2104, #996, #1556 ),
 .UNSPECIFIED., .F., .T. ) 
 B_SPLINE_CURVE_WITH_KNOTS ( ( 3, 2, 2, 2, 2, 3 ),
 ( 0.2131118611180948252, 0.2500000000000000000, 0.2916666666666666852, 0.3333333333333333148, 0.3750000000000000000, 0.3999317594045468383 ),
 .UNSPECIFIED. ) 
 CURVE ( )  GEOMETRIC_REPRESENTATION_ITEM ( )  RATIONAL_B_SPLINE_CURVE ( ( 0.9930807555817524612, 0.9698336115487597997, 1.000000000000000000, 0.9659258262890683122, 1.000000000000000000, 0.9659258262890683122, 1.000000000000000000, 0.9659258262890683122, 1.000000000000000000, 0.9796113015791275691, 0.9836222570911059560 ) ) 
 REPRESENTATION_ITEM ( '' )  );
#1584 = CARTESIAN_POINT ( 'NONE',  ( 3.290000000000000036, 0.3583333333333333370, 0.8815528430983962105 ) ) ;
#1585 = VERTEX_POINT ( 'NONE', #214 ) ;
#1586 = CARTESIAN_POINT ( 'NONE',  ( 3.129557897183448567, 1.099999999999994538, -1.014873079836448255 ) ) ;
#1587 = CARTESIAN_POINT ( 'NONE',  ( -0.8815528430983938790, -1.308333333333333348, -3.290000000000000924 ) ) ;
#1588 = STYLED_ITEM ( 'NONE', ( #1496 ), #69 ) ;
#1589 = CARTESIAN_POINT ( 'NONE',  ( -1.412320148355253657, 7.310144927536232018, -5.225111107286263490 ) ) ;
#1590 = EDGE_LOOP ( 'NONE', ( #79, #1741, #2040, #296 ) ) ;
#1591 = CARTESIAN_POINT ( 'NONE',  ( -0.03879160816692697050, 2.400008418351983863, 5.399860665900169110 ) ) ;
#1592 = CARTESIAN_POINT ( 'NONE',  ( 0.000000000000000000, 0.000000000000000000, 0.000000000000000000 ) ) ;
#1593 = DIRECTION ( 'NONE',  ( -0.000000000000000000, -1.000000000000000000, -0.000000000000000000 ) ) ;
#1594 = ORIENTED_EDGE ( 'NONE', *, *, #326, .F. ) ;
#1595 = CARTESIAN_POINT ( 'NONE',  ( 1.738712998107333485, 2.970000000000000639, -3.474205248716978556 ) ) ;
#1596 = CARTESIAN_POINT ( 'NONE',  ( -4.470153296551814037, 3.641666666666666607, 1.197773965854379119 ) ) ;
#1597 = CARTESIAN_POINT ( 'NONE',  ( 1.197773965854382672, -0.8916666666666669405, -4.470153296551811373 ) ) ;
#1598 = ORIENTED_EDGE ( 'NONE', *, *, #364, .T. ) ;
#1599 = DIRECTION ( 'NONE',  ( -0.000000000000000000, -1.000000000000000000, -0.000000000000000000 ) ) ;
#1600 = EDGE_CURVE ( 'NONE', #932, #1651, #178, .T. ) ;
#1601 = CARTESIAN_POINT ( 'NONE',  ( -3.290000000000000924, -2.350000000000000089, -2.014543984597396619E-16 ) ) ;
#1602 = CARTESIAN_POINT ( 'NONE',  ( 0.000000000000000000, 2.970000000000001972, 0.000000000000000000 ) ) ;
#1603 = EDGE_LOOP ( 'NONE', ( #1405, #565, #1005, #1888 ) ) ;
#1604 = FACE_BOUND ( 'NONE', #2230, .T. ) ;
#1605 = CARTESIAN_POINT ( 'NONE',  ( -2.849223578450805316, -0.2666666666666663299, 1.644999999999998241 ) ) ;
#1606 = FACE_BOUND ( 'NONE', #1221, .T. ) ;
#1607 = ORIENTED_EDGE ( 'NONE', *, *, #2057, .T. ) ;
#1608 =( NAMED_UNIT ( * ) PLANE_ANGLE_UNIT ( ) SI_UNIT ( $, .RADIAN. ) );
#1609 = COLOUR_RGB ( '',0.7921568627450980005, 0.8196078431372548767, 0.9333333333333333481 ) ;
#1610 = CARTESIAN_POINT ( 'NONE',  ( 3.871266313624623034, 0.5666666666666666519, 2.235076648275908795 ) ) ;
#1611 = CARTESIAN_POINT ( 'NONE',  ( -3.029039732623504566, 2.970000000000001084, -1.284141074098999358 ) ) ;
#1612 = CARTESIAN_POINT ( 'NONE',  ( 2.408447156901604824, 0.7750000000000001332, 2.408447156901607933 ) ) ;
#1613 = ADVANCED_FACE ( 'NONE', ( #1228 ), #1013, .T. ) ;
#1614 = AXIS2_PLACEMENT_3D ( 'NONE', #1240, #1000, #1970 ) ;
#1615 = DIRECTION ( 'NONE',  ( 0.000000000000000000, 0.000000000000000000, -1.000000000000000000 ) ) ;
#1616 = VERTEX_POINT ( 'NONE', #829 ) ;
#1617 = CARTESIAN_POINT ( 'NONE',  ( -3.290000000000000924, 0.1499999999999999667, -6.043631953792188870E-16 ) ) ;
#1618 = EDGE_CURVE ( 'NONE', #1759, #520, #497, .T. ) ;
#1619 = CARTESIAN_POINT ( 'NONE',  ( 0.000000000000000000, 7.600000000000001421, 0.000000000000000000 ) ) ;
#1620 = VERTEX_POINT ( 'NONE', #1025 ) ;
#1621 = CARTESIAN_POINT ( 'NONE',  ( 0.1789936178157584823, 3.461314598853480362, -5.398853484448202344 ) ) ;
#1622 = CARTESIAN_POINT ( 'NONE',  ( -1.197773965854380895, 2.808333333333333126, 4.470153296551812261 ) ) ;
#1623 = CARTESIAN_POINT ( 'NONE',  ( -1.197773965854380673, 1.608333333333333393, 4.470153296551811373 ) ) ;
#1624 = CARTESIAN_POINT ( 'NONE',  ( 0.000000000000000000, 10.10000000000000142, 0.000000000000000000 ) ) ;
#1625 = DIRECTION ( 'NONE',  ( -0.000000000000000000, -1.000000000000000000, -0.000000000000000000 ) ) ;
#1626 = EDGE_CURVE ( 'NONE', #943, #1616, #242, .T. ) ;
#1627 = ORIENTED_EDGE ( 'NONE', *, *, #250, .F. ) ;
#1628 = CARTESIAN_POINT ( 'NONE',  ( -2.408447156901604380, 1.975000000000000089, -2.408447156901607489 ) ) ;
#1629 = VECTOR ( 'NONE', #1284, 1000.000000000000114 ) ;
#1630 = DIRECTION ( 'NONE',  ( -0.000000000000000000, -1.000000000000000000, -0.000000000000000000 ) ) ;
#1631 = EDGE_CURVE ( 'NONE', #2288, #2038, #2052, .T. ) ;
#1632 = VERTEX_POINT ( 'NONE', #114 ) ;
#1633 = CARTESIAN_POINT ( 'NONE',  ( -5.112278605011923993, 10.10000000000000142, 1.739139863477727976 ) ) ;
#1634 = CARTESIAN_POINT ( 'NONE',  ( -2.849223578450803540, -0.7333333333333332815, -1.645000000000000684 ) ) ;
#1635 = B_SPLINE_CURVE_WITH_KNOTS ( 'NONE', 1,
 ( #323, #496 ),
 .UNSPECIFIED., .F., .F.,
 ( 2, 2 ),
 ( 0.000000000000000000, 1.000000000000000000 ),
 .UNSPECIFIED. ) ;
#1636 = APPLICATION_CONTEXT ( 'automotive_design' ) ;
#1637 = CARTESIAN_POINT ( 'NONE',  ( -1.645000000000000240, 3.483333333333333393, -2.849223578450803984 ) ) ;
#1638 = DIRECTION ( 'NONE',  ( 0.000000000000000000, 0.000000000000000000, -1.000000000000000000 ) ) ;
#1639 = CARTESIAN_POINT ( 'NONE',  ( 3.858360810311966649, 7.600000000000000533, 3.180102491657900377 ) ) ;
#1640 = ORIENTED_EDGE ( 'NONE', *, *, #886, .T. ) ;
#1641 = CARTESIAN_POINT ( 'NONE',  ( 0.000000000000000000, 1.099999999999996758, 0.000000000000000000 ) ) ;
#1642 = CARTESIAN_POINT ( 'NONE',  ( 4.418579061488531856, 2.322925597101828110, -2.340138452699995320 ) ) ;
#1643 = ORIENTED_EDGE ( 'NONE', *, *, #338, .T. ) ;
#1644 = CARTESIAN_POINT ( 'NONE',  ( 0.000000000000000000, 0.000000000000000000, 0.000000000000000000 ) ) ;
#1645 = EDGE_CURVE ( 'NONE', #1357, #616, #2135, .T. ) ;
#1646 = CARTESIAN_POINT ( 'NONE',  ( 3.656623825853333010, 10.10000000000000142, -3.410146946423531666 ) ) ;
#1647 = CARTESIAN_POINT ( 'NONE',  ( 4.272292063065682655, 7.600000000000002309, 3.302653558559536684 ) ) ;
#1648 = CARTESIAN_POINT ( 'NONE',  ( -0.8248691392579258208, 7.600000000000000533, 4.931489724525428997 ) ) ;
#1649 = ORIENTED_EDGE ( 'NONE', *, *, #93, .T. ) ;
#1650 = CARTESIAN_POINT ( 'NONE',  ( 3.323610289880905011, 2.400008418351826212, -4.256009238828993624 ) ) ;
#1651 = VERTEX_POINT ( 'NONE', #502 ) ;
#1652 = AXIS2_PLACEMENT_3D ( 'NONE', #405, #1882, #2267 ) ;
#1653 = CARTESIAN_POINT ( 'NONE',  ( 3.237826428262784439, 1.099999999999998090, 0.6188834297257377326 ) ) ;
#1654 = VERTEX_POINT ( 'NONE', #2110 ) ;
#1655 = CYLINDRICAL_SURFACE ( 'NONE', #567, 3.884999999999999787 ) ;
#1656 = CARTESIAN_POINT ( 'NONE',  ( -1.040982612594808732, 2.391666666666690144, -3.885000000000058407 ) ) ;
#1657 = EDGE_CURVE ( 'NONE', #1357, #1342, #68, .T. ) ;
#1658 = CARTESIAN_POINT ( 'NONE',  ( -3.515197652193656097, 8.433332707419252117, 3.557216714038717420 ) ) ;
#1659 = CARTESIAN_POINT ( 'NONE',  ( 3.858360810311966649, 7.600000000000000533, 3.180102491657900377 ) ) ;
#1660 = CARTESIAN_POINT ( 'NONE',  ( -4.862037714821934031, 7.600000000000001421, -1.166442994599004912 ) ) ;
#1661 =( BOUNDED_SURFACE ( )  B_SPLINE_SURFACE ( 1, 2, ( 
 ( #246, #982, #1181, #81, #1709, #1725, #2298 ),
 ( #2065, #221, #648, #957, #1913, #1383, #2117 ) ),
 .UNSPECIFIED., .F., .F., .T. ) 
 B_SPLINE_SURFACE_WITH_KNOTS ( ( 2, 2 ),
 ( 3, 2, 2, 3 ),
 ( 0.000000000000000000, 1.000000000000000000 ),
 ( 0.000000000000000000, 0.02173913043478260809, 0.03000283781263311800, 0.03030286619075944765 ),
 .UNSPECIFIED. ) 
 GEOMETRIC_REPRESENTATION_ITEM ( )  RATIONAL_B_SPLINE_SURFACE ( (
 ( 1.000000000000000000, 0.9976687691905391508, 1.000000000000000000, 0.9991138279749778306, 0.9989013780496678319, 0.9989013780496678319, 0.9989013780496678319),
 ( 1.000000000000000000, 0.9976687691905391508, 1.000000000000000000, 0.9991138279749778306, 0.9989013780496678319, 0.9989013780496678319, 0.9989013780496678319) ) ) 
 REPRESENTATION_ITEM ( '' )  SURFACE ( )  );
#1662 = CARTESIAN_POINT ( 'NONE',  ( -3.029039732623504566, 2.970000000000001084, -1.284141074098999358 ) ) ;
#1663 = CARTESIAN_POINT ( 'NONE',  ( 4.681605813539825967, 7.310144927536232018, -1.788725081035725140 ) ) ;
#1664 = ORIENTED_EDGE ( 'NONE', *, *, #1, .T. ) ;
#1665 = DIRECTION ( 'NONE',  ( -0.000000000000000000, -1.000000000000000000, -0.000000000000000000 ) ) ;
#1666 = CARTESIAN_POINT ( 'NONE',  ( 5.015933440994190029, 2.400008418351982975, 2.122056466990094759 ) ) ;
#1667 = DIRECTION ( 'NONE',  ( 0.000000000000000000, 1.000000000000000000, 0.000000000000000000 ) ) ;
#1668 = EDGE_CURVE ( 'NONE', #2167, #1713, #846, .T. ) ;
#1669 = CARTESIAN_POINT ( 'NONE',  ( -4.430958745242826957, 3.461315189598769937, 3.170065151493118627 ) ) ;
#1670 = VERTEX_POINT ( 'NONE', #2278 ) ;
#1671 = CARTESIAN_POINT ( 'NONE',  ( 3.057573356007092347, 3.461315189585075114, -3.958294889264032612 ) ) ;
#1672 = CARTESIAN_POINT ( 'NONE',  ( -1.124961973314053232, 10.10000000000000142, -4.871802598484195279 ) ) ;
#1673 = VERTEX_POINT ( 'NONE', #130 ) ;
#1674 = CARTESIAN_POINT ( 'NONE',  ( -3.576844790651160899, 2.970000000000000639, -1.516379353457322221 ) ) ;
#1675 = CARTESIAN_POINT ( 'NONE',  ( 0.000000000000000000, 0.000000000000000000, 0.000000000000000000 ) ) ;
#1676 = CARTESIAN_POINT ( 'NONE',  ( 4.529418049222101672, 10.10000000000000142, 3.024414665511215627 ) ) ;
#1677 = CARTESIAN_POINT ( 'NONE',  ( -3.656623825853357879, 10.10000000000000142, 3.410146946423505465 ) ) ;
#1678 = ORIENTED_EDGE ( 'NONE', *, *, #2044, .F. ) ;
#1679 = DIRECTION ( 'NONE',  ( 0.000000000000000000, 0.000000000000000000, -1.000000000000000000 ) ) ;
#1680 = ORIENTED_EDGE ( 'NONE', *, *, #1204, .T. ) ;
#1681 = ADVANCED_FACE ( 'NONE', ( #1417 ), #1189, .T. ) ;
#1682 = CARTESIAN_POINT ( 'NONE',  ( 4.470153296551812261, 4.058333333333334458, 1.197773965854380673 ) ) ;
#1683 = CIRCLE ( 'NONE', #1066, 1.984374999999999556 ) ;
#1684 = CARTESIAN_POINT ( 'NONE',  ( 4.430958745241787788, 3.461315189585152829, -3.170065151494655176 ) ) ;
#1685 = ORIENTED_EDGE ( 'NONE', *, *, #1779, .F. ) ;
#1686 = EDGE_CURVE ( 'NONE', #1477, #2334, #571, .T. ) ;
#1687 = CONICAL_SURFACE ( 'NONE', #1269, 2.350000000000000089, 0.1390959414820713280 ) ;
#1688 =( BOUNDED_CURVE ( )  B_SPLINE_CURVE ( 2, ( #1282, #923, #344, #543, #2206, #366, #944, #578, #1674 ),
 .UNSPECIFIED., .F., .F. ) 
 B_SPLINE_CURVE_WITH_KNOTS ( ( 3, 2, 2, 2, 3 ),
 ( 0.3750000000000000000, 0.4166666666666666297, 0.4583333333333333703, 0.5000000000000000000, 0.5318630777013452215 ),
 .UNSPECIFIED. ) 
 CURVE ( )  GEOMETRIC_REPRESENTATION_ITEM ( )  RATIONAL_B_SPLINE_CURVE ( ( 1.000000000000000000, 0.9659258262890683122, 1.000000000000000000, 0.9659258262890683122, 1.000000000000000000, 0.9659258262890683122, 1.000000000000000000, 0.9739430069305468063, 0.9877383016131928706 ) ) 
 REPRESENTATION_ITEM ( '' )  );
#1689 = CARTESIAN_POINT ( 'NONE',  ( 4.657020709482429410, 2.400008418351983863, 2.733524851076318374 ) ) ;
#1690 = CARTESIAN_POINT ( 'NONE',  ( 0.000000000000000000, 0.000000000000000000, 0.000000000000000000 ) ) ;
#1691 = VERTEX_POINT ( 'NONE', #2164 ) ;
#1692 = ORIENTED_EDGE ( 'NONE', *, *, #1809, .F. ) ;
#1693 = FACE_OUTER_BOUND ( 'NONE', #1899, .T. ) ;
#1694 = CARTESIAN_POINT ( 'NONE',  ( 4.765041112786915889, 3.461315189585152829, -2.544413652155701477 ) ) ;
#1695 = ORIENTED_EDGE ( 'NONE', *, *, #654, .F. ) ;
#1696 = CARTESIAN_POINT ( 'NONE',  ( -4.470153296551814037, -0.05833333333333340365, 1.197773965854377121 ) ) ;
#1697 = EDGE_CURVE ( 'NONE', #2205, #683, #165, .T. ) ;
#1698 = CARTESIAN_POINT ( 'NONE',  ( 4.757752814687466659E-16, 0.000000000000000000, 3.884999999999999787 ) ) ;
#1699 =( BOUNDED_SURFACE ( )  B_SPLINE_SURFACE ( 1, 2, ( 
 ( #1883, #49, #778, #1526, #240, #62, #794, #1539, #2268, #618, #1353, #2082, #1175, #1945, #872, #1612, #883, #845, #1441, #680, #1418, #306, #1784, #2165, #292, #1587, #526, #1077, #131, #2150, #1601 ),
 ( #1981, #488, #516, #1040, #1770, #318, #1251, #1993, #328, #860, #1218, #1241, #1797, #893, #1026, #1264, #2331, #703, #1808, #1054, #503, #2319, #115, #337, #670, #153, #2125, #2306, #1971, #144, #2176 ) ),
 .UNSPECIFIED., .F., .F., .T. ) 
 B_SPLINE_SURFACE_WITH_KNOTS ( ( 2, 2 ),
 ( 3, 2, 2, 2, 2, 2, 2, 2, 2, 2, 2, 2, 2, 2, 2, 3 ),
 ( 0.000000000000000000, 1.000000000000000000 ),
 ( 0.000000000000000000, 0.04166666666666666435, 0.08333333333333332871, 0.1250000000000000000, 0.1666666666666666574, 0.2083333333333333426, 0.2500000000000000000, 0.2916666666666666852, 0.3333333333333333148, 0.3750000000000000000, 0.4166666666666666852, 0.4583333333333333148, 0.5000000000000000000, 0.5416666666666666297, 0.5833333333333333703, 0.6250000000000000000 ),
 .UNSPECIFIED. ) 
 GEOMETRIC_REPRESENTATION_ITEM ( )  RATIONAL_B_SPLINE_SURFACE ( (
 ( 1.000000000000000000, 0.9659258262890683122, 1.000000000000000000, 0.9659258262890683122, 1.000000000000000000, 0.9659258262890683122, 1.000000000000000000, 0.9659258262890683122, 1.000000000000000000, 0.9659258262890683122, 1.000000000000000000, 0.9659258262890683122, 1.000000000000000000, 0.9659258262890683122, 1.000000000000000000, 0.9659258262890683122, 1.000000000000000000, 0.9659258262890683122, 1.000000000000000000, 0.9659258262890683122, 1.000000000000000000, 0.9659258262890683122, 1.000000000000000000, 0.9659258262890683122, 1.000000000000000000, 0.9659258262890683122, 1.000000000000000000, 0.9659258262890683122, 1.000000000000000000, 0.9659258262890683122, 1.000000000000000000),
 ( 1.000000000000000000, 0.9659258262890683122, 1.000000000000000000, 0.9659258262890683122, 1.000000000000000000, 0.9659258262890683122, 1.000000000000000000, 0.9659258262890683122, 1.000000000000000000, 0.9659258262890683122, 1.000000000000000000, 0.9659258262890683122, 1.000000000000000000, 0.9659258262890683122, 1.000000000000000000, 0.9659258262890683122, 1.000000000000000000, 0.9659258262890683122, 1.000000000000000000, 0.9659258262890683122, 1.000000000000000000, 0.9659258262890683122, 1.000000000000000000, 0.9659258262890683122, 1.000000000000000000, 0.9659258262890683122, 1.000000000000000000, 0.9659258262890683122, 1.000000000000000000, 0.9659258262890683122, 1.000000000000000000) ) ) 
 REPRESENTATION_ITEM ( '' )  SURFACE ( )  );
#1700 = AXIS2_PLACEMENT_3D ( 'NONE', #1097, #1110, #1303 ) ;
#1701 = CARTESIAN_POINT ( 'NONE',  ( 4.956770607776042503, 3.461315189598770825, 0.6687887556062362959 ) ) ;
#1702 = ORIENTED_EDGE ( 'NONE', *, *, #2227, .T. ) ;
#1703 = DIRECTION ( 'NONE',  ( -8.881784197001252323E-16, 0.000000000000000000, 1.000000000000000000 ) ) ;
#1704 = FACE_OUTER_BOUND ( 'NONE', #478, .T. ) ;
#1705 = LINE ( 'NONE', #216, #568 ) ;
#1706 = CARTESIAN_POINT ( 'NONE',  ( 0.3189546160415460130, 4.520289855072464391, -5.390572135952341526 ) ) ;
#1707 = EDGE_LOOP ( 'NONE', ( #98, #1294, #2253, #848 ) ) ;
#1708 = CARTESIAN_POINT ( 'NONE',  ( 1.775737858763660437E-16, 7.600000000000001421, 1.449999999999998623 ) ) ;
#1709 = CARTESIAN_POINT ( 'NONE',  ( -4.422976227144300942, 2.400007235084461232, 2.331797867336781405 ) ) ;
#1710 = DIRECTION ( 'NONE',  ( 0.000000000000000000, 0.000000000000000000, -1.000000000000000000 ) ) ;
#1711 = EDGE_CURVE ( 'NONE', #2356, #2272, #674, .T. ) ;
#1712 = CARTESIAN_POINT ( 'NONE',  ( -2.849223578450805316, -0.2666666666666663299, 1.644999999999998241 ) ) ;
#1713 = VERTEX_POINT ( 'NONE', #1019 ) ;
#1714 = EDGE_CURVE ( 'NONE', #1691, #518, #1915, .T. ) ;
#1715 = ORIENTED_EDGE ( 'NONE', *, *, #886, .F. ) ;
#1716 = CARTESIAN_POINT ( 'NONE',  ( -3.858365761719037224, 7.600000000000000533, -3.180096484195766848 ) ) ;
#1717 = CARTESIAN_POINT ( 'NONE',  ( 1.761485870634749373, 4.520289855072464391, 5.104622172850223016 ) ) ;
#1718 = CARTESIAN_POINT ( 'NONE',  ( 2.235076648275907019, 4.683333333333333570, 3.871266313624624811 ) ) ;
#1719 = AXIS2_PLACEMENT_3D ( 'NONE', #1582, #1236, #879 ) ;
#1720 = CARTESIAN_POINT ( 'NONE',  ( -4.683229949569923889, 7.600000000000000533, 1.751387232867502641 ) ) ;
#1721 = EDGE_LOOP ( 'NONE', ( #2245, #1821, #2344, #728 ) ) ;
#1722 = CARTESIAN_POINT ( 'NONE',  ( -3.871266313624623034, 0.5666666666666666519, -2.235076648275908795 ) ) ;
#1723 = CIRCLE ( 'NONE', #406, 3.884999999999999343 ) ;
#1724 = AXIS2_PLACEMENT_3D ( 'NONE', #14, #1830, #1089 ) ;
#1725 = CARTESIAN_POINT ( 'NONE',  ( -4.420777644316424393, 2.361466416093144449, 2.335968160018372597 ) ) ;
#1726 = AXIS2_PLACEMENT_3D ( 'NONE', #884, #1625, #2355 ) ;
#1727 = EDGE_CURVE ( 'NONE', #2356, #295, #1230, .T. ) ;
#1728 = CARTESIAN_POINT ( 'NONE',  ( -5.211387199661345448, 3.461315189585152829, -1.588757980927676838 ) ) ;
#1729 = ORIENTED_EDGE ( 'NONE', *, *, #247, .T. ) ;
#1730 = DIRECTION ( 'NONE',  ( 0.000000000000000000, 0.000000000000000000, -1.000000000000000000 ) ) ;
#1731 = EDGE_CURVE ( 'NONE', #960, #812, #1413, .T. ) ;
#1732 = CARTESIAN_POINT ( 'NONE',  ( 1.412320148355253879, 7.310144927536232018, 5.225111107286263490 ) ) ;
#1733 = CARTESIAN_POINT ( 'NONE',  ( 0.000000000000000000, 2.970000000000001972, 0.000000000000000000 ) ) ;
#1734 = ORIENTED_EDGE ( 'NONE', *, *, #654, .T. ) ;
#1735 = CARTESIAN_POINT ( 'NONE',  ( 1.197773965854379341, 3.691666666666666430, 4.470153296551812261 ) ) ;
#1736 = B_SPLINE_CURVE_WITH_KNOTS ( 'NONE', 1,
 ( #755, #1515 ),
 .UNSPECIFIED., .F., .F.,
 ( 2, 2 ),
 ( 0.000000000000000000, 1.000000000000000000 ),
 .UNSPECIFIED. ) ;
#1737 = CARTESIAN_POINT ( 'NONE',  ( 1.738712998107333485, 2.970000000000000639, -3.474205248716978556 ) ) ;
#1738 = CARTESIAN_POINT ( 'NONE',  ( 3.290000000000000924, 2.441666666666666430, -0.8815528430983933239 ) ) ;
#1739 =( BOUNDED_SURFACE ( )  B_SPLINE_SURFACE ( 1, 2, ( 
 ( #865, #107, #1813, #1435, #1939, #877, #1382 ),
 ( #698, #1245, #687, #1952, #286, #1234, #1424 ) ),
 .UNSPECIFIED., .F., .F., .T. ) 
 B_SPLINE_SURFACE_WITH_KNOTS ( ( 2, 2 ),
 ( 3, 2, 2, 3 ),
 ( 0.000000000000000000, 1.000000000000000000 ),
 ( 0.000000000000000000, 0.02173913043478260809, 0.03000283781263311800, 0.03030286619075944765 ),
 .UNSPECIFIED. ) 
 GEOMETRIC_REPRESENTATION_ITEM ( )  RATIONAL_B_SPLINE_SURFACE ( (
 ( 1.000000000000000000, 0.9976687691905391508, 1.000000000000000000, 0.9991138279749778306, 0.9989013780496678319, 0.9989013780496678319, 0.9989013780496678319),
 ( 1.000000000000000000, 0.9976687691905391508, 1.000000000000000000, 0.9991138279749778306, 0.9989013780496678319, 0.9989013780496678319, 0.9989013780496678319) ) ) 
 REPRESENTATION_ITEM ( '' )  SURFACE ( )  );
#1740 = CARTESIAN_POINT ( 'NONE',  ( 3.290000000000000480, 3.641666666666666607, -0.8815528430983932129 ) ) ;
#1741 = ORIENTED_EDGE ( 'NONE', *, *, #1916, .T. ) ;
#1742 = AXIS2_PLACEMENT_3D ( 'NONE', #1675, #1168, #783 ) ;
#1743 = CARTESIAN_POINT ( 'NONE',  ( 3.290000000000001368, 1.227082725235729921, -0.5201187505648722231 ) ) ;
#1744 = CARTESIAN_POINT ( 'NONE',  ( 1.050000000000000044, 10.10000000000000142, 5.296933074902872463 ) ) ;
#1745 = EDGE_CURVE ( 'NONE', #1529, #1232, #182, .T. ) ;
#1746 = DIRECTION ( 'NONE',  ( -0.000000000000000000, -1.000000000000000000, -0.000000000000000000 ) ) ;
#1747 = ORIENTED_EDGE ( 'NONE', *, *, #167, .T. ) ;
#1748 = VERTEX_POINT ( 'NONE', #1761 ) ;
#1749 = FACE_OUTER_BOUND ( 'NONE', #898, .T. ) ;
#1750 = CARTESIAN_POINT ( 'NONE',  ( 3.871266313624623479, -1.933333333333333348, 2.235076648275907463 ) ) ;
#1751 = CARTESIAN_POINT ( 'NONE',  ( 3.656623825853311693, 10.10000000000000142, 3.410146946423556980 ) ) ;
#1752 = CARTESIAN_POINT ( 'NONE',  ( -2.849223578450803096, 1.766666666666666829, -1.645000000000001794 ) ) ;
#1753 =( BOUNDED_SURFACE ( )  B_SPLINE_SURFACE ( 3, 2, ( 
 ( #243, #1873, #37, #1694, #1329 ),
 ( #768, #1366, #411, #1684, #2097 ),
 ( #1343, #207, #256, #942, #1355 ),
 ( #757, #1886, #2049, #965, #28 ) ),
 .UNSPECIFIED., .F., .F., .T. ) 
 B_SPLINE_SURFACE_WITH_KNOTS ( ( 4, 4 ),
 ( 3, 2, 3 ),
 ( 0.000000000000000000, 1.000000000000000000 ),
 ( 0.000000000000000000, 0.02173913043478260809, 0.03000283320694692446 ),
 .UNSPECIFIED. ) 
 GEOMETRIC_REPRESENTATION_ITEM ( )  RATIONAL_B_SPLINE_SURFACE ( (
 ( 1.000000000000000000, 0.9976687691905391508, 1.000000000000000000, 0.9991138284688759752, 0.9989013782864812896),
 ( 0.9872756882596137595, 0.9849741207577112911, 0.9872756882596137595, 0.9864007926513072011, 0.9861910457512625960),
 ( 0.9872756882596137595, 0.9849741207577112911, 0.9872756882596137595, 0.9864007926513072011, 0.9861910457512625960),
 ( 1.000000000000000000, 0.9976687691905391508, 1.000000000000000000, 0.9991138284688759752, 0.9989013782864812896) ) ) 
 REPRESENTATION_ITEM ( '' )  SURFACE ( )  );
#1754 = CARTESIAN_POINT ( 'NONE',  ( -2.408447156901604380, 1.975000000000000089, -2.408447156901607489 ) ) ;
#1755 = ORIENTED_EDGE ( 'NONE', *, *, #299, .T. ) ;
#1756 = DIRECTION ( 'NONE',  ( 0.000000000000000000, 0.000000000000000000, -1.000000000000000000 ) ) ;
#1757 = CARTESIAN_POINT ( 'NONE',  ( -0.3218162531114382996, 3.461314598853480362, 4.991321225464674605 ) ) ;
#1758 = CARTESIAN_POINT ( 'NONE',  ( -4.062278605011941046, 10.10000000000000142, 3.557793211425058999 ) ) ;
#1759 = VERTEX_POINT ( 'NONE', #2311 ) ;
#1760 = CARTESIAN_POINT ( 'NONE',  ( 2.449293598294706414E-16, 19.89999999999999858, 1.649999999999999911 ) ) ;
#1761 = CARTESIAN_POINT ( 'NONE',  ( 4.757752814687466659E-16, 1.099999999999996758, 3.884999999999999787 ) ) ;
#1762 = ADVANCED_FACE ( 'NONE', ( #469 ), #1739, .F. ) ;
#1763 = AXIS2_PLACEMENT_3D ( 'NONE', #1592, #1057, #1407 ) ;
#1764 = CARTESIAN_POINT ( 'NONE',  ( 4.757752814687467645E-16, 1.400000000000000133, -3.884999999999999787 ) ) ;
#1765 = CARTESIAN_POINT ( 'NONE',  ( -2.408447156901605712, -0.5250000000000003553, -2.408447156901605712 ) ) ;
#1766 = CARTESIAN_POINT ( 'NONE',  ( -3.290000000000000924, 0.1499999999999999667, -6.043631953792188870E-16 ) ) ;
#1767 = ORIENTED_EDGE ( 'NONE', *, *, #805, .T. ) ;
#1768 = AXIS2_PLACEMENT_3D ( 'NONE', #796, #1541, #1910 ) ;
#1769 = CARTESIAN_POINT ( 'NONE',  ( -3.129557897183448567, 1.099999999999994538, 1.014873079836448255 ) ) ;
#1770 = CARTESIAN_POINT ( 'NONE',  ( -2.849223578450803540, 4.266666666666666607, -1.645000000000000684 ) ) ;
#1771 = CARTESIAN_POINT ( 'NONE',  ( -1.761485870634748929, 4.520289855072464391, -5.104622172850223016 ) ) ;
#1772 = ORIENTED_EDGE ( 'NONE', *, *, #1107, .F. ) ;
#1773 = CARTESIAN_POINT ( 'NONE',  ( 5.231239030683766167, 7.310144927536232018, 1.389450426890900259 ) ) ;
#1774 = DIRECTION ( 'NONE',  ( 0.000000000000000000, 0.000000000000000000, -1.000000000000000000 ) ) ;
#1775 = VECTOR ( 'NONE', #1960, 1000.000000000000000 ) ;
#1776 = DIRECTION ( 'NONE',  ( 0.000000000000000000, -0.000000000000000000, 1.000000000000000000 ) ) ;
#1777 = CARTESIAN_POINT ( 'NONE',  ( 0.7917215462065860798, 7.310144927536232018, -4.948752105548269498 ) ) ;
#1778 = CARTESIAN_POINT ( 'NONE',  ( -0.8815528430983937680, -0.1083333333333335452, -3.290000000000000480 ) ) ;
#1779 = EDGE_CURVE ( 'NONE', #770, #763, #1635, .T. ) ;
#1780 = CARTESIAN_POINT ( 'NONE',  ( -4.470153296551812261, 2.441666666666666430, 1.197773965854378897 ) ) ;
#1781 = ORIENTED_EDGE ( 'NONE', *, *, #1150, .T. ) ;
#1782 = AXIS2_PLACEMENT_3D ( 'NONE', #1233, #105, #349 ) ;
#1783 = CARTESIAN_POINT ( 'NONE',  ( 0.000000000000000000, 14.89999999999999680, 0.000000000000000000 ) ) ;
#1784 = CARTESIAN_POINT ( 'NONE',  ( 1.645000000000002016, -0.6833333333333331261, -2.849223578450803096 ) ) ;
#1785 =( BOUNDED_SURFACE ( )  B_SPLINE_SURFACE ( 1, 2, ( 
 ( #1332, #1735, #1519, #2051, #612, #1345, #1322, #400, #40, #808, #1139, #2064, #798, #94, #1925, #220, #1722, #67, #440, #1696, #456, #771, #1554, #2075, #2273, #1543, #1007, #2237, #1750, #273, #591 ),
 ( #245, #956, #413, #429, #1167, #1155, #2284, #994, #980, #622, #1358, #2087, #1178, #1912, #633, #1368, #2100, #1564, #1617, #2294, #1605, #322, #1255, #673, #2346, #1018, #1985, #864, #835, #1393, #661 ) ),
 .UNSPECIFIED., .F., .F., .T. ) 
 B_SPLINE_SURFACE_WITH_KNOTS ( ( 2, 2 ),
 ( 3, 2, 2, 2, 2, 2, 2, 2, 2, 2, 2, 2, 2, 2, 2, 3 ),
 ( 0.000000000000000000, 1.000000000000000000 ),
 ( 0.000000000000000000, 0.04166666666666666435, 0.08333333333333332871, 0.1250000000000000000, 0.1666666666666666574, 0.2083333333333333426, 0.2500000000000000000, 0.2916666666666666852, 0.3333333333333333148, 0.3750000000000000000, 0.4166666666666666852, 0.4583333333333333148, 0.5000000000000000000, 0.5416666666666666297, 0.5833333333333333703, 0.6250000000000000000 ),
 .UNSPECIFIED. ) 
 GEOMETRIC_REPRESENTATION_ITEM ( )  RATIONAL_B_SPLINE_SURFACE ( (
 ( 1.000000000000000000, 0.9659258262890683122, 1.000000000000000000, 0.9659258262890683122, 1.000000000000000000, 0.9659258262890683122, 1.000000000000000000, 0.9659258262890683122, 1.000000000000000000, 0.9659258262890683122, 1.000000000000000000, 0.9659258262890683122, 1.000000000000000000, 0.9659258262890683122, 1.000000000000000000, 0.9659258262890683122, 1.000000000000000000, 0.9659258262890683122, 1.000000000000000000, 0.9659258262890683122, 1.000000000000000000, 0.9659258262890683122, 1.000000000000000000, 0.9659258262890683122, 1.000000000000000000, 0.9659258262890683122, 1.000000000000000000, 0.9659258262890683122, 1.000000000000000000, 0.9659258262890683122, 1.000000000000000000),
 ( 1.000000000000000000, 0.9659258262890683122, 1.000000000000000000, 0.9659258262890683122, 1.000000000000000000, 0.9659258262890683122, 1.000000000000000000, 0.9659258262890683122, 1.000000000000000000, 0.9659258262890683122, 1.000000000000000000, 0.9659258262890683122, 1.000000000000000000, 0.9659258262890683122, 1.000000000000000000, 0.9659258262890683122, 1.000000000000000000, 0.9659258262890683122, 1.000000000000000000, 0.9659258262890683122, 1.000000000000000000, 0.9659258262890683122, 1.000000000000000000, 0.9659258262890683122, 1.000000000000000000, 0.9659258262890683122, 1.000000000000000000, 0.9659258262890683122, 1.000000000000000000, 0.9659258262890683122, 1.000000000000000000) ) ) 
 REPRESENTATION_ITEM ( '' )  SURFACE ( )  );
#1786 = CARTESIAN_POINT ( 'NONE',  ( -3.434113396826549813, 3.461315189585075114, 4.169714956392377658 ) ) ;
#1787 = ORIENTED_EDGE ( 'NONE', *, *, #1668, .F. ) ;
#1788 = ORIENTED_EDGE ( 'NONE', *, *, #2043, .F. ) ;
#1789 = CARTESIAN_POINT ( 'NONE',  ( -0.6876798516447469867, 7.310144927536232018, 5.368755042519480547 ) ) ;
#1790 = CARTESIAN_POINT ( 'NONE',  ( -4.970784095858713059, 2.400008418379260711, -0.5397272203234509957 ) ) ;
#1791 = CARTESIAN_POINT ( 'NONE',  ( -4.062278605011941046, 10.10000000000000142, 3.557793211425058555 ) ) ;
#1792 = ORIENTED_EDGE ( 'NONE', *, *, #1385, .T. ) ;
#1793 = ADVANCED_FACE ( 'NONE', ( #1606, #2157 ), #837, .T. ) ;
#1794 = CARTESIAN_POINT ( 'NONE',  ( -0.8815528430983938790, 3.691666666666666430, -3.290000000000000924 ) ) ;
#1795 = DIRECTION ( 'NONE',  ( -0.000000000000000000, -1.000000000000000000, -0.000000000000000000 ) ) ;
#1796 = ADVANCED_FACE ( 'NONE', ( #2171, #1975 ), #851, .F. ) ;
#1797 = CARTESIAN_POINT ( 'NONE',  ( -4.029087969194792744E-16, 2.600000000000000533, 3.290000000000000480 ) ) ;
#1798 = DIRECTION ( 'NONE',  ( -0.000000000000000000, -1.000000000000000000, -0.000000000000000000 ) ) ;
#1799 = ORIENTED_EDGE ( 'NONE', *, *, #2282, .F. ) ;
#1800 = DIRECTION ( 'NONE',  ( 0.000000000000000000, 0.000000000000000000, 1.000000000000000000 ) ) ;
#1801 = CARTESIAN_POINT ( 'NONE',  ( 0.000000000000000000, 7.600000000000000533, 0.000000000000000000 ) ) ;
#1802 = ORIENTED_EDGE ( 'NONE', *, *, #1200, .T. ) ;
#1803 = FACE_OUTER_BOUND ( 'NONE', #1721, .T. ) ;
#1804 = CARTESIAN_POINT ( 'NONE',  ( 1.197773965854382894, 0.3083333333333332371, -4.470153296551812261 ) ) ;
#1805 = CIRCLE ( 'NONE', #1140, 5.000000000000000000 ) ;
#1806 = CARTESIAN_POINT ( 'NONE',  ( 2.408447156901605712, -0.5250000000000003553, 2.408447156901605712 ) ) ;
#1807 = CIRCLE ( 'NONE', #1724, 5.400000000000009237 ) ;
#1808 = CARTESIAN_POINT ( 'NONE',  ( 3.290000000000000480, 1.350000000000000089, 6.043631953792187884E-16 ) ) ;
#1809 = EDGE_CURVE ( 'NONE', #1759, #1962, #2226, .T. ) ;
#1810 = CIRCLE ( 'NONE', #1842, 2.049999999999999822 ) ;
#1811 = ORIENTED_EDGE ( 'NONE', *, *, #1288, .T. ) ;
#1812 = CARTESIAN_POINT ( 'NONE',  ( 0.7240358500787704710, 7.600000000000002309, -5.351240238281281592 ) ) ;
#1813 = CARTESIAN_POINT ( 'NONE',  ( -4.086914116834745592, 4.520289855072464391, -2.880474440368611333 ) ) ;
#1814 = ORIENTED_EDGE ( 'NONE', *, *, #1645, .T. ) ;
#1815 = CARTESIAN_POINT ( 'NONE',  ( 0.3189546160415455689, 4.520289855072464391, -5.390572135952341526 ) ) ;
#1816 = CARTESIAN_POINT ( 'NONE',  ( -3.871266313624624367, 4.266666666666666607, -2.235076648275907907 ) ) ;
#1817 = CARTESIAN_POINT ( 'NONE',  ( 0.000000000000000000, 0.1000000000000002554, 3.290000000000000480 ) ) ;
#1818 = CARTESIAN_POINT ( 'NONE',  ( 1.124961973314053232, 10.10000000000000142, 4.871802598484195279 ) ) ;
#1819 =( BOUNDED_SURFACE ( )  B_SPLINE_SURFACE ( 3, 2, ( 
 ( #1242, #1293, #1252, #1286, #1278 ),
 ( #1266, #2005, #704, #1669, #550 ),
 ( #1078, #339, #2366, #329, #1820 ),
 ( #1454, #1067, #1111, #2189, #2376 ) ),
 .UNSPECIFIED., .F., .F., .T. ) 
 B_SPLINE_SURFACE_WITH_KNOTS ( ( 4, 4 ),
 ( 3, 2, 3 ),
 ( 0.000000000000000000, 1.000000000000000000 ),
 ( 0.000000000000000000, 0.02173913043478260809, 0.03000283320684075591 ),
 .UNSPECIFIED. ) 
 GEOMETRIC_REPRESENTATION_ITEM ( )  RATIONAL_B_SPLINE_SURFACE ( (
 ( 1.000000000000000000, 0.9976687691905391508, 1.000000000000000000, 0.9991138284688874105, 0.9989013782864868407),
 ( 0.9872756882596137595, 0.9849741207577112911, 0.9872756882596137595, 0.9864007926513184144, 0.9861910457512679251),
 ( 0.9872756882596137595, 0.9849741207577112911, 0.9872756882596137595, 0.9864007926513184144, 0.9861910457512679251),
 ( 1.000000000000000000, 0.9976687691905391508, 1.000000000000000000, 0.9991138284688874105, 0.9989013782864868407) ) ) 
 REPRESENTATION_ITEM ( '' )  SURFACE ( )  );
#1820 = CARTESIAN_POINT ( 'NONE',  ( -3.882425733118241240, 2.400008418379259822, 3.819618090909029373 ) ) ;
#1821 = ORIENTED_EDGE ( 'NONE', *, *, #1731, .T. ) ;
#1822 = EDGE_CURVE ( 'NONE', #1632, #150, #583, .T. ) ;
#1823 = DIRECTION ( 'NONE',  ( 0.000000000000000000, 0.000000000000000000, -1.000000000000000000 ) ) ;
#1824 = CIRCLE ( 'NONE', #765, 5.400000000000022560 ) ;
#1825 = CARTESIAN_POINT ( 'NONE',  ( 4.420777644316407518, 2.361466416093144449, -2.335968160018404127 ) ) ;
#1826 = EDGE_LOOP ( 'NONE', ( #605, #1351, #26, #1788 ) ) ;
#1827 = CARTESIAN_POINT ( 'NONE',  ( 3.656623825853310361, 10.10000000000000142, 3.410146946423557868 ) ) ;
#1828 = CARTESIAN_POINT ( 'NONE',  ( -1.645000000000000240, -1.516666666666666607, -2.849223578450803984 ) ) ;
#1829 = CARTESIAN_POINT ( 'NONE',  ( 1.412320148355253657, 7.310144927536232018, 5.225111107286263490 ) ) ;
#1830 = DIRECTION ( 'NONE',  ( 0.000000000000000000, 1.000000000000000000, 0.000000000000000000 ) ) ;
#1831 = CARTESIAN_POINT ( 'NONE',  ( -2.017974564015339478, 2.400008418379260711, -4.574688913903007581 ) ) ;
#1832 = FACE_OUTER_BOUND ( 'NONE', #249, .T. ) ;
#1833 = CARTESIAN_POINT ( 'NONE',  ( 1.401912618260361842, 1.100000000000003642, 2.983665031060918515 ) ) ;
#1834 = ORIENTED_EDGE ( 'NONE', *, *, #1745, .T. ) ;
#1835 = CARTESIAN_POINT ( 'NONE',  ( 4.062278605011893973, 10.10000000000000142, 3.557793211425117619 ) ) ;
#1836 = EDGE_CURVE ( 'NONE', #1271, #1102, #1506, .T. ) ;
#1837 = CARTESIAN_POINT ( 'NONE',  ( 5.112278605011902677, 10.10000000000000142, 1.739139863477800807 ) ) ;
#1838 = CARTESIAN_POINT ( 'NONE',  ( -5.112278605011923993, 10.10000000000000142, 1.739139863477727976 ) ) ;
#1839 = CARTESIAN_POINT ( 'NONE',  ( 3.837052234687917007, 7.600000000000002309, -3.799609209942050647 ) ) ;
#1840 = VERTEX_POINT ( 'NONE', #1047 ) ;
#1841 = CARTESIAN_POINT ( 'NONE',  ( -1.658884310227019876, 2.969999999999980655, 2.848802986267736426 ) ) ;
#1842 = AXIS2_PLACEMENT_3D ( 'NONE', #764, #777, #1730 ) ;
#1843 = CARTESIAN_POINT ( 'NONE',  ( 4.827849718688048242, 4.520289855072464391, -2.419063267829870245 ) ) ;
#1844 = ORIENTED_EDGE ( 'NONE', *, *, #564, .F. ) ;
#1845 = CARTESIAN_POINT ( 'NONE',  ( 4.508895102646486741, 4.520289855072464391, 2.971508868122483715 ) ) ;
#1846 = B_SPLINE_CURVE_WITH_KNOTS ( 'NONE', 1,
 ( #106, #2129 ),
 .UNSPECIFIED., .F., .F.,
 ( 2, 2 ),
 ( 0.000000000000000000, 1.000000000000000000 ),
 .UNSPECIFIED. ) ;
#1847 = LINE ( 'NONE', #2373, #1629 ) ;
#1848 = EDGE_CURVE ( 'NONE', #527, #2308, #1998, .T. ) ;
#1849 = CYLINDRICAL_SURFACE ( 'NONE', #470, 3.884999999999999787 ) ;
#1850 = CARTESIAN_POINT ( 'NONE',  ( 0.000000000000000000, 12.60000000000000142, 0.000000000000000000 ) ) ;
#1851 = CARTESIAN_POINT ( 'NONE',  ( -1.458202400421520828, 7.310144927536232018, -4.794853091420118396 ) ) ;
#1852 = CARTESIAN_POINT ( 'NONE',  ( 2.849223578450803540, 4.266666666666666607, 1.645000000000000684 ) ) ;
#1853 = CARTESIAN_POINT ( 'NONE',  ( 4.538021098728334479, 4.520289855072464391, -2.099134228079870379 ) ) ;
#1854 = VERTEX_POINT ( 'NONE', #1256 ) ;
#1855 = CARTESIAN_POINT ( 'NONE',  ( 3.029039732623504566, 2.970000000000001084, 1.284141074098999358 ) ) ;
#1856 = EDGE_CURVE ( 'NONE', #1854, #150, #1982, .T. ) ;
#1857 = CARTESIAN_POINT ( 'NONE',  ( -4.736293679855932304, 7.310144927536232906, -2.714593983174760083 ) ) ;
#1858 = EDGE_LOOP ( 'NONE', ( #1379, #2113 ) ) ;
#1859 = DIRECTION ( 'NONE',  ( -0.000000000000000000, -1.000000000000000000, -0.000000000000000000 ) ) ;
#1860 = EDGE_CURVE ( 'NONE', #2288, #1962, #1310, .T. ) ;
#1861 = ORIENTED_EDGE ( 'NONE', *, *, #460, .F. ) ;
#1862 = CARTESIAN_POINT ( 'NONE',  ( -3.272379330697434696, 0.7249999999999999778, 3.272379330697433364 ) ) ;
#1863 = CARTESIAN_POINT ( 'NONE',  ( -1.212150843733219130, 8.851443009871351464, -5.264790251213713468 ) ) ;
#1864 = ORIENTED_EDGE ( 'NONE', *, *, #1727, .F. ) ;
#1865 = CARTESIAN_POINT ( 'NONE',  ( 5.347617264507632306, 2.400008418351983863, 0.7503263239017633479 ) ) ;
#1866 = CARTESIAN_POINT ( 'NONE',  ( 4.781585799167373807, 10.10000000000000142, 1.461655652060676713 ) ) ;
#1867 = VERTEX_POINT ( 'NONE', #2155 ) ;
#1868 = CARTESIAN_POINT ( 'NONE',  ( 0.000000000000000000, 0.000000000000000000, 0.000000000000000000 ) ) ;
#1869 = ORIENTED_EDGE ( 'NONE', *, *, #1714, .F. ) ;
#1870 = DIRECTION ( 'NONE',  ( 0.000000000000000000, 0.000000000000000000, -1.000000000000000000 ) ) ;
#1871 = EDGE_CURVE ( 'NONE', #1881, #1202, #1563, .T. ) ;
#1872 = AXIS2_PLACEMENT_3D ( 'NONE', #2214, #931, #554 ) ;
#1873 = CARTESIAN_POINT ( 'NONE',  ( 4.993318179340053398, 7.310144927536232018, -2.088829300064665162 ) ) ;
#1874 = ORIENTED_EDGE ( 'NONE', *, *, #1081, .F. ) ;
#1875 = AXIS2_PLACEMENT_3D ( 'NONE', #1850, #2199, #1442 ) ;
#1876 = DIRECTION ( 'NONE',  ( -0.000000000000000000, -1.000000000000000000, -0.000000000000000000 ) ) ;
#1877 = CARTESIAN_POINT ( 'NONE',  ( -0.8815528430983937680, 4.891666666666667496, -3.290000000000000480 ) ) ;
#1878 = FACE_OUTER_BOUND ( 'NONE', #1048, .T. ) ;
#1879 = ORIENTED_EDGE ( 'NONE', *, *, #1657, .T. ) ;
#1880 = VECTOR ( 'NONE', #464, 1000.000000000000000 ) ;
#1881 = VERTEX_POINT ( 'NONE', #1406 ) ;
#1882 = DIRECTION ( 'NONE',  ( 0.000000000000000000, -1.000000000000000000, -0.000000000000000000 ) ) ;
#1883 = CARTESIAN_POINT ( 'NONE',  ( 0.000000000000000000, 3.900000000000000355, -3.290000000000000924 ) ) ;
#1884 = CARTESIAN_POINT ( 'NONE',  ( 4.470153296551814925, 3.850000000000000089, 2.737179463160084427E-16 ) ) ;
#1885 = ORIENTED_EDGE ( 'NONE', *, *, #745, .T. ) ;
#1886 = CARTESIAN_POINT ( 'NONE',  ( 3.818918882328524500, 7.310144927536232018, -3.835660680395380329 ) ) ;
#1887 = EDGE_CURVE ( 'NONE', #52, #1477, #657, .T. ) ;
#1888 = ORIENTED_EDGE ( 'NONE', *, *, #681, .F. ) ;
#1889 = AXIS2_PLACEMENT_3D ( 'NONE', #820, #2322, #2140 ) ;
#1890 = CARTESIAN_POINT ( 'NONE',  ( 1.207875103017111096, 1.100000000000000311, 3.060251253657355175 ) ) ;
#1891 = CARTESIAN_POINT ( 'NONE',  ( -1.645000000000001350, 3.016666666666667052, 2.849223578450803096 ) ) ;
#1892 = CIRCLE ( 'NONE', #1390, 3.884999999999999787 ) ;
#1893 = CARTESIAN_POINT ( 'NONE',  ( -2.849223578450803096, 1.766666666666666829, -1.645000000000001794 ) ) ;
#1894 = ORIENTED_EDGE ( 'NONE', *, *, #695, .F. ) ;
#1895 = CARTESIAN_POINT ( 'NONE',  ( -2.408447156901606601, 2.024999999999999911, 2.408447156901606157 ) ) ;
#1896 = DIRECTION ( 'NONE',  ( 3.552713678800500929E-15, 0.000000000000000000, 1.000000000000000000 ) ) ;
#1897 = DIRECTION ( 'NONE',  ( 0.000000000000000000, 0.000000000000000000, -1.000000000000000000 ) ) ;
#1898 = CARTESIAN_POINT ( 'NONE',  ( -1.049999999999999600, 10.10000000000000142, -5.296933074902872463 ) ) ;
#1899 = EDGE_LOOP ( 'NONE', ( #1166, #446, #1643 ) ) ;
#1900 = CARTESIAN_POINT ( 'NONE',  ( 0.000000000000000000, 7.600000000000000533, 0.000000000000000000 ) ) ;
#1901 = DIRECTION ( 'NONE',  ( 0.000000000000000000, 0.000000000000000000, -1.000000000000000000 ) ) ;
#1902 = CARTESIAN_POINT ( 'NONE',  ( 0.8815528430983947672, 1.608333333333333393, -3.290000000000000480 ) ) ;
#1903 =( BOUNDED_SURFACE ( )  B_SPLINE_SURFACE ( 3, 2, ( 
 ( #2310, #1789, #284, #1276, #1591 ),
 ( #2128, #1222, #1949, #834, #1580 ),
 ( #92, #1209, #1088, #903, #660 ),
 ( #1006, #1829, #506, #135, #863 ) ),
 .UNSPECIFIED., .F., .F., .T. ) 
 B_SPLINE_SURFACE_WITH_KNOTS ( ( 4, 4 ),
 ( 3, 2, 3 ),
 ( 0.000000000000000000, 1.000000000000000000 ),
 ( 0.000000000000000000, 0.02173913043478260809, 0.03000283320694692446 ),
 .UNSPECIFIED. ) 
 GEOMETRIC_REPRESENTATION_ITEM ( )  RATIONAL_B_SPLINE_SURFACE ( (
 ( 1.000000000000000000, 0.9976687691905391508, 1.000000000000000000, 0.9991138284688759752, 0.9989013782864812896),
 ( 0.9872756882596137595, 0.9849741207577112911, 0.9872756882596137595, 0.9864007926513072011, 0.9861910457512625960),
 ( 0.9872756882596137595, 0.9849741207577112911, 0.9872756882596137595, 0.9864007926513072011, 0.9861910457512625960),
 ( 1.000000000000000000, 0.9976687691905391508, 1.000000000000000000, 0.9991138284688759752, 0.9989013782864812896) ) ) 
 REPRESENTATION_ITEM ( '' )  SURFACE ( )  );
#1904 = EDGE_CURVE ( 'NONE', #752, #943, #2240, .T. ) ;
#1905 = CARTESIAN_POINT ( 'NONE',  ( 2.408447156901606157, 2.024999999999999911, -2.408447156901605712 ) ) ;
#1906 = ORIENTED_EDGE ( 'NONE', *, *, #1404, .T. ) ;
#1907 = PLANE ( 'NONE',  #1652 ) ;
#1908 = CARTESIAN_POINT ( 'NONE',  ( 1.124961973314053232, 10.10000000000000142, 4.871802598484193503 ) ) ;
#1909 = CARTESIAN_POINT ( 'NONE',  ( -3.695541772205989339, 1.099999999999997202, 1.198413955977071677 ) ) ;
#1910 = DIRECTION ( 'NONE',  ( 0.000000000000000000, 0.000000000000000000, 1.000000000000000000 ) ) ;
#1911 = ORIENTED_EDGE ( 'NONE', *, *, #1359, .T. ) ;
#1912 = CARTESIAN_POINT ( 'NONE',  ( -0.8815528430983924357, 1.191666666666666652, -3.290000000000001812 ) ) ;
#1913 = CARTESIAN_POINT ( 'NONE',  ( -4.695812240465122578, 2.400007235084461232, 2.666335950756757001 ) ) ;
#1914 = CARTESIAN_POINT ( 'NONE',  ( 5.209084217607091283, 7.600000000000002309, 1.423180105916573179 ) ) ;
#1915 = CIRCLE ( 'NONE', #2261, 3.290000000000000036 ) ;
#1916 = EDGE_CURVE ( 'NONE', #574, #802, #227, .T. ) ;
#1917 = CARTESIAN_POINT ( 'NONE',  ( 0.8815528430983937680, 4.891666666666667496, 3.290000000000000480 ) ) ;
#1918 = ORIENTED_EDGE ( 'NONE', *, *, #1965, .F. ) ;
#1919 = CARTESIAN_POINT ( 'NONE',  ( -3.064141691569812309, 1.099999999999997646, -1.215633816555151014 ) ) ;
#1920 = CARTESIAN_POINT ( 'NONE',  ( -0.6876798516447465426, 7.310144927536232018, 5.368755042519479659 ) ) ;
#1921 = CARTESIAN_POINT ( 'NONE',  ( 1.050000000000000044, 10.10000000000000142, -5.296933074902872463 ) ) ;
#1922 = CARTESIAN_POINT ( 'NONE',  ( -1.229788827882094315, 3.461315189585152829, -5.307572694327596707 ) ) ;
#1923 = ORIENTED_EDGE ( 'NONE', *, *, #1745, .F. ) ;
#1924 = DIRECTION ( 'NONE',  ( 0.000000000000000000, 1.000000000000000000, 0.000000000000000000 ) ) ;
#1925 = CARTESIAN_POINT ( 'NONE',  ( -2.235076648275905686, 0.9833333333333335036, -3.871266313624624367 ) ) ;
#1926 = CARTESIAN_POINT ( 'NONE',  ( 0.7240358500787704710, 7.600000000000002309, -5.351240238281281592 ) ) ;
#1927 = CARTESIAN_POINT ( 'NONE',  ( 3.290000000000000480, 2.808003956277606239, 0.6685864170111287530 ) ) ;
#1928 = CARTESIAN_POINT ( 'NONE',  ( -5.301475413726976171, 4.520289855072464391, -1.026819574048131400 ) ) ;
#1929 = VERTEX_POINT ( 'NONE', #480 ) ;
#1930 = ADVANCED_FACE ( 'NONE', ( #467 ), #1903, .F. ) ;
#1931 = EDGE_LOOP ( 'NONE', ( #1811, #1425, #2309, #1012 ) ) ;
#1932 = CARTESIAN_POINT ( 'NONE',  ( -3.270215398245241989, 1.099999999999998757, -0.4156827206445610212 ) ) ;
#1933 = CARTESIAN_POINT ( 'NONE',  ( -4.862037714821934031, 7.600000000000001421, -1.166442994599004912 ) ) ;
#1934 = ADVANCED_FACE ( 'NONE', ( #1604, #2336 ), #171, .F. ) ;
#1935 = CARTESIAN_POINT ( 'NONE',  ( -3.423363384373447449, 7.310144927536232018, 3.660266868334513646 ) ) ;
#1936 = EDGE_LOOP ( 'NONE', ( #1443, #1173, #1692, #776 ) ) ;
#1937 = DIRECTION ( 'NONE',  ( -0.000000000000000000, -1.000000000000000000, -0.000000000000000000 ) ) ;
#1938 = CYLINDRICAL_SURFACE ( 'NONE', #402, 3.884999999999999787 ) ;
#1939 = CARTESIAN_POINT ( 'NONE',  ( -4.230884303176174477, 2.400007235084461232, -2.664510839373236184 ) ) ;
#1940 = DIRECTION ( 'NONE',  ( -0.000000000000000000, -1.000000000000000000, -0.000000000000000000 ) ) ;
#1941 = CARTESIAN_POINT ( 'NONE',  ( -4.470153296551812261, -0.9416666666666670960, -1.197773965854380673 ) ) ;
#1942 = CARTESIAN_POINT ( 'NONE',  ( 0.8815528430983938790, 3.691666666666666430, 3.290000000000000924 ) ) ;
#1943 = ORIENTED_EDGE ( 'NONE', *, *, #2105, .F. ) ;
#1944 = CARTESIAN_POINT ( 'NONE',  ( -1.401912618260361842, 1.100000000000003642, -2.983665031060918515 ) ) ;
#1945 = CARTESIAN_POINT ( 'NONE',  ( 0.8815528430983924357, 1.191666666666666652, 3.290000000000001812 ) ) ;
#1946 = LINE ( 'NONE', #1220, #1335 ) ;
#1947 = ORIENTED_EDGE ( 'NONE', *, *, #2044, .T. ) ;
#1948 = VERTEX_POINT ( 'NONE', #684 ) ;
#1949 = CARTESIAN_POINT ( 'NONE',  ( 0.3888293168405860256, 4.520289855072463503, 5.432450984219143741 ) ) ;
#1950 = EDGE_CURVE ( 'NONE', #683, #1976, #1158, .T. ) ;
#1951 = CARTESIAN_POINT ( 'NONE',  ( -5.328135777188650835, 3.461315189598770825, -0.8891719629338670217 ) ) ;
#1952 = CARTESIAN_POINT ( 'NONE',  ( -4.586047459934365911, 3.461314598853480362, -2.854439762367883660 ) ) ;
#1953 = CIRCLE ( 'NONE', #1064, 2.187499999999999556 ) ;
#1954 = CARTESIAN_POINT ( 'NONE',  ( 0.9178844412343507564, 2.783697520922545188, -3.884999999999948272 ) ) ;
#1955 = CIRCLE ( 'NONE', #1143, 5.400000000000033218 ) ;
#1956 = CARTESIAN_POINT ( 'NONE',  ( 2.235076648275908795, -0.6833333333333331261, -3.871266313624622590 ) ) ;
#1957 = ORIENTED_EDGE ( 'NONE', *, *, #2227, .F. ) ;
#1958 = AXIS2_PLACEMENT_3D ( 'NONE', #1548, #1795, #1756 ) ;
#1959 = CARTESIAN_POINT ( 'NONE',  ( -1.207875103017111096, 1.100000000000000311, -3.060251253657355175 ) ) ;
#1960 = DIRECTION ( 'NONE',  ( -0.000000000000000000, -1.000000000000000000, -0.000000000000000000 ) ) ;
#1961 = CARTESIAN_POINT ( 'NONE',  ( -1.366673432926284404, 2.400008418351982975, -5.272088358640409034 ) ) ;
#1962 = VERTEX_POINT ( 'NONE', #1647 ) ;
#1963 = CARTESIAN_POINT ( 'NONE',  ( 1.207875103017111096, 1.100000000000000311, 3.060251253657355175 ) ) ;
#1964 = CARTESIAN_POINT ( 'NONE',  ( 1.049999999999999600, 10.10000000000000142, 5.296933074902872463 ) ) ;
#1965 = EDGE_CURVE ( 'NONE', #2235, #1929, #2163, .T. ) ;
#1966 = ORIENTED_EDGE ( 'NONE', *, *, #1356, .F. ) ;
#1967 = CARTESIAN_POINT ( 'NONE',  ( -1.426320600371284053, 1.099999999999996758, -3.613700948467719609 ) ) ;
#1968 = CARTESIAN_POINT ( 'NONE',  ( -3.272379330697434252, -0.5250000000000003553, -3.272379330697434252 ) ) ;
#1969 = CARTESIAN_POINT ( 'NONE',  ( -3.871266313624623479, 3.066666666666666874, -2.235076648275907463 ) ) ;
#1970 = DIRECTION ( 'NONE',  ( 0.000000000000000000, 0.000000000000000000, -1.000000000000000000 ) ) ;
#1971 = CARTESIAN_POINT ( 'NONE',  ( -2.849223578450803540, -0.7333333333333332815, -1.645000000000000684 ) ) ;
#1972 = CARTESIAN_POINT ( 'NONE',  ( 0.000000000000000000, 1.099999999999996758, -2.187499999999999556 ) ) ;
#1973 = ORIENTED_EDGE ( 'NONE', *, *, #984, .F. ) ;
#1974 = FACE_OUTER_BOUND ( 'NONE', #542, .T. ) ;
#1975 = FACE_OUTER_BOUND ( 'NONE', #1984, .T. ) ;
#1976 = VERTEX_POINT ( 'NONE', #2099 ) ;
#1977 = DIRECTION ( 'NONE',  ( -0.000000000000000000, -1.000000000000000000, -0.000000000000000000 ) ) ;
#1978 = CARTESIAN_POINT ( 'NONE',  ( -3.290000000000000036, -0.9416666666666670960, -0.8815528430983945452 ) ) ;
#1979 = CARTESIAN_POINT ( 'NONE',  ( 1.197773965854377343, 1.191666666666666652, 4.470153296551814037 ) ) ;
#1980 = EDGE_CURVE ( 'NONE', #1585, #479, #382, .T. ) ;
#1981 = CARTESIAN_POINT ( 'NONE',  ( 0.000000000000000000, 5.100000000000000533, -3.290000000000000480 ) ) ;
#1982 =( BOUNDED_CURVE ( )  B_SPLINE_CURVE ( 1, ( #333, #1070 ),
 .UNSPECIFIED., .F., .T. ) 
 B_SPLINE_CURVE_WITH_KNOTS ( ( 2, 2 ),
 ( 0.000000000000000000, 0.0004316887992791912853 ),
 .UNSPECIFIED. ) 
 CURVE ( )  GEOMETRIC_REPRESENTATION_ITEM ( )  RATIONAL_B_SPLINE_CURVE ( ( 0.9988469377154600704, 0.9988469377154600704 ) ) 
 REPRESENTATION_ITEM ( '' )  );
#1983 = CARTESIAN_POINT ( 'NONE',  ( 4.272292063065682655, 7.600000000000002309, 3.302653558559536684 ) ) ;
#1984 = EDGE_LOOP ( 'NONE', ( #388, #1574 ) ) ;
#1985 = CARTESIAN_POINT ( 'NONE',  ( 1.645000000000000240, -1.516666666666666607, 2.849223578450803984 ) ) ;
#1986 = CARTESIAN_POINT ( 'NONE',  ( 0.8248691392579263759, 7.600000000000000533, -4.931489724525428997 ) ) ;
#1987 = ORIENTED_EDGE ( 'NONE', *, *, #2124, .F. ) ;
#1988 = CARTESIAN_POINT ( 'NONE',  ( 1.050000000000000044, 10.10000000000000142, -5.296933074902872463 ) ) ;
#1989 = CARTESIAN_POINT ( 'NONE',  ( -3.871266313624624811, 3.433333333333333570, 2.235076648275906575 ) ) ;
#1990 = CARTESIAN_POINT ( 'NONE',  ( 2.849223578450803540, 0.5666666666666666519, 1.645000000000002016 ) ) ;
#1991 = AXIS2_PLACEMENT_3D ( 'NONE', #799, #1555, #1520 ) ;
#1992 = ADVANCED_FACE ( 'NONE', ( #1749 ), #85, .F. ) ;
#1993 = CARTESIAN_POINT ( 'NONE',  ( -3.290000000000000480, 3.641666666666666607, 0.8815528430983932129 ) ) ;
#1994 = CARTESIAN_POINT ( 'NONE',  ( -1.738712998107333485, 2.970000000000000639, 3.474205248716978556 ) ) ;
#1995 = ORIENTED_EDGE ( 'NONE', *, *, #1509, .F. ) ;
#1996 =( BOUNDED_CURVE ( )  B_SPLINE_CURVE ( 2, ( #791, #950, #1716 ),
 .UNSPECIFIED., .F., .T. ) 
 B_SPLINE_CURVE_WITH_KNOTS ( ( 3, 3 ),
 ( 0.000000000000000000, 0.3246877118238143956 ),
 .UNSPECIFIED. ) 
 CURVE ( )  GEOMETRIC_REPRESENTATION_ITEM ( )  RATIONAL_B_SPLINE_CURVE ( ( 1.000000000000000000, 0.9989553478551191912, 0.9988469377154274298 ) ) 
 REPRESENTATION_ITEM ( '' )  );
#1997 = CARTESIAN_POINT ( 'NONE',  ( 3.290000000000000480, 3.641666666666666607, -0.8815528430983932129 ) ) ;
#1998 = B_SPLINE_CURVE_WITH_KNOTS ( 'NONE', 1,
 ( #1791, #148 ),
 .UNSPECIFIED., .F., .F.,
 ( 2, 2 ),
 ( 0.000000000000000000, 1.000000000000000000 ),
 .UNSPECIFIED. ) ;
#1999 = DIRECTION ( 'NONE',  ( 0.000000000000000000, 0.000000000000000000, -1.000000000000000000 ) ) ;
#2000 = VERTEX_POINT ( 'NONE', #192 ) ;
#2001 = CARTESIAN_POINT ( 'NONE',  ( -1.420842128008731775, 7.600000000000000533, -4.793871884737390232 ) ) ;
#2002 = FILL_AREA_STYLE_COLOUR ( '', #2353 ) ;
#2003 = CARTESIAN_POINT ( 'NONE',  ( 2.235076648275905686, 0.9833333333333335036, 3.871266313624624367 ) ) ;
#2004 = DIRECTION ( 'NONE',  ( 0.000000000000000000, 0.000000000000000000, -1.000000000000000000 ) ) ;
#2005 = CARTESIAN_POINT ( 'NONE',  ( -4.719054190317685915, 7.310144927536232906, 2.744453654951549026 ) ) ;
#2006 = CARTESIAN_POINT ( 'NONE',  ( -1.894022380360779856, 3.461315189598770825, -5.058886919325026099 ) ) ;
#2007 = CARTESIAN_POINT ( 'NONE',  ( 3.539989543092247892, 4.520289855072464391, -4.077802598802145795 ) ) ;
#2008 = ADVANCED_FACE ( 'NONE', ( #1484 ), #2055, .F. ) ;
#2009 = AXIS2_PLACEMENT_3D ( 'NONE', #1348, #825, #2286 ) ;
#2010 = CARTESIAN_POINT ( 'NONE',  ( 3.064141691569812309, 1.099999999999997646, 1.215633816555151014 ) ) ;
#2011 = EDGE_LOOP ( 'NONE', ( #1481, #1594, #866, #620, #218 ) ) ;
#2012 =( NAMED_UNIT ( * ) PLANE_ANGLE_UNIT ( ) SI_UNIT ( $, .RADIAN. ) );
#2013 = DIRECTION ( 'NONE',  ( 0.000000000000000000, 0.000000000000000000, -1.000000000000000000 ) ) ;
#2014 = CARTESIAN_POINT ( 'NONE',  ( 5.347617264507131374, 2.400008418379260711, 0.7503263239053316047 ) ) ;
#2015 = CARTESIAN_POINT ( 'NONE',  ( 0.000000000000000000, 2.970000000000001972, 0.000000000000000000 ) ) ;
#2016 = VERTEX_POINT ( 'NONE', #1292 ) ;
#2017 = CARTESIAN_POINT ( 'NONE',  ( 3.290000000000000036, 4.058333333333334458, 0.8815528430983945452 ) ) ;
#2018 = CARTESIAN_POINT ( 'NONE',  ( 3.238521496857066584, 1.099999999999986988, -0.6151294994511027348 ) ) ;
#2019 = ADVANCED_FACE ( 'NONE', ( #1878 ), #1046, .T. ) ;
#2020 = ORIENTED_EDGE ( 'NONE', *, *, #1887, .T. ) ;
#2021 = CYLINDRICAL_SURFACE ( 'NONE', #102, 5.000000000000000000 ) ;
#2022 =( BOUNDED_CURVE ( )  B_SPLINE_CURVE ( 2, ( #744, #918, #1487 ),
 .UNSPECIFIED., .F., .T. ) 
 B_SPLINE_CURVE_WITH_KNOTS ( ( 3, 3 ),
 ( 0.3451267686257774026, 0.3750000000000000000 ),
 .UNSPECIFIED. ) 
 CURVE ( )  GEOMETRIC_REPRESENTATION_ITEM ( )  RATIONAL_B_SPLINE_CURVE ( ( 0.9861706953697968459, 0.9755702637963492574, 1.000000000000000000 ) ) 
 REPRESENTATION_ITEM ( '' )  );
#2023 = CARTESIAN_POINT ( 'NONE',  ( 0.8815528430983964325, -0.8916666666666669405, -3.290000000000000036 ) ) ;
#2024 = CARTESIAN_POINT ( 'NONE',  ( 3.656623825853311693, 10.10000000000000142, 3.410146946423556980 ) ) ;
#2025 = VECTOR ( 'NONE', #172, 999.9999999999998863 ) ;
#2026 = CARTESIAN_POINT ( 'NONE',  ( -4.781585799167362261, 10.10000000000000142, -1.461655652060710020 ) ) ;
#2027 = CARTESIAN_POINT ( 'NONE',  ( 1.050000000000000044, 10.10000000000000142, -5.296933074902872463 ) ) ;
#2028 = AXIS2_PLACEMENT_3D ( 'NONE', #1058, #1408, #1776 ) ;
#2029 = DIRECTION ( 'NONE',  ( -0.000000000000000000, 1.000000000000000000, 0.000000000000000000 ) ) ;
#2030 = ORIENTED_EDGE ( 'NONE', *, *, #787, .T. ) ;
#2031 = DIRECTION ( 'NONE',  ( 0.000000000000000000, 0.000000000000000000, -1.000000000000000000 ) ) ;
#2032 = EDGE_CURVE ( 'NONE', #1632, #1929, #1149, .T. ) ;
#2033 = CARTESIAN_POINT ( 'NONE',  ( 0.000000000000000000, -1.099999999999999867, -3.290000000000000924 ) ) ;
#2034 = CARTESIAN_POINT ( 'NONE',  ( -4.508895102646462760, 4.520289855072464391, -2.971508868122513469 ) ) ;
#2035 = CARTESIAN_POINT ( 'NONE',  ( -4.062278605011941046, 10.10000000000000142, 3.557793211425058555 ) ) ;
#2036 = CARTESIAN_POINT ( 'NONE',  ( 5.112278605011911559, 10.10000000000000142, -1.739139863477764392 ) ) ;
#2037 = CARTESIAN_POINT ( 'NONE',  ( 0.8815528430983937680, 4.891666666666667496, 3.290000000000000480 ) ) ;
#2038 = VERTEX_POINT ( 'NONE', #762 ) ;
#2039 = CARTESIAN_POINT ( 'NONE',  ( -1.323041215027352280, 8.433332707419252117, -4.822858823142467166 ) ) ;
#2040 = ORIENTED_EDGE ( 'NONE', *, *, #1369, .T. ) ;
#2041 = CIRCLE ( 'NONE', #962, 5.400000000000033218 ) ;
#2042 = DIRECTION ( 'NONE',  ( -0.000000000000000000, -1.000000000000000000, -0.000000000000000000 ) ) ;
#2043 = EDGE_CURVE ( 'NONE', #1038, #238, #731, .T. ) ;
#2044 = EDGE_CURVE ( 'NONE', #1867, #1202, #1511, .T. ) ;
#2045 = CARTESIAN_POINT ( 'NONE',  ( -4.529418049222080356, 10.10000000000000142, -3.024414665511244937 ) ) ;
#2046 = ORIENTED_EDGE ( 'NONE', *, *, #1312, .T. ) ;
#2047 = VERTEX_POINT ( 'NONE', #572 ) ;
#2048 = CARTESIAN_POINT ( 'NONE',  ( -3.871266313624623923, 1.766666666666666829, -2.235076648275909239 ) ) ;
#2049 = CARTESIAN_POINT ( 'NONE',  ( 3.539989543092248780, 4.520289855072464391, -4.077802598802144907 ) ) ;
#2050 = ORIENTED_EDGE ( 'NONE', *, *, #579, .T. ) ;
#2051 = CARTESIAN_POINT ( 'NONE',  ( 3.272379330697433808, 3.274999999999999911, 3.272379330697433808 ) ) ;
#2052 =( BOUNDED_CURVE ( )  B_SPLINE_CURVE ( 1, ( #291, #639 ),
 .UNSPECIFIED., .F., .F. ) 
 B_SPLINE_CURVE_WITH_KNOTS ( ( 2, 2 ),
 ( 0.000000000000000000, 0.0004316887992791921527 ),
 .UNSPECIFIED. ) 
 CURVE ( )  GEOMETRIC_REPRESENTATION_ITEM ( )  RATIONAL_B_SPLINE_CURVE ( ( 0.9988469377154602924, 0.9988469377154602924 ) ) 
 REPRESENTATION_ITEM ( '' )  );
#2053 = APPLICATION_PROTOCOL_DEFINITION ( 'draft international standard', 'automotive_design', 1998, #1412 ) ;
#2054 = CARTESIAN_POINT ( 'NONE',  ( 1.645000000000002016, -0.6833333333333331261, -2.849223578450803096 ) ) ;
#2055 = PLANE ( 'NONE',  #424 ) ;
#2056 = ORIENTED_EDGE ( 'NONE', *, *, #1522, .T. ) ;
#2057 = EDGE_CURVE ( 'NONE', #2308, #2379, #881, .T. ) ;
#2058 = FACE_OUTER_BOUND ( 'NONE', #726, .T. ) ;
#2059 = AXIS2_PLACEMENT_3D ( 'NONE', #285, #2156, #1800 ) ;
#2060 = CARTESIAN_POINT ( 'NONE',  ( 0.000000000000000000, 19.89999999999999858, -1.449999999999997513 ) ) ;
#2061 = CARTESIAN_POINT ( 'NONE',  ( 3.272379330697434252, 4.475000000000000533, 3.272379330697434252 ) ) ;
#2062 = CARTESIAN_POINT ( 'NONE',  ( -0.5298775802252554401, 3.461315189585152829, -5.422355412247536144 ) ) ;
#2063 = EDGE_LOOP ( 'NONE', ( #1879, #2159, #2349, #766 ) ) ;
#2064 = CARTESIAN_POINT ( 'NONE',  ( 1.197773965854380673, 1.608333333333333393, -4.470153296551811373 ) ) ;
#2065 = CARTESIAN_POINT ( 'NONE',  ( -5.112278605011923993, 10.10000000000000142, 1.739139863477727976 ) ) ;
#2066 = CARTESIAN_POINT ( 'NONE',  ( -2.849223578450803984, 3.433333333333333570, 1.644999999999999574 ) ) ;
#2067 =( BOUNDED_CURVE ( )  B_SPLINE_CURVE ( 1, ( #1839, #2177 ),
 .UNSPECIFIED., .F., .T. ) 
 B_SPLINE_CURVE_WITH_KNOTS ( ( 2, 2 ),
 ( 0.000000000000000000, 0.0004316887992791909601 ),
 .UNSPECIFIED. ) 
 CURVE ( )  GEOMETRIC_REPRESENTATION_ITEM ( )  RATIONAL_B_SPLINE_CURVE ( ( 0.9988469377154602924, 0.9988469377154602924 ) ) 
 REPRESENTATION_ITEM ( '' )  );
#2068 = CARTESIAN_POINT ( 'NONE',  ( 0.8815528430983946562, 2.808333333333333126, -3.290000000000000036 ) ) ;
#2069 = VERTEX_POINT ( 'NONE', #224 ) ;
#2070 = CARTESIAN_POINT ( 'NONE',  ( 4.781585799167380024, 10.10000000000000142, -1.461655652060645849 ) ) ;
#2071 = FACE_OUTER_BOUND ( 'NONE', #2215, .T. ) ;
#2072 = EDGE_CURVE ( 'NONE', #1445, #993, #129, .T. ) ;
#2073 = CARTESIAN_POINT ( 'NONE',  ( 3.290000000000000480, -1.149999999999999911, 2.014543984597396372E-16 ) ) ;
#2074 = ORIENTED_EDGE ( 'NONE', *, *, #594, .F. ) ;
#2075 = CARTESIAN_POINT ( 'NONE',  ( -1.197773965854382672, -0.8916666666666669405, 4.470153296551811373 ) ) ;
#2076 = CARTESIAN_POINT ( 'NONE',  ( -1.124961973314051678, 10.10000000000000142, 4.871802598484194391 ) ) ;
#2077 = CARTESIAN_POINT ( 'NONE',  ( -3.656623825853357879, 10.10000000000000142, 3.410146946423505465 ) ) ;
#2078 = B_SPLINE_CURVE_WITH_KNOTS ( 'NONE', 1,
 ( #1231, #1014 ),
 .UNSPECIFIED., .F., .F.,
 ( 2, 2 ),
 ( 0.000000000000000000, 1.000000000000000000 ),
 .UNSPECIFIED. ) ;
#2079 = CARTESIAN_POINT ( 'NONE',  ( -3.290000000000000480, 1.350000000000000089, -6.043631953792187884E-16 ) ) ;
#2080 = ORIENTED_EDGE ( 'NONE', *, *, #1451, .F. ) ;
#2081 = CARTESIAN_POINT ( 'NONE',  ( -1.645000000000001572, 1.816666666666666874, 2.849223578450803540 ) ) ;
#2082 = CARTESIAN_POINT ( 'NONE',  ( -0.8815528430983947672, 1.608333333333333393, 3.290000000000000480 ) ) ;
#2083 = CARTESIAN_POINT ( 'NONE',  ( -4.470153296551814925, 1.141666666666666607, 1.197773965854377343 ) ) ;
#2084 = ORIENTED_EDGE ( 'NONE', *, *, #250, .T. ) ;
#2085 = CARTESIAN_POINT ( 'NONE',  ( 0.000000000000000000, 0.000000000000000000, 0.000000000000000000 ) ) ;
#2086 = ORIENTED_EDGE ( 'NONE', *, *, #1871, .F. ) ;
#2087 = CARTESIAN_POINT ( 'NONE',  ( 0.8815528430983947672, 1.608333333333333393, -3.290000000000000480 ) ) ;
#2088 = ADVANCED_FACE ( 'NONE', ( #2229 ), #1849, .T. ) ;
#2089 = LINE ( 'NONE', #1698, #640 ) ;
#2090 = CARTESIAN_POINT ( 'NONE',  ( 3.953366681281130113, 8.851443009871351464, -3.682148549498556189 ) ) ;
#2091 = CARTESIAN_POINT ( 'NONE',  ( -2.408447156901604824, 0.7750000000000001332, -2.408447156901607933 ) ) ;
#2092 = ORIENTED_EDGE ( 'NONE', *, *, #1822, .T. ) ;
#2093 = CARTESIAN_POINT ( 'NONE',  ( 0.8815528430983923247, 2.391666666666666607, 3.290000000000001368 ) ) ;
#2094 = CARTESIAN_POINT ( 'NONE',  ( 5.112278605011902677, 10.10000000000000142, 1.739139863477800807 ) ) ;
#2095 = CARTESIAN_POINT ( 'NONE',  ( 3.871266313624624367, -0.7333333333333332815, 2.235076648275907907 ) ) ;
#2096 = AXIS2_PLACEMENT_3D ( 'NONE', #53, #80, #2260 ) ;
#2097 = CARTESIAN_POINT ( 'NONE',  ( 4.345721529175557762, 2.400008418351982975, -3.282897550097823025 ) ) ;
#2098 = ORIENTED_EDGE ( 'NONE', *, *, #2212, .F. ) ;
#2099 = CARTESIAN_POINT ( 'NONE',  ( 0.000000000000000000, 2.970000000000001972, -3.290000000000000036 ) ) ;
#2100 = CARTESIAN_POINT ( 'NONE',  ( -2.849223578450803540, 0.5666666666666666519, -1.645000000000002016 ) ) ;
#2101 = AXIS2_PLACEMENT_3D ( 'NONE', #1567, #1544, #1008 ) ;
#2102 = AXIS2_PLACEMENT_3D ( 'NONE', #1480, #1115, #166 ) ;
#2103 = DIRECTION ( 'NONE',  ( 3.552713678800500929E-15, 0.000000000000000000, 1.000000000000000000 ) ) ;
#2104 = CARTESIAN_POINT ( 'NONE',  ( -3.290000000000000480, 1.350000000000000089, -6.043631953792187884E-16 ) ) ;
#2105 = EDGE_CURVE ( 'NONE', #2122, #527, #1824, .T. ) ;
#2106 = AXIS2_PLACEMENT_3D ( 'NONE', #1783, #487, #668 ) ;
#2107 = CARTESIAN_POINT ( 'NONE',  ( 4.029087969194792744E-16, 2.600000000000000533, -3.290000000000000480 ) ) ;
#2108 = ORIENTED_EDGE ( 'NONE', *, *, #1052, .F. ) ;
#2109 = EDGE_CURVE ( 'NONE', #1691, #2016, #559, .T. ) ;
#2110 = CARTESIAN_POINT ( 'NONE',  ( 4.781585799167372919, 10.10000000000000142, 1.461655652060676491 ) ) ;
#2111 = CARTESIAN_POINT ( 'NONE',  ( -0.1789936178157584823, 3.461314598853480362, 5.398853484448202344 ) ) ;
#2112 = CARTESIAN_POINT ( 'NONE',  ( 4.757752814687467645E-16, 2.600000000000000533, -3.884999999999999787 ) ) ;
#2113 = ORIENTED_EDGE ( 'NONE', *, *, #1260, .F. ) ;
#2114 = ORIENTED_EDGE ( 'NONE', *, *, #13, .T. ) ;
#2115 = CARTESIAN_POINT ( 'NONE',  ( 0.000000000000000000, 19.89999999999999858, 0.000000000000000000 ) ) ;
#2116 = CARTESIAN_POINT ( 'NONE',  ( 4.171190528742681813, 8.851443009871351464, 3.433437873351649294 ) ) ;
#2117 = CARTESIAN_POINT ( 'NONE',  ( -4.690784222799614156, 2.322925597101828110, 2.675191034037718740 ) ) ;
#2118 = CARTESIAN_POINT ( 'NONE',  ( -2.408447156901604824, 1.975000000000000089, -2.408447156901607933 ) ) ;
#2119 = CARTESIAN_POINT ( 'NONE',  ( -5.231239030683752844, 7.310144927536232018, -1.389450426890936452 ) ) ;
#2120 = ORIENTED_EDGE ( 'NONE', *, *, #2300, .T. ) ;
#2121 = AXIS2_PLACEMENT_3D ( 'NONE', #545, #391, #1291 ) ;
#2122 = VERTEX_POINT ( 'NONE', #1838 ) ;
#2123 = CARTESIAN_POINT ( 'NONE',  ( -2.101365728472922356, 1.099999999999996092, -2.539834237112716941 ) ) ;
#2124 = EDGE_CURVE ( 'NONE', #1342, #427, #751, .T. ) ;
#2125 = CARTESIAN_POINT ( 'NONE',  ( -1.645000000000000018, -0.3166666666666664853, -2.849223578450803984 ) ) ;
#2126 = CARTESIAN_POINT ( 'NONE',  ( 1.049999999999999600, 10.10000000000000142, 5.296933074902872463 ) ) ;
#2127 = ORIENTED_EDGE ( 'NONE', *, *, #553, .F. ) ;
#2128 = CARTESIAN_POINT ( 'NONE',  ( -0.3545109072998514077, 10.10000000000000142, 5.434798427741702298 ) ) ;
#2129 = CARTESIAN_POINT ( 'NONE',  ( -1.050000000000000044, 10.10000000000000142, 5.296933074902872463 ) ) ;
#2130 = CARTESIAN_POINT ( 'NONE',  ( 0.000000000000000000, 10.10000000000000142, 0.000000000000000000 ) ) ;
#2131 = CARTESIAN_POINT ( 'NONE',  ( 0.8815528430983963215, 0.3083333333333332371, -3.289999999999999591 ) ) ;
#2132 = CARTESIAN_POINT ( 'NONE',  ( 4.470153296551814037, 0.1499999999999999667, 8.211538389480251307E-16 ) ) ;
#2133 = ORIENTED_EDGE ( 'NONE', *, *, #926, .T. ) ;
#2134 =( BOUNDED_CURVE ( )  B_SPLINE_CURVE ( 2, ( #809, #2262, #602 ),
 .UNSPECIFIED., .F., .T. ) 
 B_SPLINE_CURVE_WITH_KNOTS ( ( 3, 3 ),
 ( 0.000000000000000000, 0.009741561899813146880 ),
 .UNSPECIFIED. ) 
 CURVE ( )  GEOMETRIC_REPRESENTATION_ITEM ( )  RATIONAL_B_SPLINE_CURVE ( ( 1.000000000000000000, 0.9989553478552767318, 0.9988469377154600704 ) ) 
 REPRESENTATION_ITEM ( '' )  );
#2135 = LINE ( 'NONE', #1376, #1108 ) ;
#2136 = DIRECTION ( 'NONE',  ( -0.000000000000000000, -1.000000000000000000, -0.000000000000000000 ) ) ;
#2137 = ADVANCED_FACE ( 'NONE', ( #1131 ), #2151, .F. ) ;
#2138 = CARTESIAN_POINT ( 'NONE',  ( -1.894022380362483160, 3.461315189585152829, -5.058886919324438125 ) ) ;
#2139 = ORIENTED_EDGE ( 'NONE', *, *, #2241, .F. ) ;
#2140 = DIRECTION ( 'NONE',  ( 0.000000000000000000, -0.000000000000000000, 1.000000000000000000 ) ) ;
#2141 = DIRECTION ( 'NONE',  ( -0.000000000000000000, -1.000000000000000000, -0.000000000000000000 ) ) ;
#2142 = ADVANCED_FACE ( 'NONE', ( #1557 ), #836, .F. ) ;
#2143 = DIRECTION ( 'NONE',  ( -0.000000000000000000, -1.000000000000000000, -0.000000000000000000 ) ) ;
#2144 = EDGE_LOOP ( 'NONE', ( #2243, #2133, #504 ) ) ;
#2145 = CARTESIAN_POINT ( 'NONE',  ( 0.6876798516447465426, 7.310144927536232018, -5.368755042519479659 ) ) ;
#2146 = CARTESIAN_POINT ( 'NONE',  ( 1.645000000000001794, 0.5166666666666670515, -2.849223578450802652 ) ) ;
#2147 = CARTESIAN_POINT ( 'NONE',  ( 4.470153296551811373, 0.3583333333333333370, 1.197773965854382450 ) ) ;
#2148 = CONICAL_SURFACE ( 'NONE', #1726, 2.049999999999999822, 0.03259714511795269720 ) ;
#2149 = CARTESIAN_POINT ( 'NONE',  ( -2.783419291034840537, 1.099999999999996536, -1.766176083893833626 ) ) ;
#2150 = CARTESIAN_POINT ( 'NONE',  ( -3.290000000000000480, -2.141666666666667052, -0.8815528430983946562 ) ) ;
#2151 =( BOUNDED_SURFACE ( )  B_SPLINE_SURFACE ( 3, 2, ( 
 ( #2219, #32, #2034, #381, #1121 ),
 ( #2045, #1857, #201, #935, #1499 ),
 ( #393, #1386, #72, #1728, #1172 ),
 ( #985, #2119, #1928, #472, #83 ) ),
 .UNSPECIFIED., .F., .F., .T. ) 
 B_SPLINE_SURFACE_WITH_KNOTS ( ( 4, 4 ),
 ( 3, 2, 3 ),
 ( 0.000000000000000000, 1.000000000000000000 ),
 ( 0.000000000000000000, 0.02173913043478260809, 0.03000283320694692446 ),
 .UNSPECIFIED. ) 
 GEOMETRIC_REPRESENTATION_ITEM ( )  RATIONAL_B_SPLINE_SURFACE ( (
 ( 1.000000000000000000, 0.9976687691905391508, 1.000000000000000000, 0.9991138284688759752, 0.9989013782864812896),
 ( 0.9872756882596137595, 0.9849741207577112911, 0.9872756882596137595, 0.9864007926513072011, 0.9861910457512625960),
 ( 0.9872756882596137595, 0.9849741207577112911, 0.9872756882596137595, 0.9864007926513072011, 0.9861910457512625960),
 ( 1.000000000000000000, 0.9976687691905391508, 1.000000000000000000, 0.9991138284688759752, 0.9989013782864812896) ) ) 
 REPRESENTATION_ITEM ( '' )  SURFACE ( )  );
#2152 = CARTESIAN_POINT ( 'NONE',  ( -4.272292063065659562, 7.599999999999999645, -3.302653558559566882 ) ) ;
#2153 = ORIENTED_EDGE ( 'NONE', *, *, #1856, .F. ) ;
#2154 = ORIENTED_EDGE ( 'NONE', *, *, #2332, .T. ) ;
#2155 = CARTESIAN_POINT ( 'NONE',  ( 2.678914873134834324E-16, 1.099999999999996758, 2.187499999999999556 ) ) ;
#2156 = DIRECTION ( 'NONE',  ( -0.000000000000000000, -1.000000000000000000, -0.000000000000000000 ) ) ;
#2157 = FACE_OUTER_BOUND ( 'NONE', #667, .T. ) ;
#2158 = ADVANCED_FACE ( 'NONE', ( #1399 ), #269, .F. ) ;
#2159 = ORIENTED_EDGE ( 'NONE', *, *, #2124, .T. ) ;
#2160 = CARTESIAN_POINT ( 'NONE',  ( 3.884999999999999787, 2.650000000000000355, 2.378876407343733822E-16 ) ) ;
#2161 = CARTESIAN_POINT ( 'NONE',  ( 1.197773965854377565, 2.391666666666666163, 4.470153296551814925 ) ) ;
#2162 = CARTESIAN_POINT ( 'NONE',  ( -2.849223578450803984, 3.066666666666666874, -1.645000000000000906 ) ) ;
#2163 = CIRCLE ( 'NONE', #1431, 5.399999999999999467 ) ;
#2164 = CARTESIAN_POINT ( 'NONE',  ( 4.029087969194792251E-16, 7.600000000000001421, 3.290000000000000036 ) ) ;
#2165 = CARTESIAN_POINT ( 'NONE',  ( 0.8815528430983964325, -0.8916666666666669405, -3.290000000000000036 ) ) ;
#2166 = CARTESIAN_POINT ( 'NONE',  ( 1.426320600371284053, 1.099999999999996758, 3.613700948467719609 ) ) ;
#2167 = VERTEX_POINT ( 'NONE', #1646 ) ;
#2168 = ORIENTED_EDGE ( 'NONE', *, *, #352, .F. ) ;
#2169 = CARTESIAN_POINT ( 'NONE',  ( 3.031000827889699256E-16, 10.10000000000000142, 2.475000000000000089 ) ) ;
#2170 = ORIENTED_EDGE ( 'NONE', *, *, #1697, .T. ) ;
#2171 = FACE_BOUND ( 'NONE', #2325, .T. ) ;
#2172 = ORIENTED_EDGE ( 'NONE', *, *, #606, .T. ) ;
#2173 = CARTESIAN_POINT ( 'NONE',  ( 1.124961973314053232, 10.10000000000000142, 4.871802598484195279 ) ) ;
#2174 = EDGE_CURVE ( 'NONE', #2047, #1867, #1847, .T. ) ;
#2175 = CARTESIAN_POINT ( 'NONE',  ( -3.290000000000000480, 2.858333333333332948, -0.8815528430983946562 ) ) ;
#2176 = CARTESIAN_POINT ( 'NONE',  ( -3.290000000000000480, -1.149999999999999911, -2.014543984597396372E-16 ) ) ;
#2177 = CARTESIAN_POINT ( 'NONE',  ( 3.441188122800065585, 7.600000000000001421, -3.627426677894364460 ) ) ;
#2178 = VERTEX_POINT ( 'NONE', #1483 ) ;
#2179 = CARTESIAN_POINT ( 'NONE',  ( -3.016295466773023293, 2.970000000000003304, 1.329907756791705475 ) ) ;
#2180 = ORIENTED_EDGE ( 'NONE', *, *, #1003, .T. ) ;
#2181 = CARTESIAN_POINT ( 'NONE',  ( 4.483519106256606435, 3.461314598853480362, -2.216959562187098776 ) ) ;
#2182 = ORIENTED_EDGE ( 'NONE', *, *, #1341, .F. ) ;
#2183 = CARTESIAN_POINT ( 'NONE',  ( 3.656623825853333010, 10.10000000000000142, -3.410146946423531666 ) ) ;
#2184 = AXIS2_PLACEMENT_3D ( 'NONE', #1644, #1665, #1117 ) ;
#2185 = CARTESIAN_POINT ( 'NONE',  ( 2.408447156901606601, -0.4750000000000000888, -2.408447156901605268 ) ) ;
#2186 = CIRCLE ( 'NONE', #368, 5.000000000000000000 ) ;
#2187 = AXIS2_PLACEMENT_3D ( 'NONE', #1602, #1746, #90 ) ;
#2188 = FACE_OUTER_BOUND ( 'NONE', #1321, .T. ) ;
#2189 = CARTESIAN_POINT ( 'NONE',  ( -3.434113396827919384, 3.461315189598770381, 4.169714956391189276 ) ) ;
#2190 = ORIENTED_EDGE ( 'NONE', *, *, #1836, .T. ) ;
#2191 = CARTESIAN_POINT ( 'NONE',  ( -2.408447156901606157, 0.7249999999999999778, 2.408447156901605268 ) ) ;
#2192 = DIRECTION ( 'NONE',  ( -0.1944444444444438647, 0.000000000000000000, 0.9809135323894209169 ) ) ;
#2193 = ORIENTED_EDGE ( 'NONE', *, *, #2109, .T. ) ;
#2194 = SURFACE_SIDE_STYLE ('',( #378 ) ) ;
#2195 = AXIS2_PLACEMENT_3D ( 'NONE', #1549, #2279, #1560 ) ;
#2196 = CARTESIAN_POINT ( 'NONE',  ( 5.328135777189001665, 3.461315189585152829, 0.8891719629320613549 ) ) ;
#2197 = CARTESIAN_POINT ( 'NONE',  ( 4.029087969194792251E-16, 0.000000000000000000, 3.290000000000000036 ) ) ;
#2198 = ADVANCED_FACE ( 'NONE', ( #740 ), #741, .F. ) ;
#2199 = DIRECTION ( 'NONE',  ( -0.000000000000000000, -1.000000000000000000, -0.000000000000000000 ) ) ;
#2200 = ORIENTED_EDGE ( 'NONE', *, *, #711, .F. ) ;
#2201 = CARTESIAN_POINT ( 'NONE',  ( -5.165517525014323930, 8.851443009871351464, -1.582641701715207683 ) ) ;
#2202 = AXIS2_PLACEMENT_3D ( 'NONE', #2242, #948, #927 ) ;
#2203 = ORIENTED_EDGE ( 'NONE', *, *, #1093, .T. ) ;
#2204 = CARTESIAN_POINT ( 'NONE',  ( 1.207875103017111096, 1.100000000000000311, 3.060251253657355175 ) ) ;
#2205 = VERTEX_POINT ( 'NONE', #1311 ) ;
#2206 = CARTESIAN_POINT ( 'NONE',  ( -3.364508693702543685, 2.233333333333333837, 1.942499999999999227 ) ) ;
#2207 = CARTESIAN_POINT ( 'NONE',  ( 4.736293679855952732, 7.310144927536232906, 2.714593983174728553 ) ) ;
#2208 = PRODUCT_DEFINITION_SHAPE ( 'NONE', 'NONE',  #1504 ) ;
#2209 = DIRECTION ( 'NONE',  ( 0.000000000000000000, 0.000000000000000000, -1.000000000000000000 ) ) ;
#2210 = FACE_OUTER_BOUND ( 'NONE', #2063, .T. ) ;
#2211 = CARTESIAN_POINT ( 'NONE',  ( -1.761485870634749373, 4.520289855072464391, -5.104622172850223016 ) ) ;
#2212 = EDGE_CURVE ( 'NONE', #1145, #752, #1330, .T. ) ;
#2213 = CARTESIAN_POINT ( 'NONE',  ( -3.294036499290150299, 2.970000000000003748, 0.1280095904954690889 ) ) ;
#2214 = CARTESIAN_POINT ( 'NONE',  ( 0.000000000000000000, 7.600000000000002309, 0.000000000000000000 ) ) ;
#2215 = EDGE_LOOP ( 'NONE', ( #2190, #1598, #1500, #158 ) ) ;
#2216 = FILL_AREA_STYLE ('',( #556 ) ) ;
#2217 = CARTESIAN_POINT ( 'NONE',  ( 0.000000000000000000, 10.10000000000000142, 0.000000000000000000 ) ) ;
#2218 = CIRCLE ( 'NONE', #945, 1.449999999999997513 ) ;
#2219 = CARTESIAN_POINT ( 'NONE',  ( -4.062278605011867327, 10.10000000000000142, -3.557793211425144264 ) ) ;
#2220 = FACE_OUTER_BOUND ( 'NONE', #1471, .T. ) ;
#2221 = CARTESIAN_POINT ( 'NONE',  ( -2.316305096161108690, 2.970000000000000639, 2.345461458791870069 ) ) ;
#2222 = CONICAL_SURFACE ( 'NONE', #1534, 2.049999999999999822, 0.03259714511795269720 ) ;
#2223 = DIRECTION ( 'NONE',  ( 1.776356839400250465E-15, 0.000000000000000000, 1.000000000000000000 ) ) ;
#2224 = EDGE_LOOP ( 'NONE', ( #626, #290, #1695, #2182 ) ) ;
#2225 = FACE_OUTER_BOUND ( 'NONE', #1936, .T. ) ;
#2226 =( BOUNDED_CURVE ( )  B_SPLINE_CURVE ( 2, ( #647, #2116, #122 ),
 .UNSPECIFIED., .F., .T. ) 
 B_SPLINE_CURVE_WITH_KNOTS ( ( 3, 3 ),
 ( 0.000000000000000000, 0.009741561899813139941 ),
 .UNSPECIFIED. ) 
 CURVE ( )  GEOMETRIC_REPRESENTATION_ITEM ( )  RATIONAL_B_SPLINE_CURVE ( ( 1.000000000000000000, 0.9989553478552766208, 0.9988469377154600704 ) ) 
 REPRESENTATION_ITEM ( '' )  );
#2227 = EDGE_CURVE ( 'NONE', #520, #2288, #10, .T. ) ;
#2228 = DIRECTION ( 'NONE',  ( -0.000000000000000000, -1.000000000000000000, -0.000000000000000000 ) ) ;
#2229 = FACE_OUTER_BOUND ( 'NONE', #1116, .T. ) ;
#2230 = EDGE_LOOP ( 'NONE', ( #1552, #1678 ) ) ;
#2231 = CARTESIAN_POINT ( 'NONE',  ( -3.953366681281155426, 8.851443009871351464, 3.682148549498528212 ) ) ;
#2232 = CARTESIAN_POINT ( 'NONE',  ( -1.050000000000000044, 10.10000000000000142, -5.296933074902872463 ) ) ;
#2233 = CARTESIAN_POINT ( 'NONE',  ( 2.849223578450803540, -0.7333333333333332815, 1.645000000000000684 ) ) ;
#2234 = FACE_OUTER_BOUND ( 'NONE', #1127, .T. ) ;
#2235 = VERTEX_POINT ( 'NONE', #180 ) ;
#2236 = CIRCLE ( 'NONE', #1085, 2.475000000000000089 ) ;
#2237 = CARTESIAN_POINT ( 'NONE',  ( 3.272379330697433808, -1.725000000000000089, 3.272379330697433808 ) ) ;
#2238 = PRODUCT_CONTEXT ( 'NONE', #1412, 'mechanical' ) ;
#2239 = CARTESIAN_POINT ( 'NONE',  ( 5.249099166041937714, 2.400008418351982975, 1.452470267728779740 ) ) ;
#2240 =( BOUNDED_CURVE ( )  B_SPLINE_CURVE ( 1, ( #492, #1380 ),
 .UNSPECIFIED., .F., .F. ) 
 B_SPLINE_CURVE_WITH_KNOTS ( ( 2, 2 ),
 ( 0.0002481811792462156226, 0.0008431811792462141474 ),
 .UNSPECIFIED. ) 
 CURVE ( )  GEOMETRIC_REPRESENTATION_ITEM ( )  RATIONAL_B_SPLINE_CURVE ( ( 0.9836222570911057339, 0.9836222570911057339 ) ) 
 REPRESENTATION_ITEM ( '' )  );
#2241 = EDGE_CURVE ( 'NONE', #1542, #1654, #39, .T. ) ;
#2242 = CARTESIAN_POINT ( 'NONE',  ( 0.000000000000000000, 2.970000000000001972, 0.000000000000000000 ) ) ;
#2243 = ORIENTED_EDGE ( 'NONE', *, *, #56, .T. ) ;
#2244 = CARTESIAN_POINT ( 'NONE',  ( -3.656623825853286380, 10.10000000000000142, -3.410146946423580072 ) ) ;
#2245 = ORIENTED_EDGE ( 'NONE', *, *, #1169, .T. ) ;
#2246 = CARTESIAN_POINT ( 'NONE',  ( -2.235076648275906130, 2.183333333333333570, -3.871266313624625255 ) ) ;
#2247 = CARTESIAN_POINT ( 'NONE',  ( 4.690784222799595504, 2.322925597101828110, -2.675191034037752047 ) ) ;
#2248 = ORIENTED_EDGE ( 'NONE', *, *, #1711, .T. ) ;
#2249 = DIRECTION ( 'NONE',  ( 0.000000000000000000, 0.000000000000000000, 1.000000000000000000 ) ) ;
#2250 = DIRECTION ( 'NONE',  ( -0.000000000000000000, -1.000000000000000000, -0.000000000000000000 ) ) ;
#2251 = CARTESIAN_POINT ( 'NONE',  ( -3.290000000000000480, 3.641666666666666607, 0.8815528430983932129 ) ) ;
#2252 = CARTESIAN_POINT ( 'NONE',  ( 1.645000000000000240, -1.516666666666666607, 2.849223578450803984 ) ) ;
#2253 = ORIENTED_EDGE ( 'NONE', *, *, #1980, .F. ) ;
#2254 = EDGE_CURVE ( 'NONE', #168, #531, #2236, .T. ) ;
#2255 = AXIS2_PLACEMENT_3D ( 'NONE', #713, #536, #1638 ) ;
#2256 = CARTESIAN_POINT ( 'NONE',  ( 1.775737858763660437E-16, 0.000000000000000000, 1.449999999999998623 ) ) ;
#2257 = CARTESIAN_POINT ( 'NONE',  ( 1.645000000000000018, -0.3166666666666664853, 2.849223578450803984 ) ) ;
#2258 = CARTESIAN_POINT ( 'NONE',  ( 5.112278605011911559, 10.10000000000000142, -1.739139863477764392 ) ) ;
#2259 = ORIENTED_EDGE ( 'NONE', *, *, #2282, .T. ) ;
#2260 = DIRECTION ( 'NONE',  ( 0.000000000000000000, 0.000000000000000000, -1.000000000000000000 ) ) ;
#2261 = AXIS2_PLACEMENT_3D ( 'NONE', #1619, #2143, #675 ) ;
#2262 = CARTESIAN_POINT ( 'NONE',  ( -0.8878491562667806258, 8.851443009871349688, 5.329075898592031457 ) ) ;
#2263 = CARTESIAN_POINT ( 'NONE',  ( 2.849223578450803984, 2.233333333333333837, -1.644999999999999796 ) ) ;
#2264 = CARTESIAN_POINT ( 'NONE',  ( -3.290000000000001368, 1.141666666666666607, 0.8815528430983922137 ) ) ;
#2265 = ORIENTED_EDGE ( 'NONE', *, *, #774, .F. ) ;
#2266 =( BOUNDED_SURFACE ( )  B_SPLINE_SURFACE ( 1, 2, ( 
 ( #481, #311, #1381, #1951, #2337 ),
 ( #1423, #850, #1045, #507, #1790 ) ),
 .UNSPECIFIED., .F., .F., .T. ) 
 B_SPLINE_SURFACE_WITH_KNOTS ( ( 2, 2 ),
 ( 3, 2, 3 ),
 ( 0.000000000000000000, 1.000000000000000000 ),
 ( 0.000000000000000000, 0.02173913043478260809, 0.03000283320684075244 ),
 .UNSPECIFIED. ) 
 GEOMETRIC_REPRESENTATION_ITEM ( )  RATIONAL_B_SPLINE_SURFACE ( (
 ( 1.000000000000000000, 0.9976687691905391508, 1.000000000000000000, 0.9991138284688874105, 0.9989013782864868407),
 ( 1.000000000000000000, 0.9976687691905391508, 1.000000000000000000, 0.9991138284688874105, 0.9989013782864868407) ) ) 
 REPRESENTATION_ITEM ( '' )  SURFACE ( )  );
#2267 = DIRECTION ( 'NONE',  ( 0.000000000000000000, 0.000000000000000000, -1.000000000000000000 ) ) ;
#2268 = CARTESIAN_POINT ( 'NONE',  ( -2.849223578450803984, 2.233333333333333837, 1.644999999999999796 ) ) ;
#2269 = CARTESIAN_POINT ( 'NONE',  ( 2.408447156901605712, -0.5250000000000003553, 2.408447156901605712 ) ) ;
#2270 = EDGE_CURVE ( 'NONE', #1194, #1748, #1892, .T. ) ;
#2271 = CARTESIAN_POINT ( 'NONE',  ( 1.372031982919189375, 7.600000000000002309, 5.222789315858608283 ) ) ;
#2272 = VERTEX_POINT ( 'NONE', #1855 ) ;
#2273 = CARTESIAN_POINT ( 'NONE',  ( 0.000000000000000000, -1.099999999999999867, 4.470153296551814037 ) ) ;
#2274 = DIRECTION ( 'NONE',  ( 0.000000000000000000, 0.000000000000000000, 1.000000000000000000 ) ) ;
#2275 = CARTESIAN_POINT ( 'NONE',  ( -2.408447156901605712, 3.224999999999999645, 2.408447156901605268 ) ) ;
#2276 = CARTESIAN_POINT ( 'NONE',  ( 3.290000000000000924, 2.441666666666666430, -0.8815528430983933239 ) ) ;
#2277 = ORIENTED_EDGE ( 'NONE', *, *, #1871, .T. ) ;
#2278 = CARTESIAN_POINT ( 'NONE',  ( 4.683229949569912343, 7.600000000000000533, -1.751387232867535504 ) ) ;
#2279 = DIRECTION ( 'NONE',  ( 0.000000000000000000, -1.000000000000000000, -0.000000000000000000 ) ) ;
#2280 = CARTESIAN_POINT ( 'NONE',  ( -1.124961973314053232, 10.10000000000000142, -4.871802598484195279 ) ) ;
#2281 = CARTESIAN_POINT ( 'NONE',  ( -1.372031982919189375, 7.600000000000002309, -5.222789315858608283 ) ) ;
#2282 = EDGE_CURVE ( 'NONE', #2272, #2016, #428, .T. ) ;
#2283 = ORIENTED_EDGE ( 'NONE', *, *, #699, .T. ) ;
#2284 = CARTESIAN_POINT ( 'NONE',  ( 3.290000000000000924, 2.650000000000000355, 2.014543984597396619E-16 ) ) ;
#2285 = CARTESIAN_POINT ( 'NONE',  ( 4.862037714821945578, 7.600000000000003197, 1.166442994598971161 ) ) ;
#2286 = DIRECTION ( 'NONE',  ( 0.000000000000000000, 0.000000000000000000, -1.000000000000000000 ) ) ;
#2287 = CARTESIAN_POINT ( 'NONE',  ( 2.408447156901606157, 3.274999999999999911, 2.408447156901606157 ) ) ;
#2288 = VERTEX_POINT ( 'NONE', #1914 ) ;
#2289 = DIRECTION ( 'NONE',  ( 0.7522738157429439410, 0.000000000000000000, 0.6588505947083536096 ) ) ;
#2290 = CARTESIAN_POINT ( 'NONE',  ( -3.837052234687943653, 7.600000000000002309, 3.799609209942023558 ) ) ;
#2291 = CARTESIAN_POINT ( 'NONE',  ( 0.000000000000000000, 14.89999999999999680, 0.000000000000000000 ) ) ;
#2292 = ORIENTED_EDGE ( 'NONE', *, *, #2359, .T. ) ;
#2293 = DIRECTION ( 'NONE',  ( 0.000000000000000000, 0.000000000000000000, -1.000000000000000000 ) ) ;
#2294 = CARTESIAN_POINT ( 'NONE',  ( -3.290000000000001812, -0.05833333333333340365, 0.8815528430983923247 ) ) ;
#2295 = CIRCLE ( 'NONE', #530, 5.000000000000000000 ) ;
#2296 = EDGE_CURVE ( 'NONE', #238, #672, #1397, .T. ) ;
#2297 = DIRECTION ( 'NONE',  ( 0.000000000000000000, 0.000000000000000000, -1.000000000000000000 ) ) ;
#2298 = CARTESIAN_POINT ( 'NONE',  ( -4.418579061488547843, 2.322925597101828110, 2.340138452699964233 ) ) ;
#2299 = CARTESIAN_POINT ( 'NONE',  ( 0.000000000000000000, 14.89999999999999680, 0.000000000000000000 ) ) ;
#2300 = EDGE_CURVE ( 'NONE', #627, #943, #1583, .T. ) ;
#2301 = B_SPLINE_CURVE_WITH_KNOTS ( 'NONE', 3,
 ( #1818, #693, #162, #1403 ),
 .UNSPECIFIED., .F., .F.,
 ( 4, 4 ),
 ( 0.000000000000000000, 0.3246758015733974823 ),
 .UNSPECIFIED. ) ;
#2302 = CARTESIAN_POINT ( 'NONE',  ( -1.644999999999999574, 0.9833333333333335036, -2.849223578450804428 ) ) ;
#2303 = ORIENTED_EDGE ( 'NONE', *, *, #873, .T. ) ;
#2304 =( BOUNDED_CURVE ( )  B_SPLINE_CURVE ( 1, ( #785, #958 ),
 .UNSPECIFIED., .F., .T. ) 
 B_SPLINE_CURVE_WITH_KNOTS ( ( 2, 2 ),
 ( 0.000000000000000000, 0.0004316887992791906348 ),
 .UNSPECIFIED. ) 
 CURVE ( )  GEOMETRIC_REPRESENTATION_ITEM ( )  RATIONAL_B_SPLINE_CURVE ( ( 0.9988469377154602924, 0.9988469377154602924 ) ) 
 REPRESENTATION_ITEM ( '' )  );
#2305 = CARTESIAN_POINT ( 'NONE',  ( -3.289918354934207922, 1.099999999999986766, 0.2069855177718713801 ) ) ;
#2306 = CARTESIAN_POINT ( 'NONE',  ( -2.408447156901605712, -0.5250000000000003553, -2.408447156901605712 ) ) ;
#2307 = DIRECTION ( 'NONE',  ( -0.000000000000000000, -1.000000000000000000, -0.000000000000000000 ) ) ;
#2308 = VERTEX_POINT ( 'NONE', #2077 ) ;
#2309 = ORIENTED_EDGE ( 'NONE', *, *, #2254, .F. ) ;
#2310 = CARTESIAN_POINT ( 'NONE',  ( -1.050000000000000488, 10.10000000000000142, 5.296933074902872463 ) ) ;
#2311 = CARTESIAN_POINT ( 'NONE',  ( 4.062278605011893973, 10.10000000000000142, 3.557793211425117619 ) ) ;
#2312 = CARTESIAN_POINT ( 'NONE',  ( 0.000000000000000000, 1.099999999999996758, 0.000000000000000000 ) ) ;
#2313 = CARTESIAN_POINT ( 'NONE',  ( -1.197773965854379563, -0.1083333333333335452, -4.470153296551814037 ) ) ;
#2314 = EDGE_CURVE ( 'NONE', #295, #2069, #82, .T. ) ;
#2315 = CARTESIAN_POINT ( 'NONE',  ( -1.645000000000001794, 0.5166666666666670515, 2.849223578450802652 ) ) ;
#2316 = ORIENTED_EDGE ( 'NONE', *, *, #219, .F. ) ;
#2317 = B_SPLINE_CURVE_WITH_KNOTS ( 'NONE', 3,
 ( #1672, #342, #2039, #187 ),
 .UNSPECIFIED., .F., .F.,
 ( 4, 4 ),
 ( 0.000000000000000000, 0.3246758015733973712 ),
 .UNSPECIFIED. ) ;
#2318 = DIRECTION ( 'NONE',  ( 0.000000000000000000, 1.000000000000000000, 0.000000000000000000 ) ) ;
#2319 = CARTESIAN_POINT ( 'NONE',  ( 2.408447156901606157, 0.7249999999999999778, -2.408447156901605268 ) ) ;
#2320 = CARTESIAN_POINT ( 'NONE',  ( -1.472423620018831425, 2.970000000000001972, 2.942119760174735976 ) ) ;
#2321 = ORIENTED_EDGE ( 'NONE', *, *, #1204, .F. ) ;
#2322 = DIRECTION ( 'NONE',  ( 0.000000000000000000, 1.000000000000000000, 0.000000000000000000 ) ) ;
#2323 = CARTESIAN_POINT ( 'NONE',  ( -4.062278605011941046, 10.10000000000000142, 3.557793211425058555 ) ) ;
#2324 = DIRECTION ( 'NONE',  ( -0.000000000000000000, -1.000000000000000000, -0.000000000000000000 ) ) ;
#2325 = EDGE_LOOP ( 'NONE', ( #986, #2203 ) ) ;
#2326 = CARTESIAN_POINT ( 'NONE',  ( 3.576844790651160899, 2.970000000000000639, 1.516379353457322221 ) ) ;
#2327 = CARTESIAN_POINT ( 'NONE',  ( 0.000000000000000000, 0.1000000000000002554, -4.470153296551814925 ) ) ;
#2328 = CARTESIAN_POINT ( 'NONE',  ( -3.272379330697433808, -1.725000000000000089, -3.272379330697433808 ) ) ;
#2329 = EDGE_CURVE ( 'NONE', #2178, #176, #852, .T. ) ;
#2330 = CARTESIAN_POINT ( 'NONE',  ( 3.441188122800065585, 7.600000000000001421, -3.627426677894364460 ) ) ;
#2331 = CARTESIAN_POINT ( 'NONE',  ( 2.849223578450803096, 1.766666666666666829, 1.645000000000001794 ) ) ;
#2332 = EDGE_CURVE ( 'NONE', #2272, #1616, #332, .T. ) ;
#2333 = CARTESIAN_POINT ( 'NONE',  ( -3.656623825853356546, 10.10000000000000142, 3.410146946423505021 ) ) ;
#2334 = VERTEX_POINT ( 'NONE', #983 ) ;
#2335 =( BOUNDED_CURVE ( )  B_SPLINE_CURVE ( 2, ( #2036, #173, #185 ),
 .UNSPECIFIED., .F., .T. ) 
 B_SPLINE_CURVE_WITH_KNOTS ( ( 3, 3 ),
 ( 0.000000000000000000, 0.009741561899813146880 ),
 .UNSPECIFIED. ) 
 CURVE ( )  GEOMETRIC_REPRESENTATION_ITEM ( )  RATIONAL_B_SPLINE_CURVE ( ( 1.000000000000000000, 0.9989553478552767318, 0.9988469377154600704 ) ) 
 REPRESENTATION_ITEM ( '' )  );
#2336 = FACE_OUTER_BOUND ( 'NONE', #24, .T. ) ;
#2337 = CARTESIAN_POINT ( 'NONE',  ( -5.347617264507123380, 2.400008418379260711, -0.7503263239053677980 ) ) ;
#2338 = STYLED_ITEM ( 'NONE', ( #356 ), #376 ) ;
#2339 = ORIENTED_EDGE ( 'NONE', *, *, #1626, .F. ) ;
#2340 = CARTESIAN_POINT ( 'NONE',  ( 1.420849592021889540, 7.600000000000001421, 4.793869672493320522 ) ) ;
#2341 = CARTESIAN_POINT ( 'NONE',  ( -1.197773965854379341, 3.691666666666666430, -4.470153296551812261 ) ) ;
#2342 = DIRECTION ( 'NONE',  ( 0.000000000000000000, 0.000000000000000000, -1.000000000000000000 ) ) ;
#2343 = CARTESIAN_POINT ( 'NONE',  ( -1.049999999999999600, 10.10000000000000142, -5.296933074902872463 ) ) ;
#2344 = ORIENTED_EDGE ( 'NONE', *, *, #606, .F. ) ;
#2345 = EDGE_CURVE ( 'NONE', #659, #1146, #2041, .T. ) ;
#2346 = CARTESIAN_POINT ( 'NONE',  ( 0.000000000000000000, -1.099999999999999867, 3.290000000000000924 ) ) ;
#2347 = DIRECTION ( 'NONE',  ( -0.000000000000000000, -1.000000000000000000, -0.000000000000000000 ) ) ;
#2348 =( BOUNDED_CURVE ( )  B_SPLINE_CURVE ( 1, ( #1482, #2001 ),
 .UNSPECIFIED., .F., .T. ) 
 B_SPLINE_CURVE_WITH_KNOTS ( ( 2, 2 ),
 ( 0.000000000000000000, 0.0004316887992791920443 ),
 .UNSPECIFIED. ) 
 CURVE ( )  GEOMETRIC_REPRESENTATION_ITEM ( )  RATIONAL_B_SPLINE_CURVE ( ( 0.9988469377154600704, 0.9988469377154600704 ) ) 
 REPRESENTATION_ITEM ( '' )  );
#2349 = ORIENTED_EDGE ( 'NONE', *, *, #1288, .F. ) ;
#2350 = CARTESIAN_POINT ( 'NONE',  ( 2.235076648275909239, 0.5166666666666670515, -3.871266313624623479 ) ) ;
#2351 = CARTESIAN_POINT ( 'NONE',  ( 1.644999999999999574, 0.9833333333333335036, 2.849223578450804428 ) ) ;
#2352 = AXIS2_PLACEMENT_3D ( 'NONE', #1801, #1593, #822 ) ;
#2353 = COLOUR_RGB ( '',0.7921568627450980005, 0.8196078431372548767, 0.9333333333333333481 ) ;
#2354 = CARTESIAN_POINT ( 'NONE',  ( -1.050000000000000044, 10.10000000000000142, 5.296933074902872463 ) ) ;
#2355 = DIRECTION ( 'NONE',  ( 0.000000000000000000, 0.000000000000000000, -1.000000000000000000 ) ) ;
#2356 = VERTEX_POINT ( 'NONE', #261 ) ;
#2357 = FACE_OUTER_BOUND ( 'NONE', #279, .T. ) ;
#2358 = CARTESIAN_POINT ( 'NONE',  ( 0.000000000000000000, 10.10000000000000142, -5.000000000000000000 ) ) ;
#2359 = EDGE_CURVE ( 'NONE', #399, #1122, #1313, .T. ) ;
#2360 = EDGE_LOOP ( 'NONE', ( #133, #324, #1138, #1056, #1338, #1331, #225, #974, #1767, #309, #439, #1125, #1243, #396, #715, #1375, #2092, #2153, #1129, #955, #596, #1287, #321, #1015 ) ) ;
#2361 = FACE_OUTER_BOUND ( 'NONE', #394, .T. ) ;
#2362 = CARTESIAN_POINT ( 'NONE',  ( 3.871266313624623923, 1.766666666666666829, 2.235076648275909239 ) ) ;
#2363 = EDGE_CURVE ( 'NONE', #738, #1011, #2304, .T. ) ;
#2364 = CARTESIAN_POINT ( 'NONE',  ( -3.290000000000000924, 2.650000000000000355, -2.014543984597396619E-16 ) ) ;
#2365 = CYLINDRICAL_SURFACE ( 'NONE', #2255, 3.884999999999999787 ) ;
#2366 = CARTESIAN_POINT ( 'NONE',  ( -4.075406394607471228, 4.520289855072463503, 3.613000782226704288 ) ) ;
#2367 = ORIENTED_EDGE ( 'NONE', *, *, #969, .T. ) ;
#2368 = CARTESIAN_POINT ( 'NONE',  ( -3.290000000000000480, 1.350000000000000089, -6.043631953792187884E-16 ) ) ;
#2369 = CARTESIAN_POINT ( 'NONE',  ( 5.112278605011911559, 10.10000000000000142, -1.739139863477764392 ) ) ;
#2370 = ORIENTED_EDGE ( 'NONE', *, *, #44, .F. ) ;
#2371 = CARTESIAN_POINT ( 'NONE',  ( 4.161702853144188197, 3.461314598867145431, 2.774361663278955614 ) ) ;
#2372 = AXIS2_PLACEMENT_3D ( 'NONE', #1733, #1365, #450 ) ;
#2373 = CARTESIAN_POINT ( 'NONE',  ( 2.678914873134834324E-16, 1.099999999999996758, 2.187499999999999556 ) ) ;
#2374 = ADVANCED_FACE ( 'NONE', ( #276 ), #251, .F. ) ;
#2375 = DIRECTION ( 'NONE',  ( -0.000000000000000000, -1.000000000000000000, -0.000000000000000000 ) ) ;
#2376 = CARTESIAN_POINT ( 'NONE',  ( -3.323610289883791591, 2.400008418379259378, 4.256009238826739427 ) ) ;
#2377 = CARTESIAN_POINT ( 'NONE',  ( -3.259235649051190897, 2.970000000000002860, -0.4937097856084416425 ) ) ;
#2378 = CARTESIAN_POINT ( 'NONE',  ( 1.588287307240040525, 1.099999999999996092, 2.888692941663749014 ) ) ;
#2379 = VERTEX_POINT ( 'NONE', #288 ) ;
#2380 = FACE_OUTER_BOUND ( 'NONE', #1493, .T. ) ;
#2381 = CIRCLE ( 'NONE', #841, 5.399999999999999467 ) ;
#2382 = UNCERTAINTY_MEASURE_WITH_UNIT (LENGTH_MEASURE( 1.000000000000000082E-05 ), #1050, 'distance_accuracy_value', 'NONE');
ENDSEC;
END-ISO-10303-21;
