ISO-10303-21;
HEADER;
FILE_DESCRIPTION (( 'STEP AP214' ),
    '1' );
FILE_NAME ('male luer lock 37.STEP',
    '2022-10-19T20:08:32',
    ( '' ),
    ( '' ),
    'SwSTEP 2.0',
    'SolidWorks 2021',
    '' );
FILE_SCHEMA (( 'AUTOMOTIVE_DESIGN' ));
ENDSEC;

DATA;
#2 = DIRECTION ( 'NONE',  ( 6.123233995736766036E-17, 6.530524171234950518E-33, -1.000000000000000000 ) ) ;
#1 = CARTESIAN_POINT ( 'NONE',  ( 1.018206931238264890, 5.108333333333333393, 3.800000000000001155 ) ) ;
#3 = CARTESIAN_POINT ( 'NONE',  ( -2.019985367551352606, 2.400000000000000355, -4.718571130179364914 ) ) ;
#4 = CARTESIAN_POINT ( 'NONE',  ( -5.347617264507624313, 2.400008418351983419, -0.7503263239018000963 ) ) ;
#5 = DIRECTION ( 'NONE',  ( -0.000000000000000000, -1.000000000000000000, -0.000000000000000000 ) ) ;
#6 = CARTESIAN_POINT ( 'NONE',  ( 3.200010037200829771, 2.400000000000000355, -4.182326723746526476 ) ) ;
#7 = CIRCLE ( 'NONE', #109, 5.000000000000000000 ) ;
#8 = CARTESIAN_POINT ( 'NONE',  ( -5.301475413726976171, 4.520289855072464391, -1.026819574048131400 ) ) ;
#9 = ORIENTED_EDGE ( 'NONE', *, *, #612, .F. ) ;
#10 = CARTESIAN_POINT ( 'NONE',  ( 3.031783718695746366, 8.615278183176179994, 1.348796561658857529 ) ) ;
#11 = CARTESIAN_POINT ( 'NONE',  ( -0.1826701823332504138, 2.322925597101828554, 4.996670942229070711 ) ) ;
#12 = DIRECTION ( 'NONE',  ( -0.000000000000000000, -1.000000000000000000, -0.000000000000000000 ) ) ;
#13 = CARTESIAN_POINT ( 'NONE',  ( 4.233396591163939071, 2.361466416120652223, 2.660521664453995960 ) ) ;
#14 = VERTEX_POINT ( 'NONE', #2158 ) ;
#15 = ADVANCED_FACE ( 'NONE', ( #1044 ), #409, .T. ) ;
#16 = CARTESIAN_POINT ( 'NONE',  ( 4.305638327695289647, 7.310144927536232018, 3.279925742454826931 ) ) ;
#17 = CARTESIAN_POINT ( 'NONE',  ( -4.960836325467010255, 3.461315189585152829, -2.252290260752927598 ) ) ;
#18 = CARTESIAN_POINT ( 'NONE',  ( 0.9889404214181423125, 8.700000000000002842, -3.703382523102787705 ) ) ;
#19 = VERTEX_POINT ( 'NONE', #1395 ) ;
#20 = EDGE_CURVE ( 'NONE', #1064, #1789, #859, .T. ) ;
#21 = DIRECTION ( 'NONE',  ( -0.000000000000000000, 1.000000000000000000, 0.000000000000000000 ) ) ;
#22 = CARTESIAN_POINT ( 'NONE',  ( -3.434113396827919384, 3.461315189598770381, 4.169714956391189276 ) ) ;
#23 = EDGE_CURVE ( 'NONE', #1818, #470, #1719, .T. ) ;
#24 = CARTESIAN_POINT ( 'NONE',  ( -1.366673432926284404, 2.400008418351982975, -5.272088358640409034 ) ) ;
#25 = CARTESIAN_POINT ( 'NONE',  ( -4.781585799167362261, 10.10000000000000142, -1.461655652060710020 ) ) ;
#26 = DIRECTION ( 'NONE',  ( -0.000000000000000000, -1.000000000000000000, -0.000000000000000000 ) ) ;
#27 = CARTESIAN_POINT ( 'NONE',  ( 3.299999999999999822, 4.158333333333333215, -0.8842323350227042633 ) ) ;
#28 = EDGE_LOOP ( 'NONE', ( #1209, #1052, #2017, #44 ) ) ;
#29 = CARTESIAN_POINT ( 'NONE',  ( -0.1920919239680751733, 2.400007235084461676, 4.996308706710007819 ) ) ;
#30 = CARTESIAN_POINT ( 'NONE',  ( -4.873430081869405406, 7.533336139459754222, -1.161200946957186231 ) ) ;
#31 = CARTESIAN_POINT ( 'NONE',  ( 3.425000000000000266, 8.875000000000001776, 2.097207643539842469E-16 ) ) ;
#32 = AXIS2_PLACEMENT_3D ( 'NONE', #1579, #837, #1942 ) ;
#33 = CIRCLE ( 'NONE', #950, 1.949999999999999956 ) ;
#34 = CARTESIAN_POINT ( 'NONE',  ( 3.323610289880922330, 2.400008418351983419, -4.256009238828981189 ) ) ;
#35 = AXIS2_PLACEMENT_3D ( 'NONE', #815, #282, #1740 ) ;
#36 = CARTESIAN_POINT ( 'NONE',  ( -4.586047416896210649, 3.461315189585152829, -2.854439827672930807 ) ) ;
#37 = CARTESIAN_POINT ( 'NONE',  ( 0.000000000000000000, 14.89999999999999680, 0.000000000000000000 ) ) ;
#38 = ORIENTED_EDGE ( 'NONE', *, *, #1758, .T. ) ;
#39 = EDGE_CURVE ( 'NONE', #1486, #1338, #464, .T. ) ;
#40 = COLOUR_RGB ( '',0.7921568627450980005, 0.8196078431372548767, 0.9333333333333333481 ) ;
#41 = CARTESIAN_POINT ( 'NONE',  ( 1.761485870634748929, 4.520289855072464391, 5.104622172850223016 ) ) ;
#42 = CARTESIAN_POINT ( 'NONE',  ( 4.230884303174407002, 2.400000000000000799, 2.664510839376039719 ) ) ;
#43 = CARTESIAN_POINT ( 'NONE',  ( 2.781793068761734045, 6.775000000000000355, -2.781793068761732712 ) ) ;
#44 = ORIENTED_EDGE ( 'NONE', *, *, #2167, .F. ) ;
#45 = DIRECTION ( 'NONE',  ( -0.000000000000000000, -1.000000000000000000, -0.000000000000000000 ) ) ;
#46 = CARTESIAN_POINT ( 'NONE',  ( 0.000000000000000000, 2.550000000000000266, -3.550000000000000266 ) ) ;
#47 = SURFACE_STYLE_USAGE ( .BOTH. , #954 ) ;
#48 = CARTESIAN_POINT ( 'NONE',  ( -3.317973373587898234, 8.700000000000001066, 1.919400417239766954 ) ) ;
#49 = ADVANCED_FACE ( 'NONE', ( #2144 ), #323, .F. ) ;
#50 = CARTESIAN_POINT ( 'NONE',  ( -1.900000000000000133, 3.416666666666666963, -3.290896534380868044 ) ) ;
#51 = EDGE_LOOP ( 'NONE', ( #1017, #1421, #1335 ) ) ;
#52 = CARTESIAN_POINT ( 'NONE',  ( 1.775737858763659698E-16, 19.89999999999999858, 1.449999999999997513 ) ) ;
#53 =( BOUNDED_CURVE ( )  B_SPLINE_CURVE ( 2, ( #338, #2329, #1039, #1996, #693 ),
 .UNSPECIFIED., .F., .T. ) 
 B_SPLINE_CURVE_WITH_KNOTS ( ( 3, 2, 3 ),
 ( 0.000000000000000000, 0.02173913043478260809, 0.03000283320694692446 ),
 .UNSPECIFIED. ) 
 CURVE ( )  GEOMETRIC_REPRESENTATION_ITEM ( )  RATIONAL_B_SPLINE_CURVE ( ( 1.000000000000000000, 0.9976687691905391508, 1.000000000000000000, 0.9991138284688759752, 0.9989013782864812896 ) ) 
 REPRESENTATION_ITEM ( '' )  );
#54 = CARTESIAN_POINT ( 'NONE',  ( 4.781585799167372919, 10.10000000000000142, 1.461655652060676491 ) ) ;
#55 = CARTESIAN_POINT ( 'NONE',  ( 3.323610289880922330, 2.400008418351983419, -4.256009238828981189 ) ) ;
#56 = CARTESIAN_POINT ( 'NONE',  ( -1.018206931238266222, 3.208333333333333037, -3.799999999999999822 ) ) ;
#57 = CARTESIAN_POINT ( 'NONE',  ( 0.03879145185342571661, 2.400007235084461676, -5.399860667023095750 ) ) ;
#58 = ORIENTED_EDGE ( 'NONE', *, *, #742, .F. ) ;
#59 = CARTESIAN_POINT ( 'NONE',  ( 2.781793068761733601, 4.275000000000000355, -2.781793068761733156 ) ) ;
#60 = FACE_OUTER_BOUND ( 'NONE', #1009, .T. ) ;
#61 = CARTESIAN_POINT ( 'NONE',  ( 0.000000000000000000, 2.850000000000000089, -3.550000000000000266 ) ) ;
#62 = ORIENTED_EDGE ( 'NONE', *, *, #23, .T. ) ;
#63 = EDGE_CURVE ( 'NONE', #2233, #1763, #302, .T. ) ;
#64 = CARTESIAN_POINT ( 'NONE',  ( 4.993318179340052509, 7.310144927536232906, -2.088829300064665606 ) ) ;
#65 = ORIENTED_EDGE ( 'NONE', *, *, #1138, .T. ) ;
#66 = CLOSED_SHELL ( 'NONE', ( #1187, #1024, #816, #1431, #1113, #1394, #1995, #669, #169, #1643, #1736, #49, #1779, #2151, #365, #852, #1116, #1571, #2181, #791, #1619, #2213, #1847, #1820, #1562, #556, #1669, #2090, #373, #15, #1890, #1073, #1498, #1327, #1299, #1931, #2080, #1591, #1813, #1782, #432, #541, #1679, #2235, #1048, #473, #2201, #2146, #1531, #1796, #624, #1925, #1554, #645, #1745, #2218 ) ) ;
#67 = CARTESIAN_POINT ( 'NONE',  ( 0.000000000000000000, 8.000000000000000000, 3.800000000000000711 ) ) ;
#68 = CARTESIAN_POINT ( 'NONE',  ( 0.9621340172437214955, 8.700000000000001066, 3.679445213950501614 ) ) ;
#69 = ORIENTED_EDGE ( 'NONE', *, *, #728, .F. ) ;
#70 = CARTESIAN_POINT ( 'NONE',  ( -2.781793068761734045, 6.775000000000000355, 2.781793068761732712 ) ) ;
#71 = CARTESIAN_POINT ( 'NONE',  ( 2.952809531840678403, 2.400008418351826212, -4.034961693581591291 ) ) ;
#72 = AXIS2_PLACEMENT_3D ( 'NONE', #1278, #1263, #1313 ) ;
#73 = ORIENTED_EDGE ( 'NONE', *, *, #2137, .F. ) ;
#74 = PLANE ( 'NONE',  #754 ) ;
#75 = EDGE_CURVE ( 'NONE', #1729, #1022, #2184, .T. ) ;
#76 = ORIENTED_EDGE ( 'NONE', *, *, #389, .F. ) ;
#77 = FACE_BOUND ( 'NONE', #824, .T. ) ;
#78 = CARTESIAN_POINT ( 'NONE',  ( 1.761485870634748929, 4.520289855072464391, 5.104622172850223016 ) ) ;
#79 = CARTESIAN_POINT ( 'NONE',  ( 5.347617264507632306, 2.400008418351983419, 0.7503263239017633479 ) ) ;
#80 = EDGE_LOOP ( 'NONE', ( #831, #99, #1215, #714 ) ) ;
#81 = CARTESIAN_POINT ( 'NONE',  ( -3.300000000000000711, 6.658333333333334103, 0.8842323350227032641 ) ) ;
#82 = FACE_OUTER_BOUND ( 'NONE', #744, .T. ) ;
#83 = ORIENTED_EDGE ( 'NONE', *, *, #386, .T. ) ;
#84 = CARTESIAN_POINT ( 'NONE',  ( -1.650000000000000799, 4.783333333333334103, 2.857883832488646636 ) ) ;
#85 = EDGE_LOOP ( 'NONE', ( #2257, #813, #1610, #2214 ) ) ;
#86 = CARTESIAN_POINT ( 'NONE',  ( -1.018206931238264890, 5.708333333333333037, -3.800000000000001155 ) ) ;
#87 = PRODUCT_DEFINITION_SHAPE ( 'NONE', 'NONE',  #2353 ) ;
#88 = CARTESIAN_POINT ( 'NONE',  ( 1.124961973314053232, 10.10000000000000142, 4.871802598484195279 ) ) ;
#89 = ORIENTED_EDGE ( 'NONE', *, *, #1403, .F. ) ;
#90 = CARTESIAN_POINT ( 'NONE',  ( -2.925586354680291379, 8.699999999989861621, -2.425203716695236267 ) ) ;
#91 = ORIENTED_EDGE ( 'NONE', *, *, #1893, .T. ) ;
#92 = CARTESIAN_POINT ( 'NONE',  ( 2.781793068761733601, 8.024999999999998579, 2.781793068761733601 ) ) ;
#93 = EDGE_CURVE ( 'NONE', #1749, #1292, #829, .T. ) ;
#94 = DIRECTION ( 'NONE',  ( -0.000000000000000000, -1.000000000000000000, -0.000000000000000000 ) ) ;
#95 = ORIENTED_EDGE ( 'NONE', *, *, #301, .T. ) ;
#96 = CARTESIAN_POINT ( 'NONE',  ( -1.900000000000000133, 3.416666666666666963, -3.290896534380868044 ) ) ;
#97 = DIRECTION ( 'NONE',  ( 2.052452851976324099E-17, -0.9858558466698172928, 0.1675954939338690775 ) ) ;
#98 = FACE_OUTER_BOUND ( 'NONE', #2106, .T. ) ;
#99 = ORIENTED_EDGE ( 'NONE', *, *, #1176, .T. ) ;
#100 = ORIENTED_EDGE ( 'NONE', *, *, #1990, .F. ) ;
#101 = CARTESIAN_POINT ( 'NONE',  ( -5.328135777188991895, 3.461315189585152829, -0.8891719629320976592 ) ) ;
#102 = CARTESIAN_POINT ( 'NONE',  ( 3.434113396826521392, 3.461315189585075114, -4.169714956392402527 ) ) ;
#103 = CARTESIAN_POINT ( 'NONE',  ( 1.900000000000001688, 5.083333333333333925, -3.290896534380867156 ) ) ;
#104 = ORIENTED_EDGE ( 'NONE', *, *, #1748, .F. ) ;
#105 = CARTESIAN_POINT ( 'NONE',  ( -2.415767664977294782, 4.575000000000000178, 2.415767664977294338 ) ) ;
#106 = AXIS2_PLACEMENT_3D ( 'NONE', #570, #1286, #939 ) ;
#107 = CARTESIAN_POINT ( 'NONE',  ( 2.857883832488647080, 3.533333333333333659, 1.650000000000000133 ) ) ;
#108 = CARTESIAN_POINT ( 'NONE',  ( 0.000000000000000000, 8.000000000000000000, -3.800000000000000711 ) ) ;
#109 = AXIS2_PLACEMENT_3D ( 'NONE', #2180, #520, #1864 ) ;
#110 = EDGE_CURVE ( 'NONE', #307, #845, #1180, .T. ) ;
#111 = CARTESIAN_POINT ( 'NONE',  ( 5.328135777188661493, 3.461315189598770825, 0.8891719629338311615 ) ) ;
#112 = LINE ( 'NONE', #2351, #1444 ) ;
#113 = ORIENTED_EDGE ( 'NONE', *, *, #641, .F. ) ;
#114 = CARTESIAN_POINT ( 'NONE',  ( 0.000000000000000000, 8.000000000000000000, 3.800000000000000711 ) ) ;
#115 = EDGE_CURVE ( 'NONE', #1051, #1101, #1423, .T. ) ;
#116 = CARTESIAN_POINT ( 'NONE',  ( -4.230884303176174477, 2.400007235084461232, -2.664510839373236184 ) ) ;
#117 = ORIENTED_EDGE ( 'NONE', *, *, #278, .T. ) ;
#118 = CARTESIAN_POINT ( 'NONE',  ( 2.415767664977293450, 5.825000000000001066, 2.415767664977296114 ) ) ;
#119 = DIRECTION ( 'NONE',  ( 0.000000000000000000, 0.000000000000000000, -1.000000000000000000 ) ) ;
#120 = ORIENTED_EDGE ( 'NONE', *, *, #696, .T. ) ;
#121 = CARTESIAN_POINT ( 'NONE',  ( -1.900000000000000133, 8.416666666666666075, -3.290896534380868044 ) ) ;
#122 = CARTESIAN_POINT ( 'NONE',  ( -4.827849718688064229, 4.520289855072464391, 2.419063267829835606 ) ) ;
#123 =( BOUNDED_CURVE ( )  B_SPLINE_CURVE ( 2, ( #458, #2352, #1222, #692, #1418, #2163, #1980, #1936, #2328, #291, #304, #670, #1764 ),
 .UNSPECIFIED., .F., .T. ) 
 B_SPLINE_CURVE_WITH_KNOTS ( ( 3, 2, 2, 2, 2, 2, 3 ),
 ( 0.2499999999999949762, 0.2916666666666608565, 0.3333333333333266535, 0.3749999999999925060, 0.4166666666666584140, 0.4583333333333242110, 0.4999999999999900635 ),
 .UNSPECIFIED. ) 
 CURVE ( )  GEOMETRIC_REPRESENTATION_ITEM ( )  RATIONAL_B_SPLINE_CURVE ( ( 1.000000000000004219, 0.9659258262890642044, 1.000000000000000000, 0.9659258262890683122, 1.000000000000000000, 0.9659258262890683122, 1.000000000000000000, 0.9659258262890683122, 1.000000000000000000, 0.9659258262890683122, 1.000000000000000000, 0.9659258262890764168, 0.9999999999999918954 ) ) 
 REPRESENTATION_ITEM ( '' )  );
#124 = DIRECTION ( 'NONE',  ( 0.000000000000000000, 0.000000000000000000, -1.000000000000000000 ) ) ;
#125 = EDGE_CURVE ( 'NONE', #1432, #878, #2121, .T. ) ;
#126 = CARTESIAN_POINT ( 'NONE',  ( 2.490533200795438162, 8.556186645360169152, 2.949952031936209806 ) ) ;
#127 = CARTESIAN_POINT ( 'NONE',  ( 1.018206931238264890, 5.708333333333333037, 3.800000000000001155 ) ) ;
#128 = ORIENTED_EDGE ( 'NONE', *, *, #1464, .F. ) ;
#129 = CARTESIAN_POINT ( 'NONE',  ( 0.3218162531114382996, 3.461314598853480362, -4.991321225464673716 ) ) ;
#130 = CARTESIAN_POINT ( 'NONE',  ( 5.301475413726986829, 4.520289855072464391, 1.026819574048095429 ) ) ;
#131 = B_SPLINE_CURVE_WITH_KNOTS ( 'NONE', 1,
 ( #1703, #54 ),
 .UNSPECIFIED., .F., .F.,
 ( 2, 2 ),
 ( 0.000000000000000000, 1.000000000000000000 ),
 .UNSPECIFIED. ) ;
#132 = CARTESIAN_POINT ( 'NONE',  ( -4.695812240465122578, 2.400007235084461232, 2.666335950756757001 ) ) ;
#133 =( BOUNDED_CURVE ( )  B_SPLINE_CURVE ( 2, ( #2065, #825, #459, #448, #977, #418, #1133, #1888, #245, #970, #1710, #804, #1731 ),
 .UNSPECIFIED., .F., .F. ) 
 B_SPLINE_CURVE_WITH_KNOTS ( ( 3, 2, 2, 2, 2, 2, 3 ),
 ( 0.000000000000000000, 0.04166666666666666435, 0.08333333333333332871, 0.1250000000000000000, 0.1666666666666666574, 0.2083333333333333426, 0.2500000000000000000 ),
 .UNSPECIFIED. ) 
 CURVE ( )  GEOMETRIC_REPRESENTATION_ITEM ( )  RATIONAL_B_SPLINE_CURVE ( ( 1.000000000000000000, 0.9659258262890683122, 1.000000000000000000, 0.9659258262890683122, 1.000000000000000000, 0.9659258262890683122, 1.000000000000000000, 0.9659258262890683122, 1.000000000000000000, 0.9659258262890683122, 1.000000000000000000, 0.9659258262890683122, 1.000000000000000000 ) ) 
 REPRESENTATION_ITEM ( '' )  );
#134 = EDGE_CURVE ( 'NONE', #1552, #793, #517, .T. ) ;
#135 = CARTESIAN_POINT ( 'NONE',  ( -5.347617264507624313, 2.400008418351983419, -0.7503263239018000963 ) ) ;
#136 = DIRECTION ( 'NONE',  ( 1.000000000000000000, 0.000000000000000000, 6.123233995736766036E-17 ) ) ;
#137 = CARTESIAN_POINT ( 'NONE',  ( 3.800000000000000711, 4.250000000000000000, 2.326828918379971858E-16 ) ) ;
#138 = CARTESIAN_POINT ( 'NONE',  ( -3.299999999999999822, 4.158333333333333215, 0.8842323350227042633 ) ) ;
#139 = ORIENTED_EDGE ( 'NONE', *, *, #2375, .F. ) ;
#140 = CARTESIAN_POINT ( 'NONE',  ( -0.1920919239680751456, 2.400000000000000799, 4.996308706710008707 ) ) ;
#141 = CARTESIAN_POINT ( 'NONE',  ( 0.000000000000000000, 19.89999999999999858, 0.000000000000000000 ) ) ;
#142 = CARTESIAN_POINT ( 'NONE',  ( -3.716666666666667229, 8.700000000000001066, -2.275801968415498386E-16 ) ) ;
#143 = CIRCLE ( 'NONE', #1526, 5.000000000000000000 ) ;
#144 = CONICAL_SURFACE ( 'NONE', #757, 2.475000000000000089, 0.1683901571475300285 ) ;
#145 = EDGE_CURVE ( 'NONE', #685, #796, #318, .T. ) ;
#146 = ORIENTED_EDGE ( 'NONE', *, *, #2059, .T. ) ;
#147 = ORIENTED_EDGE ( 'NONE', *, *, #63, .F. ) ;
#148 = CARTESIAN_POINT ( 'NONE',  ( 0.3545109072998514077, 10.10000000000000142, -5.434798427741702298 ) ) ;
#149 =( GEOMETRIC_REPRESENTATION_CONTEXT ( 3 ) GLOBAL_UNCERTAINTY_ASSIGNED_CONTEXT ( ( #1597 ) ) GLOBAL_UNIT_ASSIGNED_CONTEXT ( ( #2020, #1481, #2226 ) ) REPRESENTATION_CONTEXT ( 'NONE', 'WORKASPACE' ) );
#150 = CARTESIAN_POINT ( 'NONE',  ( 4.062278605011916177, 10.10000000000000142, -3.557793211425086977 ) ) ;
#151 = CARTESIAN_POINT ( 'NONE',  ( 3.799999999999999822, 3.858333333333332948, -1.018206931238265778 ) ) ;
#152 = B_SPLINE_CURVE_WITH_KNOTS ( 'NONE', 1,
 ( #1566, #666 ),
 .UNSPECIFIED., .F., .F.,
 ( 2, 2 ),
 ( 0.000000000000000000, 1.000000000000000000 ),
 .UNSPECIFIED. ) ;
#153 = VERTEX_POINT ( 'NONE', #1852 ) ;
#154 = CARTESIAN_POINT ( 'NONE',  ( 0.000000000000000000, 0.000000000000000000, 0.000000000000000000 ) ) ;
#155 = CARTESIAN_POINT ( 'NONE',  ( 0.8842323350227047074, 7.908333333333333215, 3.299999999999999378 ) ) ;
#156 = DIRECTION ( 'NONE',  ( 0.000000000000000000, 0.000000000000000000, -1.000000000000000000 ) ) ;
#157 = CARTESIAN_POINT ( 'NONE',  ( -4.430958745242826957, 3.461315189598769937, 3.170065151493118627 ) ) ;
#158 = ORIENTED_EDGE ( 'NONE', *, *, #1057, .F. ) ;
#159 = ORIENTED_EDGE ( 'NONE', *, *, #1667, .T. ) ;
#160 = CARTESIAN_POINT ( 'NONE',  ( -2.415767664977294782, 3.325000000000000622, -2.415767664977294782 ) ) ;
#161 = ORIENTED_EDGE ( 'NONE', *, *, #696, .F. ) ;
#162 = SHAPE_DEFINITION_REPRESENTATION ( #87, #822 ) ;
#163 = CARTESIAN_POINT ( 'NONE',  ( 1.412320148355253879, 7.310144927536232018, 5.225111107286263490 ) ) ;
#164 = ORIENTED_EDGE ( 'NONE', *, *, #1251, .F. ) ;
#165 = DIRECTION ( 'NONE',  ( 0.000000000000000000, 1.000000000000000000, 0.000000000000000000 ) ) ;
#166 = CARTESIAN_POINT ( 'NONE',  ( 0.000000000000000000, 7.700000000000000178, 3.299999999999999378 ) ) ;
#167 = ORIENTED_EDGE ( 'NONE', *, *, #1964, .F. ) ;
#168 = PRODUCT_RELATED_PRODUCT_CATEGORY ( 'part', '', ( #650 ) ) ;
#169 = ADVANCED_FACE ( 'NONE', ( #179 ), #2195, .F. ) ;
#170 = CARTESIAN_POINT ( 'NONE',  ( -0.8842323350227033751, 5.408333333333333215, -3.300000000000000266 ) ) ;
#171 = CARTESIAN_POINT ( 'NONE',  ( 1.775737858763660437E-16, 0.000000000000000000, 1.449999999999998623 ) ) ;
#173 = CARTESIAN_POINT ( 'NONE',  ( -0.7917215462065860798, 7.310144927536232906, 4.948752105548269498 ) ) ;
#172 = CARTESIAN_POINT ( 'NONE',  ( 4.970784095858718388, 2.400008418379260711, 0.5397272203234159127 ) ) ;
#174 = CARTESIAN_POINT ( 'NONE',  ( -0.5298775802252554401, 3.461315189585152829, -5.422355412247536144 ) ) ;
#175 = DIRECTION ( 'NONE',  ( 0.000000000000000000, 0.000000000000000000, -1.000000000000000000 ) ) ;
#176 = CARTESIAN_POINT ( 'NONE',  ( -2.415767664977295226, 7.075000000000000178, 2.415767664977294338 ) ) ;
#177 = CARTESIAN_POINT ( 'NONE',  ( -3.799999999999999378, 8.700000000000001066, 7.827052067511973797E-16 ) ) ;
#178 = ORIENTED_EDGE ( 'NONE', *, *, #2282, .T. ) ;
#179 = FACE_OUTER_BOUND ( 'NONE', #1436, .T. ) ;
#180 = EDGE_CURVE ( 'NONE', #1574, #1777, #1475, .T. ) ;
#181 = ORIENTED_EDGE ( 'NONE', *, *, #1195, .F. ) ;
#182 = AXIS2_PLACEMENT_3D ( 'NONE', #208, #1650, #580 ) ;
#184 = CARTESIAN_POINT ( 'NONE',  ( 0.000000000000000000, 7.700000000000000178, -3.299999999999999378 ) ) ;
#183 = CARTESIAN_POINT ( 'NONE',  ( 1.018206931238269775, 7.191666666666667318, -3.799999999999999822 ) ) ;
#185 = CARTESIAN_POINT ( 'NONE',  ( 0.000000000000000000, 3.000000000000000000, 3.800000000000000711 ) ) ;
#186 = DIRECTION ( 'NONE',  ( 0.000000000000000000, 0.000000000000000000, 1.000000000000000000 ) ) ;
#187 = CARTESIAN_POINT ( 'NONE',  ( 1.458202400421520828, 7.310144927536232018, 4.794853091420118396 ) ) ;
#188 = CIRCLE ( 'NONE', #1838, 1.975000000000000089 ) ;
#189 = ORIENTED_EDGE ( 'NONE', *, *, #1269, .F. ) ;
#190 = CARTESIAN_POINT ( 'NONE',  ( 2.952809531840680624, 2.400000000000000799, -4.034961693581591291 ) ) ;
#191 = CONICAL_SURFACE ( 'NONE', #1449, 2.049999999999999822, 0.03259714511795269720 ) ;
#192 =( BOUNDED_CURVE ( )  B_SPLINE_CURVE ( 2, ( #1921, #56, #50, #2267, #279, #772, #997, #2307, #1510, #2255, #599, #1315, #240 ),
 .UNSPECIFIED., .F., .T. ) 
 B_SPLINE_CURVE_WITH_KNOTS ( ( 3, 2, 2, 2, 2, 2, 3 ),
 ( 0.000000000000000000, 0.04166666666666582475, 0.08333333333333164950, 0.1249999999999974881, 0.1666666666666632990, 0.2083333333333291515, 0.2499999999999949762 ),
 .UNSPECIFIED. ) 
 CURVE ( )  GEOMETRIC_REPRESENTATION_ITEM ( )  RATIONAL_B_SPLINE_CURVE ( ( 1.000000000000000000, 0.9659258262890683122, 1.000000000000000000, 0.9659258262890683122, 1.000000000000000000, 0.9659258262890683122, 1.000000000000000000, 0.9659258262890683122, 1.000000000000000000, 0.9659258262890683122, 1.000000000000000000, 0.9659258262890724200, 0.9999999999999958922 ) ) 
 REPRESENTATION_ITEM ( '' )  );
#193 = CARTESIAN_POINT ( 'NONE',  ( -4.529418049222080356, 10.10000000000000142, -3.024414665511244937 ) ) ;
#194 = CARTESIAN_POINT ( 'NONE',  ( 3.799999999999999378, 8.700000000000001066, -3.331818804160994550E-16 ) ) ;
#195 = ORIENTED_EDGE ( 'NONE', *, *, #480, .F. ) ;
#196 = EDGE_CURVE ( 'NONE', #2101, #2292, #1293, .T. ) ;
#197 = CARTESIAN_POINT ( 'NONE',  ( -5.347617264507123380, 2.400008418379260711, -0.7503263239053677980 ) ) ;
#198 = CARTESIAN_POINT ( 'NONE',  ( -0.1920919239680751456, 2.400000000000000799, 4.996308706710008707 ) ) ;
#199 = DIRECTION ( 'NONE',  ( -0.000000000000000000, -1.000000000000000000, -0.000000000000000000 ) ) ;
#200 = CARTESIAN_POINT ( 'NONE',  ( 1.124961973314053232, 10.10000000000000142, 4.871802598484193503 ) ) ;
#201 = ORIENTED_EDGE ( 'NONE', *, *, #910, .F. ) ;
#202 = DIRECTION ( 'NONE',  ( 0.000000000000000000, 0.000000000000000000, -1.000000000000000000 ) ) ;
#203 = CARTESIAN_POINT ( 'NONE',  ( 3.299999999999999378, 3.741666666666666696, 0.8842323350227053735 ) ) ;
#204 = EDGE_CURVE ( 'NONE', #1194, #2101, #1363, .T. ) ;
#205 = CARTESIAN_POINT ( 'NONE',  ( 3.043126587494656032, 8.700000000000001066, -2.330983337736151739 ) ) ;
#206 = ORIENTED_EDGE ( 'NONE', *, *, #716, .T. ) ;
#207 =( BOUNDED_SURFACE ( )  B_SPLINE_SURFACE ( 3, 2, ( 
 ( #1865, #946, #1686, #1120, #960 ),
 ( #1701, #1461, #1535, #2088, #603 ),
 ( #1543, #652, #790, #1000, #618 ),
 ( #292, #1355, #1179, #1145, #639 ) ),
 .UNSPECIFIED., .F., .F., .T. ) 
 B_SPLINE_SURFACE_WITH_KNOTS ( ( 4, 4 ),
 ( 3, 2, 3 ),
 ( 0.000000000000000000, 1.000000000000000000 ),
 ( 0.000000000000000000, 0.02173913043478260809, 0.03000283320694692446 ),
 .UNSPECIFIED. ) 
 GEOMETRIC_REPRESENTATION_ITEM ( )  RATIONAL_B_SPLINE_SURFACE ( (
 ( 1.000000000000000000, 0.9976687691905391508, 1.000000000000000000, 0.9991138284688759752, 0.9989013782864812896),
 ( 0.9872756882596137595, 0.9849741207577112911, 0.9872756882596137595, 0.9864007926513072011, 0.9861910457512625960),
 ( 0.9872756882596137595, 0.9849741207577112911, 0.9872756882596137595, 0.9864007926513072011, 0.9861910457512625960),
 ( 1.000000000000000000, 0.9976687691905391508, 1.000000000000000000, 0.9991138284688759752, 0.9989013782864812896) ) ) 
 REPRESENTATION_ITEM ( '' )  SURFACE ( )  );
#208 = CARTESIAN_POINT ( 'NONE',  ( 0.000000000000000000, 0.000000000000000000, 0.000000000000000000 ) ) ;
#209 = CARTESIAN_POINT ( 'NONE',  ( -0.7917215462065860798, 7.310144927536232018, 4.948752105548269498 ) ) ;
#210 = CARTESIAN_POINT ( 'NONE',  ( 4.873430081869412511, 7.533336139459754222, 1.161200946957152702 ) ) ;
#211 = CARTESIAN_POINT ( 'NONE',  ( 2.415767664977293450, 5.825000000000001066, 2.415767664977296114 ) ) ;
#212 = FACE_OUTER_BOUND ( 'NONE', #2331, .T. ) ;
#213 = LINE ( 'NONE', #46, #1918 ) ;
#214 = EDGE_CURVE ( 'NONE', #1749, #1863, #1755, .T. ) ;
#215 = CARTESIAN_POINT ( 'NONE',  ( 0.000000000000000000, 12.60000000000000142, 0.000000000000000000 ) ) ;
#216 = FACE_OUTER_BOUND ( 'NONE', #1657, .T. ) ;
#217 = EDGE_CURVE ( 'NONE', #1148, #1971, #1424, .T. ) ;
#218 = CARTESIAN_POINT ( 'NONE',  ( -4.883928956521937259, 10.10000000000000142, -2.410383762230568383 ) ) ;
#219 = CARTESIAN_POINT ( 'NONE',  ( -0.03370008390007867699, 2.361466416093144893, 5.399897242328832725 ) ) ;
#220 =( BOUNDED_SURFACE ( )  B_SPLINE_SURFACE ( 3, 2, ( 
 ( #1065, #2293, #1350, #2098, #1163 ),
 ( #1919, #276, #1548, #2306, #287 ),
 ( #1004, #1746, #1590, #2344, #367 ),
 ( #554, #1688, #41, #2219, #1294 ) ),
 .UNSPECIFIED., .F., .F., .T. ) 
 B_SPLINE_SURFACE_WITH_KNOTS ( ( 4, 4 ),
 ( 3, 2, 3 ),
 ( 0.000000000000000000, 1.000000000000000000 ),
 ( 0.000000000000000000, 0.02173913043478260809, 0.03000283320694692446 ),
 .UNSPECIFIED. ) 
 GEOMETRIC_REPRESENTATION_ITEM ( )  RATIONAL_B_SPLINE_SURFACE ( (
 ( 1.000000000000000000, 0.9976687691905391508, 1.000000000000000000, 0.9991138284688759752, 0.9989013782864812896),
 ( 0.9872756882596137595, 0.9849741207577112911, 0.9872756882596137595, 0.9864007926513072011, 0.9861910457512625960),
 ( 0.9872756882596137595, 0.9849741207577112911, 0.9872756882596137595, 0.9864007926513072011, 0.9861910457512625960),
 ( 1.000000000000000000, 0.9976687691905391508, 1.000000000000000000, 0.9991138284688759752, 0.9989013782864812896) ) ) 
 REPRESENTATION_ITEM ( '' )  SURFACE ( )  );
#221 = CARTESIAN_POINT ( 'NONE',  ( 5.347617264507632306, 2.400008418351983419, 0.7503263239017633479 ) ) ;
#222 = CARTESIAN_POINT ( 'NONE',  ( -3.799999999999999378, 8.700000000000001066, 7.827052067511973797E-16 ) ) ;
#223 = VERTEX_POINT ( 'NONE', #391 ) ;
#224 = CARTESIAN_POINT ( 'NONE',  ( -4.586047459934365023, 3.461314598853480362, -2.854439762367884104 ) ) ;
#225 = CARTESIAN_POINT ( 'NONE',  ( -1.899197251767658079, 3.461315189598770825, -4.627083644869192547 ) ) ;
#226 = AXIS2_PLACEMENT_3D ( 'NONE', #876, #1425, #2112 ) ;
#227 = LINE ( 'NONE', #1107, #830 ) ;
#228 = CIRCLE ( 'NONE', #266, 5.000000000000000000 ) ;
#229 = PLANE ( 'NONE',  #1915 ) ;
#230 = CARTESIAN_POINT ( 'NONE',  ( 0.6876798516447465426, 7.310144927536232906, -5.368755042519480547 ) ) ;
#231 = CARTESIAN_POINT ( 'NONE',  ( 4.062278605011893973, 10.10000000000000142, 3.557793211425117619 ) ) ;
#232 = EDGE_LOOP ( 'NONE', ( #259, #1625, #2052, #1346 ) ) ;
#233 = CARTESIAN_POINT ( 'NONE',  ( 0.000000000000000000, 7.400000000000000355, 3.800000000000000711 ) ) ;
#234 = AXIS2_PLACEMENT_3D ( 'NONE', #375, #1085, #578 ) ;
#235 = CARTESIAN_POINT ( 'NONE',  ( -5.222006208290986606, 2.400000000000000355, -0.6801266227113955676 ) ) ;
#236 =( BOUNDED_CURVE ( )  B_SPLINE_CURVE ( 2, ( #1067, #173, #897, #913, #198 ),
 .UNSPECIFIED., .F., .T. ) 
 B_SPLINE_CURVE_WITH_KNOTS ( ( 3, 2, 3 ),
 ( 0.000000000000000000, 0.7245684613450449341, 1.000000000000000000 ),
 .UNSPECIFIED. ) 
 CURVE ( )  GEOMETRIC_REPRESENTATION_ITEM ( )  RATIONAL_B_SPLINE_CURVE ( ( 1.000000000000000000, 0.9976687691905391508, 1.000000000000000000, 0.9991138279749778306, 0.9989013780496678319 ) ) 
 REPRESENTATION_ITEM ( '' )  );
#237 = CARTESIAN_POINT ( 'NONE',  ( -5.112278605011923993, 10.10000000000000142, 1.739139863477727976 ) ) ;
#238 = VERTEX_POINT ( 'NONE', #2227 ) ;
#239 = B_SPLINE_CURVE_WITH_KNOTS ( 'NONE', 1,
 ( #770, #2057 ),
 .UNSPECIFIED., .F., .F.,
 ( 2, 2 ),
 ( 0.000000000000000000, 1.000000000000000000 ),
 .UNSPECIFIED. ) ;
#240 = CARTESIAN_POINT ( 'NONE',  ( -4.653657836759943716E-16, 5.500000000000000000, 3.800000000000000711 ) ) ;
#241 = CARTESIAN_POINT ( 'NONE',  ( 0.2814777135904534822, 8.700000000000001066, 3.799961111631242172 ) ) ;
#242 = ORIENTED_EDGE ( 'NONE', *, *, #246, .F. ) ;
#243 = CARTESIAN_POINT ( 'NONE',  ( 3.800000000000000266, 3.858333333333332948, -1.018206931238265778 ) ) ;
#245 = CARTESIAN_POINT ( 'NONE',  ( -3.290896534380868044, 4.066666666666667318, 1.899999999999999467 ) ) ;
#244 = B_SPLINE_CURVE_WITH_KNOTS ( 'NONE', 3,
 ( #190, #1070, #6, #34 ),
 .UNSPECIFIED., .F., .F.,
 ( 4, 4 ),
 ( 0.000000000000000000, 1.000000000000000000 ),
 .UNSPECIFIED. ) ;
#246 = EDGE_CURVE ( 'NONE', #1574, #1486, #1238, .T. ) ;
#247 = CARTESIAN_POINT ( 'NONE',  ( 2.857883832488646636, 6.033333333333333215, 1.650000000000001243 ) ) ;
#248 = CARTESIAN_POINT ( 'NONE',  ( 3.799999999999999822, 8.666666666666667851, 6.110866068771219920E-16 ) ) ;
#249 = CARTESIAN_POINT ( 'NONE',  ( -1.018206931238266222, 2.608333333333333393, -3.800000000000000266 ) ) ;
#250 = EDGE_LOOP ( 'NONE', ( #695, #2285, #161, #69 ) ) ;
#251 = PLANE ( 'NONE',  #1492 ) ;
#252 = DIRECTION ( 'NONE',  ( -0.000000000000000000, -1.000000000000000000, -0.000000000000000000 ) ) ;
#253 = CARTESIAN_POINT ( 'NONE',  ( -3.539989543092275870, 4.520289855072464391, 4.077802598802120926 ) ) ;
#254 = CARTESIAN_POINT ( 'NONE',  ( 1.359004576965082922, 8.700000000000002842, 3.551442157283776879 ) ) ;
#255 = ORIENTED_EDGE ( 'NONE', *, *, #1296, .F. ) ;
#256 = CARTESIAN_POINT ( 'NONE',  ( 1.649999999999999467, 3.116666666666666696, 2.857883832488647524 ) ) ;
#257 = DIRECTION ( 'NONE',  ( -1.000000000000000000, 0.000000000000000000, -6.123233995736766036E-17 ) ) ;
#258 = EDGE_CURVE ( 'NONE', #1954, #2292, #2385, .T. ) ;
#259 = ORIENTED_EDGE ( 'NONE', *, *, #2294, .F. ) ;
#260 = CARTESIAN_POINT ( 'NONE',  ( -3.299999999999999378, 4.158333333333333215, 0.8842323350227043743 ) ) ;
#261 = CARTESIAN_POINT ( 'NONE',  ( 2.781793068761733601, 3.624999999999999556, 2.781793068761733601 ) ) ;
#262 = CARTESIAN_POINT ( 'NONE',  ( -1.458202400421520828, 7.310144927536232018, -4.794853091420118396 ) ) ;
#263 = EDGE_CURVE ( 'NONE', #223, #1166, #1196, .T. ) ;
#264 = CIRCLE ( 'NONE', #865, 5.000000000000000000 ) ;
#265 = CARTESIAN_POINT ( 'NONE',  ( 5.347617264507632306, 2.400008418351983419, 0.7503263239017633479 ) ) ;
#266 = AXIS2_PLACEMENT_3D ( 'NONE', #581, #947, #1721 ) ;
#267 = CARTESIAN_POINT ( 'NONE',  ( 5.301475413726986829, 4.520289855072464391, 1.026819574048095429 ) ) ;
#268 = VERTEX_POINT ( 'NONE', #55 ) ;
#269 = CARTESIAN_POINT ( 'NONE',  ( 4.041334437186265017E-16, 5.200000000000000178, -3.299999999999999378 ) ) ;
#270 = DIRECTION ( 'NONE',  ( 0.000000000000000000, 0.000000000000000000, -1.000000000000000000 ) ) ;
#271 = EDGE_LOOP ( 'NONE', ( #2194, #2123, #1005, #395 ) ) ;
#272 = CARTESIAN_POINT ( 'NONE',  ( -0.8842323350227047074, 7.908333333333333215, -3.299999999999999378 ) ) ;
#273 =( GEOMETRIC_REPRESENTATION_CONTEXT ( 3 ) GLOBAL_UNCERTAINTY_ASSIGNED_CONTEXT ( ( #1400 ) ) GLOBAL_UNIT_ASSIGNED_CONTEXT ( ( #1300, #2082, #1232 ) ) REPRESENTATION_CONTEXT ( 'NONE', 'WORKASPACE' ) );
#274 = CARTESIAN_POINT ( 'NONE',  ( 3.290896534380868044, 4.666666666666666963, -1.899999999999999467 ) ) ;
#275 = CARTESIAN_POINT ( 'NONE',  ( 3.290896534380867156, 5.733333333333333393, 1.900000000000002132 ) ) ;
#276 = CARTESIAN_POINT ( 'NONE',  ( 0.01723948953830024833, 7.310144927536232906, 5.459047638126298452 ) ) ;
#277 = ORIENTED_EDGE ( 'NONE', *, *, #1021, .F. ) ;
#278 = EDGE_CURVE ( 'NONE', #364, #1072, #1184, .T. ) ;
#279 = CARTESIAN_POINT ( 'NONE',  ( -3.290896534380867600, 3.833333333333333481, -1.900000000000000799 ) ) ;
#280 = ORIENTED_EDGE ( 'NONE', *, *, #838, .F. ) ;
#281 = CARTESIAN_POINT ( 'NONE',  ( 0.8842323350227045964, 7.908333333333333215, 3.299999999999999822 ) ) ;
#282 = DIRECTION ( 'NONE',  ( -0.000000000000000000, -1.000000000000000000, -0.000000000000000000 ) ) ;
#283 = ORIENTED_EDGE ( 'NONE', *, *, #2358, .T. ) ;
#284 = CARTESIAN_POINT ( 'NONE',  ( -4.230884303176173589, 2.400000000000000799, -2.664510839373236628 ) ) ;
#285 = CARTESIAN_POINT ( 'NONE',  ( 3.300000000000000266, 6.658333333333334103, -0.8842323350227031531 ) ) ;
#286 = CARTESIAN_POINT ( 'NONE',  ( 1.018206931238266222, 8.208333333333335702, 3.800000000000000266 ) ) ;
#287 = CARTESIAN_POINT ( 'NONE',  ( 0.6702119118186444791, 2.400008418351982975, 5.404954017087902685 ) ) ;
#288 = ORIENTED_EDGE ( 'NONE', *, *, #1092, .F. ) ;
#289 = EDGE_CURVE ( 'NONE', #2172, #2381, #239, .T. ) ;
#290 = ORIENTED_EDGE ( 'NONE', *, *, #348, .F. ) ;
#291 = CARTESIAN_POINT ( 'NONE',  ( 2.781793068761734489, 7.375000000000000000, -2.781793068761733156 ) ) ;
#292 = CARTESIAN_POINT ( 'NONE',  ( 4.062278605011916177, 10.10000000000000142, -3.557793211425086977 ) ) ;
#293 = EDGE_CURVE ( 'NONE', #446, #2035, #1465, .T. ) ;
#294 = ORIENTED_EDGE ( 'NONE', *, *, #2326, .T. ) ;
#295 = CARTESIAN_POINT ( 'NONE',  ( -3.290896534380868044, 4.666666666666666963, 1.899999999999999467 ) ) ;
#296 = VERTEX_POINT ( 'NONE', #783 ) ;
#297 = DIRECTION ( 'NONE',  ( -0.000000000000000000, -1.000000000000000000, -0.000000000000000000 ) ) ;
#298 = DIRECTION ( 'NONE',  ( 0.000000000000000000, 1.000000000000000000, 0.000000000000000000 ) ) ;
#299 = EDGE_CURVE ( 'NONE', #1292, #1916, #1593, .T. ) ;
#300 =( BOUNDED_CURVE ( )  B_SPLINE_CURVE ( 2, ( #2339, #1809, #702, #2128, #1616, #1389, #866, #151, #1946, #468, #1015, #671, #891 ),
 .UNSPECIFIED., .F., .T. ) 
 B_SPLINE_CURVE_WITH_KNOTS ( ( 3, 2, 2, 2, 2, 2, 3 ),
 ( 0.000000000000000000, 0.04166666666666666435, 0.08333333333333332871, 0.1250000000000000000, 0.1666666666666666574, 0.2083333333333333426, 0.2500000000000000000 ),
 .UNSPECIFIED. ) 
 CURVE ( )  GEOMETRIC_REPRESENTATION_ITEM ( )  RATIONAL_B_SPLINE_CURVE ( ( 1.000000000000000000, 0.9659258262890683122, 1.000000000000000000, 0.9659258262890683122, 1.000000000000000000, 0.9659258262890683122, 1.000000000000000000, 0.9659258262890683122, 1.000000000000000000, 0.9659258262890683122, 1.000000000000000000, 0.9659258262890683122, 1.000000000000000000 ) ) 
 REPRESENTATION_ITEM ( '' )  );
#301 = EDGE_CURVE ( 'NONE', #1022, #1729, #2342, .T. ) ;
#302 = B_SPLINE_CURVE_WITH_KNOTS ( 'NONE', 3,
 ( #343, #1744, #688, #1588 ),
 .UNSPECIFIED., .F., .F.,
 ( 4, 4 ),
 ( 0.000000000000000000, 1.000000000000000000 ),
 .UNSPECIFIED. ) ;
#303 = ORIENTED_EDGE ( 'NONE', *, *, #1155, .T. ) ;
#304 = CARTESIAN_POINT ( 'NONE',  ( 1.900000000000002132, 7.583333333333333037, -3.290896534380866711 ) ) ;
#305 = CARTESIAN_POINT ( 'NONE',  ( 2.925586354552479840, 8.700000000000009948, 2.425203716849103408 ) ) ;
#306 = AXIS2_PLACEMENT_3D ( 'NONE', #1375, #297, #1208 ) ;
#307 = VERTEX_POINT ( 'NONE', #1735 ) ;
#308 = CARTESIAN_POINT ( 'NONE',  ( 0.8842323350227033751, 5.408333333333333215, 3.300000000000000711 ) ) ;
#309 = CARTESIAN_POINT ( 'NONE',  ( 0.000000000000000000, 0.000000000000000000, 0.000000000000000000 ) ) ;
#310 = CARTESIAN_POINT ( 'NONE',  ( -2.781793068761734045, 8.024999999999998579, -2.781793068761734045 ) ) ;
#311 = AXIS2_PLACEMENT_3D ( 'NONE', #154, #2368, #705 ) ;
#312 = EDGE_CURVE ( 'NONE', #1747, #457, #964, .T. ) ;
#313 = DIRECTION ( 'NONE',  ( -0.000000000000000000, -1.000000000000000000, -0.000000000000000000 ) ) ;
#314 = ORIENTED_EDGE ( 'NONE', *, *, #110, .T. ) ;
#315 = CARTESIAN_POINT ( 'NONE',  ( -4.653657836759943716E-16, 4.899999999999999467, 3.800000000000000711 ) ) ;
#316 = UNCERTAINTY_MEASURE_WITH_UNIT (LENGTH_MEASURE( 1.000000000000000082E-05 ), #703, 'distance_accuracy_value', 'NONE');
#317 = B_SPLINE_CURVE_WITH_KNOTS ( 'NONE', 3,
 ( #265, #1884, #956, #811 ),
 .UNSPECIFIED., .F., .F.,
 ( 4, 4 ),
 ( 0.000000000000000000, 1.000000000000000000 ),
 .UNSPECIFIED. ) ;
#318 =( BOUNDED_CURVE ( )  B_SPLINE_CURVE ( 2, ( #1183, #665, #1011, #1754, #107, #1565, #474, #1770, #1814, #1633, #384, #1841, #923, #170, #1055, #906, #2382, #1243, #730, #366, #521, #1074, #894, #1803, #740, #155, #1825, #1462, #717, #10, #2018 ),
 .UNSPECIFIED., .F., .T. ) 
 B_SPLINE_CURVE_WITH_KNOTS ( ( 3, 2, 2, 2, 2, 2, 2, 2, 2, 2, 2, 2, 2, 2, 2, 3 ),
 ( 0.000000000000000000, 0.04166666666666666435, 0.08333333333333332871, 0.1250000000000000000, 0.1666666666666666574, 0.2083333333333333703, 0.2500000000000000000, 0.2916666666666666852, 0.3333333333333333148, 0.3750000000000000000, 0.4166666666666667407, 0.4583333333333332593, 0.5000000000000000000, 0.5416666666666666297, 0.5833333333333333703, 0.6000682405954540499 ),
 .UNSPECIFIED. ) 
 CURVE ( )  GEOMETRIC_REPRESENTATION_ITEM ( )  RATIONAL_B_SPLINE_CURVE ( ( 1.000000000000000000, 0.9659258262890683122, 1.000000000000000000, 0.9659258262890683122, 1.000000000000000000, 0.9659258262890683122, 1.000000000000000000, 0.9659258262890683122, 1.000000000000000000, 0.9659258262890683122, 1.000000000000000000, 0.9659258262890683122, 1.000000000000000000, 0.9659258262890683122, 1.000000000000000000, 0.9659258262890683122, 1.000000000000000000, 0.9659258262890683122, 1.000000000000000000, 0.9659258262890683122, 1.000000000000000000, 0.9659258262890683122, 1.000000000000000000, 0.9659258262890683122, 1.000000000000000000, 0.9659258262890683122, 1.000000000000000000, 0.9659258262890683122, 1.000000000000000000, 0.9863145247099400770, 0.9836222570911055119 ) ) 
 REPRESENTATION_ITEM ( '' )  );
#319 = CARTESIAN_POINT ( 'NONE',  ( -4.422976227144300942, 2.400000000000000799, 2.331797867336781849 ) ) ;
#320 = CARTESIAN_POINT ( 'NONE',  ( 3.799999999999999822, 8.441666666666666430, 1.018206931238267332 ) ) ;
#321 = CARTESIAN_POINT ( 'NONE',  ( 2.781793068761731824, 6.124999999999999112, 2.781793068761734933 ) ) ;
#322 = CARTESIAN_POINT ( 'NONE',  ( 1.125410964134426761, 10.10000000000000142, -4.871698898926945631 ) ) ;
#323 = CYLINDRICAL_SURFACE ( 'NONE', #306, 3.799999999999999822 ) ;
#324 = EDGE_CURVE ( 'NONE', #734, #2233, #1135, .T. ) ;
#325 = CARTESIAN_POINT ( 'NONE',  ( -4.993318179340067609, 7.310144927536232018, 2.088829300064629635 ) ) ;
#326 = FACE_OUTER_BOUND ( 'NONE', #509, .T. ) ;
#327 = CARTESIAN_POINT ( 'NONE',  ( 0.3189546160415455689, 4.520289855072464391, -5.390572135952341526 ) ) ;
#328 = DIRECTION ( 'NONE',  ( 0.000000000000000000, 0.000000000000000000, -1.000000000000000000 ) ) ;
#329 = ORIENTED_EDGE ( 'NONE', *, *, #492, .F. ) ;
#330 = CARTESIAN_POINT ( 'NONE',  ( -4.695812240465122578, 2.400007235084461676, 2.666335950756757001 ) ) ;
#331 = EDGE_CURVE ( 'NONE', #19, #1374, #264, .T. ) ;
#332 = CARTESIAN_POINT ( 'NONE',  ( 4.230884303174407002, 2.400000000000000799, 2.664510839376039719 ) ) ;
#333 = DIRECTION ( 'NONE',  ( -0.000000000000000000, -1.000000000000000000, -0.000000000000000000 ) ) ;
#334 = ORIENTED_EDGE ( 'NONE', *, *, #357, .T. ) ;
#335 = EDGE_LOOP ( 'NONE', ( #1096, #334, #62, #1066 ) ) ;
#336 = DIRECTION ( 'NONE',  ( -0.000000000000000000, -1.000000000000000000, -0.000000000000000000 ) ) ;
#337 = CARTESIAN_POINT ( 'NONE',  ( 4.586047459933390691, 3.461314598867145431, 2.854439762369364253 ) ) ;
#338 = CARTESIAN_POINT ( 'NONE',  ( -1.049999999999999600, 10.10000000000000142, -5.296933074902872463 ) ) ;
#339 = ORIENTED_EDGE ( 'NONE', *, *, #1251, .T. ) ;
#340 = CARTESIAN_POINT ( 'NONE',  ( 0.1920910333096720046, 2.400000000000000799, -4.996308740952867034 ) ) ;
#341 = DIRECTION ( 'NONE',  ( 0.000000000000000000, 0.000000000000000000, -1.000000000000000000 ) ) ;
#342 = CIRCLE ( 'NONE', #1683, 5.000000000000000000 ) ;
#343 = CARTESIAN_POINT ( 'NONE',  ( 1.124961973314053232, 10.10000000000000142, 4.871802598484195279 ) ) ;
#344 = DIRECTION ( 'NONE',  ( -0.000000000000000000, -1.000000000000000000, -0.000000000000000000 ) ) ;
#345 = AXIS2_PLACEMENT_3D ( 'NONE', #1219, #1756, #676 ) ;
#346 = ORIENTED_EDGE ( 'NONE', *, *, #1021, .T. ) ;
#347 = CARTESIAN_POINT ( 'NONE',  ( 0.03879145185342571661, 2.400007235084461676, -5.399860667023095750 ) ) ;
#348 = EDGE_CURVE ( 'NONE', #1501, #845, #1899, .T. ) ;
#349 = DIRECTION ( 'NONE',  ( 0.1944444444444438647, 0.000000000000000000, -0.9809135323894209169 ) ) ;
#350 = CARTESIAN_POINT ( 'NONE',  ( 0.02860871594673164084, 2.322925597101828554, -5.399933817634567923 ) ) ;
#351 = CARTESIAN_POINT ( 'NONE',  ( -5.211387199661345448, 3.461315189585152829, -1.588757980927676838 ) ) ;
#352 = VERTEX_POINT ( 'NONE', #1244 ) ;
#353 = CARTESIAN_POINT ( 'NONE',  ( -3.539989543092275870, 4.520289855072464391, 4.077802598802120926 ) ) ;
#354 = FACE_OUTER_BOUND ( 'NONE', #250, .T. ) ;
#355 = CARTESIAN_POINT ( 'NONE',  ( 0.000000000000000000, 2.400000000000000799, 0.000000000000000000 ) ) ;
#356 = CARTESIAN_POINT ( 'NONE',  ( 3.800000000000000266, 9.041666666666666075, 1.018206931238267332 ) ) ;
#357 = EDGE_CURVE ( 'NONE', #557, #1818, #2360, .T. ) ;
#358 = VERTEX_POINT ( 'NONE', #1986 ) ;
#359 = ORIENTED_EDGE ( 'NONE', *, *, #612, .T. ) ;
#360 = CARTESIAN_POINT ( 'NONE',  ( 0.8842323350227073719, 7.491666666666668029, -3.299999999999998490 ) ) ;
#361 = CARTESIAN_POINT ( 'NONE',  ( 1.050000000000000488, 10.10000000000000142, -5.296933074902872463 ) ) ;
#362 = FACE_OUTER_BOUND ( 'NONE', #1156, .T. ) ;
#363 = FACE_OUTER_BOUND ( 'NONE', #2092, .T. ) ;
#364 = VERTEX_POINT ( 'NONE', #1229 ) ;
#365 = ADVANCED_FACE ( 'NONE', ( #498 ), #1804, .T. ) ;
#366 = CARTESIAN_POINT ( 'NONE',  ( -3.300000000000000266, 6.658333333333334103, 0.8842323350227031531 ) ) ;
#367 = CARTESIAN_POINT ( 'NONE',  ( 1.366673432926284404, 2.400008418351982975, 5.272088358640409034 ) ) ;
#368 = CARTESIAN_POINT ( 'NONE',  ( 1.124961973314053232, 10.10000000000000142, 4.871802598484195279 ) ) ;
#369 = CARTESIAN_POINT ( 'NONE',  ( -1.650000000000000799, 4.783333333333334103, 2.857883832488646636 ) ) ;
#370 = CARTESIAN_POINT ( 'NONE',  ( -0.03879145185342571661, 2.400007235084461676, 5.399860667023095750 ) ) ;
#371 = FACE_OUTER_BOUND ( 'NONE', #483, .T. ) ;
#372 = EDGE_LOOP ( 'NONE', ( #500, #1661, #255, #826 ) ) ;
#373 = ADVANCED_FACE ( 'NONE', ( #98, #1218 ), #440, .T. ) ;
#374 = CARTESIAN_POINT ( 'NONE',  ( 0.000000000000000000, 0.000000000000000000, 0.000000000000000000 ) ) ;
#375 = CARTESIAN_POINT ( 'NONE',  ( 0.000000000000000000, 5.421010862427522170E-17, -1.449999999999999956 ) ) ;
#376 = CARTESIAN_POINT ( 'NONE',  ( 3.317973373587899122, 8.700000000000001066, -1.919400417239537582 ) ) ;
#377 = EDGE_LOOP ( 'NONE', ( #1344, #2104, #998 ) ) ;
#378 = CARTESIAN_POINT ( 'NONE',  ( -5.301475413726976171, 4.520289855072464391, -1.026819574048130734 ) ) ;
#379 = CARTESIAN_POINT ( 'NONE',  ( -3.299999999999999378, 3.950000000000000178, -2.020667218593132508E-16 ) ) ;
#380 = CYLINDRICAL_SURFACE ( 'NONE', #1283, 1.449999999999998623 ) ;
#381 = CIRCLE ( 'NONE', #1557, 2.475000000000000089 ) ;
#382 = DIRECTION ( 'NONE',  ( -0.000000000000000000, -1.000000000000000000, -0.000000000000000000 ) ) ;
#383 = VERTEX_POINT ( 'NONE', #1976 ) ;
#384 = CARTESIAN_POINT ( 'NONE',  ( 1.650000000000000799, 4.783333333333334103, -2.857883832488646636 ) ) ;
#385 = CARTESIAN_POINT ( 'NONE',  ( 4.604866902691497010, 2.400000000000000355, -2.554823256283464517 ) ) ;
#386 = EDGE_CURVE ( 'NONE', #2312, #1874, #342, .T. ) ;
#387 = CARTESIAN_POINT ( 'NONE',  ( 3.299999999999999378, 6.450000000000001066, 6.062001655779396539E-16 ) ) ;
#388 = CARTESIAN_POINT ( 'NONE',  ( -4.657020788611641038, 2.400007235084461676, -2.733524716266349852 ) ) ;
#389 = EDGE_CURVE ( 'NONE', #992, #153, #648, .T. ) ;
#390 = ORIENTED_EDGE ( 'NONE', *, *, #1347, .T. ) ;
#391 = CARTESIAN_POINT ( 'NONE',  ( 1.125410964134426761, 10.10000000000000142, -4.871698898926945631 ) ) ;
#392 = DIRECTION ( 'NONE',  ( 0.000000000000000000, 0.000000000000000000, -1.000000000000000000 ) ) ;
#393 = FACE_OUTER_BOUND ( 'NONE', #2130, .T. ) ;
#394 = CARTESIAN_POINT ( 'NONE',  ( -5.112278605011923993, 10.10000000000000142, 1.739139863477727976 ) ) ;
#395 = ORIENTED_EDGE ( 'NONE', *, *, #995, .F. ) ;
#396 = CARTESIAN_POINT ( 'NONE',  ( -4.230884303176173589, 2.400000000000000799, -2.664510839373236628 ) ) ;
#397 = EDGE_LOOP ( 'NONE', ( #835, #1082, #2096, #147 ) ) ;
#398 = CARTESIAN_POINT ( 'NONE',  ( -1.050000000000000044, 10.10000000000000142, 5.296933074902872463 ) ) ;
#399 = CARTESIAN_POINT ( 'NONE',  ( 3.139070231217448992, 8.700000000000002842, 1.017957800443822114 ) ) ;
#400 = CARTESIAN_POINT ( 'NONE',  ( -4.062278605011867327, 10.10000000000000142, -3.557793211425143820 ) ) ;
#401 = CARTESIAN_POINT ( 'NONE',  ( 5.166653658605119048, 4.520289855072463503, 1.722905077362244519 ) ) ;
#402 = DIRECTION ( 'NONE',  ( -0.000000000000000000, -1.000000000000000000, -0.000000000000000000 ) ) ;
#403 = VERTEX_POINT ( 'NONE', #1540 ) ;
#404 = CARTESIAN_POINT ( 'NONE',  ( -0.8842323350227033751, 5.408333333333333215, -3.300000000000000711 ) ) ;
#405 = CARTESIAN_POINT ( 'NONE',  ( -0.4511069818935508069, 4.520289855072464391, 4.979608668448443964 ) ) ;
#406 = CARTESIAN_POINT ( 'NONE',  ( 5.096395152074856050, 2.400000000000000355, 0.6099269215173878100 ) ) ;
#407 = CARTESIAN_POINT ( 'NONE',  ( -4.657020788611641038, 2.400007235084461676, -2.733524716266349852 ) ) ;
#408 = CARTESIAN_POINT ( 'NONE',  ( 4.662175506851001572, 2.322925597129473108, 2.724742783599982676 ) ) ;
#409 = CONICAL_SURFACE ( 'NONE', #567, 2.350000000000000089, 0.1390959414820713280 ) ;
#410 = CARTESIAN_POINT ( 'NONE',  ( -2.330884949522944005, 8.700000000000001066, 3.043028199281770263 ) ) ;
#411 = AXIS2_PLACEMENT_3D ( 'NONE', #1932, #344, #156 ) ;
#412 = EDGE_CURVE ( 'NONE', #457, #573, #2066, .T. ) ;
#413 = FACE_OUTER_BOUND ( 'NONE', #1446, .T. ) ;
#414 = CARTESIAN_POINT ( 'NONE',  ( 3.656623825853311693, 10.10000000000000142, 3.410146946423556980 ) ) ;
#415 = ORIENTED_EDGE ( 'NONE', *, *, #1714, .F. ) ;
#416 = CARTESIAN_POINT ( 'NONE',  ( -0.8842323350227073719, 7.491666666666668029, 3.299999999999998490 ) ) ;
#417 = STYLED_ITEM ( 'NONE', ( #868 ), #2125 ) ;
#418 = CARTESIAN_POINT ( 'NONE',  ( -3.799999999999999822, 3.441666666666666430, -1.018206931238267332 ) ) ;
#419 = LINE ( 'NONE', #1514, #1402 ) ;
#420 = CARTESIAN_POINT ( 'NONE',  ( -5.347617264507624313, 2.400008418351983419, -0.7503263239018000963 ) ) ;
#421 = CARTESIAN_POINT ( 'NONE',  ( -2.781793068761733601, 3.024999999999999911, -2.781793068761733601 ) ) ;
#422 = EDGE_LOOP ( 'NONE', ( #1604, #601, #463, #1031 ) ) ;
#423 = CARTESIAN_POINT ( 'NONE',  ( 0.000000000000000000, 2.850000000000000089, 3.550000000000000266 ) ) ;
#424 = CARTESIAN_POINT ( 'NONE',  ( -1.301042606982605321E-14, 10.10000000000000142, 4.553649124439118623E-15 ) ) ;
#425 = ORIENTED_EDGE ( 'NONE', *, *, #1361, .F. ) ;
#426 = CARTESIAN_POINT ( 'NONE',  ( -1.900000000000002132, 6.983333333333333393, 3.290896534380866711 ) ) ;
#427 = CARTESIAN_POINT ( 'NONE',  ( -1.360506053427762364E-16, 8.700000000000001066, 0.000000000000000000 ) ) ;
#428 = SURFACE_STYLE_FILL_AREA ( #2068 ) ;
#429 = CARTESIAN_POINT ( 'NONE',  ( 0.000000000000000000, 3.000000000000000000, 3.800000000000000711 ) ) ;
#430 = DIRECTION ( 'NONE',  ( 0.000000000000000000, -1.000000000000000000, -0.000000000000000000 ) ) ;
#431 = EDGE_LOOP ( 'NONE', ( #277, #2113, #1544, #288 ) ) ;
#432 = ADVANCED_FACE ( 'NONE', ( #862 ), #220, .F. ) ;
#433 = CARTESIAN_POINT ( 'NONE',  ( -5.112278605011923993, 10.10000000000000142, 1.739139863477727976 ) ) ;
#434 = ORIENTED_EDGE ( 'NONE', *, *, #196, .T. ) ;
#435 = CARTESIAN_POINT ( 'NONE',  ( 1.900000000000000133, 7.816666666666666430, 3.290896534380868044 ) ) ;
#436 = DIRECTION ( 'NONE',  ( 3.991292014935918511E-18, -0.9994687601077144601, 0.03259137261220795834 ) ) ;
#437 = ORIENTED_EDGE ( 'NONE', *, *, #299, .F. ) ;
#438 = CARTESIAN_POINT ( 'NONE',  ( 1.650000000000001243, 7.283333333333333215, -2.857883832488646636 ) ) ;
#439 = CARTESIAN_POINT ( 'NONE',  ( -3.800000000000001155, 6.958333333333332149, 1.018206931238264668 ) ) ;
#440 = PLANE ( 'NONE',  #442 ) ;
#441 = ORIENTED_EDGE ( 'NONE', *, *, #1920, .F. ) ;
#442 = AXIS2_PLACEMENT_3D ( 'NONE', #821, #1045, #1056 ) ;
#443 = LINE ( 'NONE', #423, #991 ) ;
#444 = VECTOR ( 'NONE', #2171, 1000.000000000000114 ) ;
#445 = CARTESIAN_POINT ( 'NONE',  ( -1.124961973314051678, 10.10000000000000142, 4.871802598484194391 ) ) ;
#446 = VERTEX_POINT ( 'NONE', #1489 ) ;
#447 = CARTESIAN_POINT ( 'NONE',  ( -1.650000000000001243, 7.283333333333333215, 2.857883832488646636 ) ) ;
#448 = CARTESIAN_POINT ( 'NONE',  ( -2.781793068761734045, 3.024999999999999911, -2.781793068761734045 ) ) ;
#449 = VERTEX_POINT ( 'NONE', #741 ) ;
#450 = CARTESIAN_POINT ( 'NONE',  ( -0.8842323350227057066, 4.991666666666667140, 3.299999999999999378 ) ) ;
#451 = CARTESIAN_POINT ( 'NONE',  ( -0.8842323350227057066, 4.991666666666667140, 3.299999999999998934 ) ) ;
#452 = CARTESIAN_POINT ( 'NONE',  ( 1.018206931238266222, 3.208333333333332593, 3.800000000000000266 ) ) ;
#453 = CARTESIAN_POINT ( 'NONE',  ( 3.800000000000000266, 5.941666666666668206, 1.018206931238269553 ) ) ;
#454 = DIRECTION ( 'NONE',  ( -0.000000000000000000, -1.000000000000000000, -0.000000000000000000 ) ) ;
#455 = EDGE_CURVE ( 'NONE', #2384, #457, #809, .T. ) ;
#456 = CARTESIAN_POINT ( 'NONE',  ( 5.347617264507131374, 2.400008418379260711, 0.7503263239053316047 ) ) ;
#457 = VERTEX_POINT ( 'NONE', #907 ) ;
#458 = CARTESIAN_POINT ( 'NONE',  ( -4.653657836759943716E-16, 5.500000000000000000, 3.800000000000000711 ) ) ;
#459 = CARTESIAN_POINT ( 'NONE',  ( -1.900000000000000133, 2.816666666666666874, -3.290896534380868044 ) ) ;
#460 = ORIENTED_EDGE ( 'NONE', *, *, #1917, .F. ) ;
#461 = CARTESIAN_POINT ( 'NONE',  ( -3.800000000000000711, 4.250000000000000000, -2.326828918379971858E-16 ) ) ;
#462 = CARTESIAN_POINT ( 'NONE',  ( 0.000000000000000000, 10.10000000000000142, -5.000000000000000000 ) ) ;
#463 = ORIENTED_EDGE ( 'NONE', *, *, #1636, .F. ) ;
#464 = LINE ( 'NONE', #1228, #1952 ) ;
#465 = B_SPLINE_CURVE_WITH_KNOTS ( 'NONE', 3,
 ( #1281, #2178, #18, #1240, #1267, #205, #376, #1100, #1839, #194 ),
 .UNSPECIFIED., .F., .F.,
 ( 4, 2, 2, 2, 4 ),
 ( 0.000000000000000000, 0.06250000000000000000, 0.1250000000000000000, 0.1875000000000000000, 0.2500000000000000000 ),
 .UNSPECIFIED. ) ;
#466 = ORIENTED_EDGE ( 'NONE', *, *, #480, .T. ) ;
#467 = B_SPLINE_CURVE_WITH_KNOTS ( 'NONE', 3,
 ( #593, #248, #1122, #2070 ),
 .UNSPECIFIED., .F., .F.,
 ( 4, 4 ),
 ( 0.000000000000000000, 1.000000000000000000 ),
 .UNSPECIFIED. ) ;
#468 = CARTESIAN_POINT ( 'NONE',  ( 2.781793068761734045, 4.275000000000000355, -2.781793068761733601 ) ) ;
#469 = CARTESIAN_POINT ( 'NONE',  ( 0.000000000000000000, 0.000000000000000000, 0.000000000000000000 ) ) ;
#470 = VERTEX_POINT ( 'NONE', #2041 ) ;
#471 = CARTESIAN_POINT ( 'NONE',  ( -0.8842323350227045964, 7.908333333333333215, -3.299999999999999822 ) ) ;
#472 = CARTESIAN_POINT ( 'NONE',  ( -3.656623825853356546, 10.10000000000000142, 3.410146946423505021 ) ) ;
#473 = ADVANCED_FACE ( 'NONE', ( #565 ), #2379, .F. ) ;
#474 = CARTESIAN_POINT ( 'NONE',  ( 3.299999999999999378, 3.950000000000000178, 2.020667218593132508E-16 ) ) ;
#475 = B_SPLINE_CURVE_WITH_KNOTS ( 'NONE', 3,
 ( #90, #1737, #2099, #823 ),
 .UNSPECIFIED., .F., .F.,
 ( 4, 4 ),
 ( 0.000000000000000000, 0.001431666518254448963 ),
 .UNSPECIFIED. ) ;
#476 = CARTESIAN_POINT ( 'NONE',  ( 0.000000000000000000, 14.89999999999999680, 0.000000000000000000 ) ) ;
#477 = EDGE_LOOP ( 'NONE', ( #2217, #2115 ) ) ;
#478 = CARTESIAN_POINT ( 'NONE',  ( 4.695812240465103038, 2.400007235084461232, -2.666335950756790307 ) ) ;
#479 = CARTESIAN_POINT ( 'NONE',  ( 0.000000000000000000, 10.10000000000000142, 0.000000000000000000 ) ) ;
#480 = EDGE_CURVE ( 'NONE', #1181, #358, #1547, .T. ) ;
#481 = CARTESIAN_POINT ( 'NONE',  ( 0.4511069818935508069, 4.520289855072464391, -4.979608668448443964 ) ) ;
#482 = VERTEX_POINT ( 'NONE', #2010 ) ;
#483 = EDGE_LOOP ( 'NONE', ( #290, #1692, #2063 ) ) ;
#484 = AXIS2_PLACEMENT_3D ( 'NONE', #2037, #5, #392 ) ;
#485 = CARTESIAN_POINT ( 'NONE',  ( -1.018206931238266222, 7.608333333333332504, -3.799999999999999822 ) ) ;
#486 = CIRCLE ( 'NONE', #1090, 5.400000000000009237 ) ;
#487 = AXIS2_PLACEMENT_3D ( 'NONE', #902, #382, #1099 ) ;
#488 = ORIENTED_EDGE ( 'NONE', *, *, #1854, .F. ) ;
#489 = ORIENTED_EDGE ( 'NONE', *, *, #455, .T. ) ;
#490 = CARTESIAN_POINT ( 'NONE',  ( 1.900000000000002132, 7.583333333333333037, -3.290896534380866711 ) ) ;
#491 = CARTESIAN_POINT ( 'NONE',  ( -4.538021098728348690, 4.520289855072464391, 2.099134228079837960 ) ) ;
#492 = EDGE_CURVE ( 'NONE', #1563, #1210, #143, .T. ) ;
#493 = CARTESIAN_POINT ( 'NONE',  ( 1.050000000000000044, 10.10000000000000142, -5.296933074902872463 ) ) ;
#494 = CARTESIAN_POINT ( 'NONE',  ( -1.018206931238266222, 3.208333333333332593, -3.800000000000000266 ) ) ;
#495 = ORIENTED_EDGE ( 'NONE', *, *, #1487, .F. ) ;
#496 = CARTESIAN_POINT ( 'NONE',  ( 0.000000000000000000, 19.89999999999999858, -1.649999999999999911 ) ) ;
#497 = CARTESIAN_POINT ( 'NONE',  ( 0.000000000000000000, 7.400000000000000355, -3.800000000000000711 ) ) ;
#498 = FACE_OUTER_BOUND ( 'NONE', #1020, .T. ) ;
#499 = DIRECTION ( 'NONE',  ( -0.9467182601873928016, 0.000000000000000000, 0.3220629376810623667 ) ) ;
#500 = ORIENTED_EDGE ( 'NONE', *, *, #1361, .T. ) ;
#501 = CARTESIAN_POINT ( 'NONE',  ( 4.483519106256606435, 3.461314598853480362, -2.216959562187098776 ) ) ;
#502 = CARTESIAN_POINT ( 'NONE',  ( -3.587164260729196474, 8.700000000000001066, -0.3714294967108624501 ) ) ;
#503 = CARTESIAN_POINT ( 'NONE',  ( 4.235908879153468476, 2.322925597129473108, 2.656532489531950869 ) ) ;
#504 = CARTESIAN_POINT ( 'NONE',  ( -4.483519106256622422, 3.461314598853480362, 2.216959562187066357 ) ) ;
#505 = CARTESIAN_POINT ( 'NONE',  ( 1.900000000000000133, 3.416666666666666963, 3.290896534380868044 ) ) ;
#506 = ORIENTED_EDGE ( 'NONE', *, *, #711, .F. ) ;
#507 = ORIENTED_EDGE ( 'NONE', *, *, #961, .F. ) ;
#508 = DIRECTION ( 'NONE',  ( -0.000000000000000000, -1.000000000000000000, -0.000000000000000000 ) ) ;
#509 = EDGE_LOOP ( 'NONE', ( #1042, #1576, #206, #1752 ) ) ;
#510 = DIRECTION ( 'NONE',  ( 0.000000000000000000, 0.000000000000000000, -1.000000000000000000 ) ) ;
#511 = ORIENTED_EDGE ( 'NONE', *, *, #1667, .F. ) ;
#512 = DIRECTION ( 'NONE',  ( 0.000000000000000000, 0.000000000000000000, -1.000000000000000000 ) ) ;
#513 = CARTESIAN_POINT ( 'NONE',  ( 3.800000000000000711, 6.750000000000000888, 6.980486755139914094E-16 ) ) ;
#514 = CARTESIAN_POINT ( 'NONE',  ( 4.062278605011893973, 10.10000000000000142, 3.557793211425117619 ) ) ;
#515 = VERTEX_POINT ( 'NONE', #1826 ) ;
#516 = CARTESIAN_POINT ( 'NONE',  ( 4.347013780391057125, 2.400000000000000355, -3.280621704294193197 ) ) ;
#517 = B_SPLINE_CURVE_WITH_KNOTS ( 'NONE', 1,
 ( #1791, #1606 ),
 .UNSPECIFIED., .F., .F.,
 ( 2, 2 ),
 ( 0.000000000000000000, 1.000000000000000000 ),
 .UNSPECIFIED. ) ;
#518 = CARTESIAN_POINT ( 'NONE',  ( 2.770763383070886474E-16, 12.60000000000000142, 2.049999999999999822 ) ) ;
#519 = ORIENTED_EDGE ( 'NONE', *, *, #263, .F. ) ;
#520 = DIRECTION ( 'NONE',  ( -0.000000000000000000, -1.000000000000000000, -0.000000000000000000 ) ) ;
#521 = CARTESIAN_POINT ( 'NONE',  ( -2.857883832488648412, 6.866666666666667140, 1.649999999999997691 ) ) ;
#522 = DIRECTION ( 'NONE',  ( 0.000000000000000000, 0.000000000000000000, -1.000000000000000000 ) ) ;
#523 = VECTOR ( 'NONE', #1471, 999.9999999999998863 ) ;
#524 = CARTESIAN_POINT ( 'NONE',  ( 1.951563910473907981E-14, 10.10000000000000142, -1.593777193553691518E-14 ) ) ;
#525 = CARTESIAN_POINT ( 'NONE',  ( -4.345721529177773768, 2.400008418379259822, 3.282897550094893369 ) ) ;
#526 = ORIENTED_EDGE ( 'NONE', *, *, #1274, .F. ) ;
#527 = CARTESIAN_POINT ( 'NONE',  ( -0.8842323350227057066, 4.991666666666667140, 3.299999999999999378 ) ) ;
#528 = B_SPLINE_CURVE_WITH_KNOTS ( 'NONE', 3,
 ( #585, #1302, #2202, #1456, #410, #955, #48, #1509, #1641, #177 ),
 .UNSPECIFIED., .F., .F.,
 ( 4, 2, 2, 2, 4 ),
 ( 0.5000000000000000000, 0.5625000000000000000, 0.6250000000000000000, 0.6875000000000000000, 0.7500000000000000000 ),
 .UNSPECIFIED. ) ;
#529 = ORIENTED_EDGE ( 'NONE', *, *, #2124, .T. ) ;
#530 = CARTESIAN_POINT ( 'NONE',  ( 5.112278605011911559, 10.10000000000000142, -1.739139863477764392 ) ) ;
#531 = CARTESIAN_POINT ( 'NONE',  ( -4.690784222799614156, 2.322925597101828110, 2.675191034037718740 ) ) ;
#532 = AXIS2_PLACEMENT_3D ( 'NONE', #1525, #1477, #1491 ) ;
#533 = ORIENTED_EDGE ( 'NONE', *, *, #982, .T. ) ;
#534 = CARTESIAN_POINT ( 'NONE',  ( 3.434113396826529385, 3.461315189585152829, -4.169714956392394534 ) ) ;
#535 = EDGE_CURVE ( 'NONE', #515, #734, #2148, .T. ) ;
#536 = CARTESIAN_POINT ( 'NONE',  ( 0.000000000000000000, 19.89999999999999858, 0.000000000000000000 ) ) ;
#537 = CARTESIAN_POINT ( 'NONE',  ( -4.899055215567819310, 4.520289855072463503, -2.379489425989532947 ) ) ;
#538 = ORIENTED_EDGE ( 'NONE', *, *, #293, .T. ) ;
#539 = VERTEX_POINT ( 'NONE', #2031 ) ;
#540 =( BOUNDED_SURFACE ( )  B_SPLINE_SURFACE ( 1, 2, ( 
 ( #1223, #880, #481, #1026, #1774, #853, #680 ),
 ( #493, #1968, #327, #1981, #1049, #1239, #350 ) ),
 .UNSPECIFIED., .F., .F., .T. ) 
 B_SPLINE_SURFACE_WITH_KNOTS ( ( 2, 2 ),
 ( 3, 2, 2, 3 ),
 ( 0.000000000000000000, 1.000000000000000000 ),
 ( 0.000000000000000000, 0.02173913043478260809, 0.03000283781263311453, 0.03030286619075944418 ),
 .UNSPECIFIED. ) 
 GEOMETRIC_REPRESENTATION_ITEM ( )  RATIONAL_B_SPLINE_SURFACE ( (
 ( 1.000000000000000000, 0.9976687691905391508, 1.000000000000000000, 0.9991138279749778306, 0.9989013780496678319, 0.9989013780496678319, 0.9989013780496678319),
 ( 1.000000000000000000, 0.9976687691905391508, 1.000000000000000000, 0.9991138279749778306, 0.9989013780496678319, 0.9989013780496678319, 0.9989013780496678319) ) ) 
 REPRESENTATION_ITEM ( '' )  SURFACE ( )  );
#541 = ADVANCED_FACE ( 'NONE', ( #1308 ), #2027, .F. ) ;
#542 = CARTESIAN_POINT ( 'NONE',  ( -1.124961973314053232, 10.10000000000000142, 4.871802598484194391 ) ) ;
#543 = CARTESIAN_POINT ( 'NONE',  ( -3.981598371780510792, 3.461315189598769937, 3.718814713398582494 ) ) ;
#544 = EDGE_CURVE ( 'NONE', #1552, #2381, #228, .T. ) ;
#546 = CARTESIAN_POINT ( 'NONE',  ( -2.857883832488647524, 4.366666666666667140, 1.649999999999999023 ) ) ;
#545 = CARTESIAN_POINT ( 'NONE',  ( 4.781585799167373807, 10.10000000000000142, 1.461655652060676713 ) ) ;
#547 = CARTESIAN_POINT ( 'NONE',  ( -2.024006974626719746, 2.400008418351983863, -5.006335562730725997 ) ) ;
#548 = CARTESIAN_POINT ( 'NONE',  ( 0.000000000000000000, 0.000000000000000000, 0.000000000000000000 ) ) ;
#549 = PLANE ( 'NONE',  #803 ) ;
#550 = CARTESIAN_POINT ( 'NONE',  ( 0.000000000000000000, 19.89999999999999858, -1.649999999999999911 ) ) ;
#551 = PLANE ( 'NONE',  #234 ) ;
#552 = ORIENTED_EDGE ( 'NONE', *, *, #1138, .F. ) ;
#553 = ORIENTED_EDGE ( 'NONE', *, *, #1758, .F. ) ;
#554 = CARTESIAN_POINT ( 'NONE',  ( 1.049999999999999600, 10.10000000000000142, 5.296933074902872463 ) ) ;
#555 =( BOUNDED_CURVE ( )  B_SPLINE_CURVE ( 2, ( #1470, #1310, #596, #224, #407 ),
 .UNSPECIFIED., .F., .T. ) 
 B_SPLINE_CURVE_WITH_KNOTS ( ( 3, 2, 3 ),
 ( 0.000000000000000000, 0.02173913043478260809, 0.03000283781263311800 ),
 .UNSPECIFIED. ) 
 CURVE ( )  GEOMETRIC_REPRESENTATION_ITEM ( )  RATIONAL_B_SPLINE_CURVE ( ( 1.000000000000000000, 0.9976687691905391508, 1.000000000000000000, 0.9991138279749778306, 0.9989013780496678319 ) ) 
 REPRESENTATION_ITEM ( '' )  );
#556 = ADVANCED_FACE ( 'NONE', ( #818, #1182 ), #74, .T. ) ;
#557 = VERTEX_POINT ( 'NONE', #52 ) ;
#558 = CARTESIAN_POINT ( 'NONE',  ( -2.021996171087366623, 2.400000000000000355, -4.862453346455721359 ) ) ;
#559 = CARTESIAN_POINT ( 'NONE',  ( -1.894022380362483160, 3.461315189585152829, -5.058886919324438125 ) ) ;
#560 = ORIENTED_EDGE ( 'NONE', *, *, #2167, .T. ) ;
#561 = DIRECTION ( 'NONE',  ( 0.000000000000000000, 0.000000000000000000, -1.000000000000000000 ) ) ;
#562 = CARTESIAN_POINT ( 'NONE',  ( 0.000000000000000000, 2.700000000000000178, 3.299999999999999378 ) ) ;
#563 = ORIENTED_EDGE ( 'NONE', *, *, #2261, .T. ) ;
#564 = EDGE_CURVE ( 'NONE', #1863, #1749, #33, .T. ) ;
#565 = FACE_OUTER_BOUND ( 'NONE', #795, .T. ) ;
#566 = EDGE_CURVE ( 'NONE', #1101, #1954, #419, .T. ) ;
#567 = AXIS2_PLACEMENT_3D ( 'NONE', #656, #2359, #2335 ) ;
#568 = CARTESIAN_POINT ( 'NONE',  ( 5.222006208290994600, 2.400000000000000355, 0.6801266227113595964 ) ) ;
#569 = CIRCLE ( 'NONE', #908, 3.800000000000000266 ) ;
#570 = CARTESIAN_POINT ( 'NONE',  ( 0.000000000000000000, 8.700000000000001066, 0.000000000000000000 ) ) ;
#571 = CARTESIAN_POINT ( 'NONE',  ( 3.442344559897375422, 7.533336139450609537, -3.639913780988436987 ) ) ;
#572 = CARTESIAN_POINT ( 'NONE',  ( 0.000000000000000000, 8.700000000000001066, 2.221874999999999378 ) ) ;
#573 = VERTEX_POINT ( 'NONE', #2260 ) ;
#574 = FILL_AREA_STYLE ('',( #1834 ) ) ;
#575 =( GEOMETRIC_REPRESENTATION_CONTEXT ( 3 ) GLOBAL_UNCERTAINTY_ASSIGNED_CONTEXT ( ( #316 ) ) GLOBAL_UNIT_ASSIGNED_CONTEXT ( ( #703, #2340, #1224 ) ) REPRESENTATION_CONTEXT ( 'NONE', 'WORKASPACE' ) );
#576 = CYLINDRICAL_SURFACE ( 'NONE', #484, 5.000000000000000000 ) ;
#577 = DIRECTION ( 'NONE',  ( 0.000000000000000000, 0.000000000000000000, -1.000000000000000000 ) ) ;
#578 = DIRECTION ( 'NONE',  ( 0.000000000000000000, 0.000000000000000000, -1.000000000000000000 ) ) ;
#579 = ORIENTED_EDGE ( 'NONE', *, *, #535, .F. ) ;
#580 = DIRECTION ( 'NONE',  ( 0.000000000000000000, 0.000000000000000000, -1.000000000000000000 ) ) ;
#581 = CARTESIAN_POINT ( 'NONE',  ( 0.000000000000000000, 10.10000000000000142, 0.000000000000000000 ) ) ;
#582 = CARTESIAN_POINT ( 'NONE',  ( -4.970784095858713059, 2.400000000000000799, -0.5397272203234522170 ) ) ;
#583 = DIRECTION ( 'NONE',  ( 0.000000000000000000, 0.000000000000000000, -1.000000000000000000 ) ) ;
#584 = CARTESIAN_POINT ( 'NONE',  ( -4.372929798321329109, 2.400000000000000355, -2.687515465004274073 ) ) ;
#585 = CARTESIAN_POINT ( 'NONE',  ( 4.653657836759942730E-16, 8.700000000000001066, 3.799999999999999822 ) ) ;
#586 = CARTESIAN_POINT ( 'NONE',  ( 4.899055215567838850, 4.520289855072463503, 2.379489425989500084 ) ) ;
#587 = FACE_BOUND ( 'NONE', #1468, .T. ) ;
#588 = CARTESIAN_POINT ( 'NONE',  ( 0.1409917665965253197, 2.400000000000000355, -5.130826026814371055 ) ) ;
#589 = ORIENTED_EDGE ( 'NONE', *, *, #2028, .F. ) ;
#590 = CARTESIAN_POINT ( 'NONE',  ( -3.299999999999998490, 6.241666666666667140, -0.8842323350227073719 ) ) ;
#591 = B_SPLINE_CURVE_WITH_KNOTS ( 'NONE', 3,
 ( #1695, #2049, #1496, #1083 ),
 .UNSPECIFIED., .F., .F.,
 ( 4, 4 ),
 ( 0.000000000000000000, 0.001431666518254448963 ),
 .UNSPECIFIED. ) ;
#592 = CARTESIAN_POINT ( 'NONE',  ( -4.653657836759942730E-16, 8.700000000000001066, -3.799999999999999378 ) ) ;
#593 = CARTESIAN_POINT ( 'NONE',  ( 3.799999999999999822, 8.650000000000002132, 2.326828918379970872E-16 ) ) ;
#594 = CARTESIAN_POINT ( 'NONE',  ( -1.018206931238266222, 7.608333333333333393, -3.800000000000000266 ) ) ;
#595 = CYLINDRICAL_SURFACE ( 'NONE', #1723, 3.799999999999999822 ) ;
#596 = CARTESIAN_POINT ( 'NONE',  ( -4.508895102646462760, 4.520289855072464391, -2.971508868122513025 ) ) ;
#597 = EDGE_CURVE ( 'NONE', #615, #449, #1091, .T. ) ;
#598 = CARTESIAN_POINT ( 'NONE',  ( -4.514975293466485518, 2.400000000000000355, -2.710520090635311963 ) ) ;
#599 = CARTESIAN_POINT ( 'NONE',  ( -1.900000000000001688, 5.083333333333333925, 3.290896534380867156 ) ) ;
#600 = CARTESIAN_POINT ( 'NONE',  ( -3.290896534380867156, 5.733333333333333393, -1.900000000000002132 ) ) ;
#601 = ORIENTED_EDGE ( 'NONE', *, *, #995, .T. ) ;
#602 = CARTESIAN_POINT ( 'NONE',  ( 1.018206931238266222, 7.608333333333333393, 3.800000000000000266 ) ) ;
#603 = CARTESIAN_POINT ( 'NONE',  ( 4.345721529175557762, 2.400008418351982975, -3.282897550097823025 ) ) ;
#604 = CARTESIAN_POINT ( 'NONE',  ( -1.649999999999999467, 3.116666666666666696, -2.857883832488647524 ) ) ;
#605 = CARTESIAN_POINT ( 'NONE',  ( 4.781585799167380024, 10.10000000000000142, -1.461655652060645849 ) ) ;
#606 = CARTESIAN_POINT ( 'NONE',  ( -1.900000000000000133, 7.816666666666666430, -3.290896534380868044 ) ) ;
#607 = CARTESIAN_POINT ( 'NONE',  ( -3.799999999999999822, 8.666666666666667851, 6.980486755139912122E-16 ) ) ;
#608 = CARTESIAN_POINT ( 'NONE',  ( -1.412320148355253879, 7.310144927536232018, -5.225111107286263490 ) ) ;
#609 = CONICAL_SURFACE ( 'NONE', #1162, 2.049999999999999822, 0.03259714511795269720 ) ;
#610 = CARTESIAN_POINT ( 'NONE',  ( 1.900000000000000133, 2.816666666666666874, 3.290896534380868044 ) ) ;
#611 = VECTOR ( 'NONE', #257, 1000.000000000000000 ) ;
#612 = EDGE_CURVE ( 'NONE', #1169, #1574, #1555, .T. ) ;
#613 = CYLINDRICAL_SURFACE ( 'NONE', #916, 3.799999999999999822 ) ;
#614 = CARTESIAN_POINT ( 'NONE',  ( -2.781793068761734489, 6.774999999999999467, 2.781793068761733156 ) ) ;
#615 = VERTEX_POINT ( 'NONE', #2122 ) ;
#616 = CARTESIAN_POINT ( 'NONE',  ( -3.800000000000001155, 6.358333333333334281, 1.018206931238264668 ) ) ;
#617 = CONICAL_SURFACE ( 'NONE', #1957, 1.949999999999999956, 0.03123983343026822193 ) ;
#618 = CARTESIAN_POINT ( 'NONE',  ( 3.882425733115665967, 2.400008418351982975, -3.819618090911646835 ) ) ;
#619 = B_SPLINE_CURVE_WITH_KNOTS ( 'NONE', 1,
 ( #445, #2174 ),
 .UNSPECIFIED., .F., .F.,
 ( 2, 2 ),
 ( 0.000000000000000000, 1.000000000000000000 ),
 .UNSPECIFIED. ) ;
#620 = CARTESIAN_POINT ( 'NONE',  ( 3.290896534380867600, 3.833333333333333481, 1.900000000000000799 ) ) ;
#621 = EDGE_CURVE ( 'NONE', #2367, #1886, #719, .T. ) ;
#622 = ORIENTED_EDGE ( 'NONE', *, *, #1487, .T. ) ;
#623 = CARTESIAN_POINT ( 'NONE',  ( -1.777861051681509652, 4.520289855072464391, -4.673244063914691715 ) ) ;
#624 = ADVANCED_FACE ( 'NONE', ( #2337 ), #1356, .T. ) ;
#625 = DIRECTION ( 'NONE',  ( 0.000000000000000000, 0.000000000000000000, -1.000000000000000000 ) ) ;
#626 = DIRECTION ( 'NONE',  ( 0.000000000000000000, 0.000000000000000000, -1.000000000000000000 ) ) ;
#627 = ORIENTED_EDGE ( 'NONE', *, *, #1716, .T. ) ;
#628 = CARTESIAN_POINT ( 'NONE',  ( -1.018206931238269775, 7.191666666666666430, 3.800000000000000266 ) ) ;
#629 = B_SPLINE_CURVE_WITH_KNOTS ( 'NONE', 3,
 ( #388, #598, #584, #284 ),
 .UNSPECIFIED., .F., .F.,
 ( 4, 4 ),
 ( 0.000000000000000000, 1.000000000000000000 ),
 .UNSPECIFIED. ) ;
#630 = CARTESIAN_POINT ( 'NONE',  ( 0.000000000000000000, 1.084202172485504434E-16, 1.949999999999999956 ) ) ;
#631 = ORIENTED_EDGE ( 'NONE', *, *, #633, .F. ) ;
#632 = CARTESIAN_POINT ( 'NONE',  ( 1.900000000000000133, 3.416666666666666963, 3.290896534380868044 ) ) ;
#633 = EDGE_CURVE ( 'NONE', #1563, #19, #236, .T. ) ;
#634 = DIRECTION ( 'NONE',  ( 0.000000000000000000, 0.000000000000000000, -1.000000000000000000 ) ) ;
#635 = CARTESIAN_POINT ( 'NONE',  ( 2.024006974626720190, 2.400008418351983419, 5.006335562730725997 ) ) ;
#636 = CARTESIAN_POINT ( 'NONE',  ( -0.6702119118186444791, 2.400008418351982975, -5.404954017087902685 ) ) ;
#637 = EDGE_LOOP ( 'NONE', ( #921, #1459 ) ) ;
#638 = CARTESIAN_POINT ( 'NONE',  ( -3.290896534380867156, 5.733333333333333393, -1.900000000000002132 ) ) ;
#639 = CARTESIAN_POINT ( 'NONE',  ( 3.323610289880922330, 2.400008418351983863, -4.256009238828981189 ) ) ;
#640 = ORIENTED_EDGE ( 'NONE', *, *, #299, .T. ) ;
#641 = EDGE_CURVE ( 'NONE', #1916, #1292, #1399, .T. ) ;
#642 = CARTESIAN_POINT ( 'NONE',  ( -2.415767664977294782, 8.325000000000001066, -2.415767664977294782 ) ) ;
#643 = CARTESIAN_POINT ( 'NONE',  ( -1.900000000000002132, 7.583333333333333037, 3.290896534380866711 ) ) ;
#644 = B_SPLINE_CURVE_WITH_KNOTS ( 'NONE', 3,
 ( #1950, #848, #1578, #140 ),
 .UNSPECIFIED., .F., .F.,
 ( 4, 4 ),
 ( 0.000000000000000000, 1.000000000000000000 ),
 .UNSPECIFIED. ) ;
#645 = ADVANCED_FACE ( 'NONE', ( #1676 ), #1093, .T. ) ;
#646 = CARTESIAN_POINT ( 'NONE',  ( 1.049999999999999600, 10.10000000000000142, 5.296933074902872463 ) ) ;
#647 = ORIENTED_EDGE ( 'NONE', *, *, #1027, .T. ) ;
#648 = CIRCLE ( 'NONE', #1795, 5.000000000000000000 ) ;
#649 = CARTESIAN_POINT ( 'NONE',  ( 1.049999999999999600, 10.10000000000000142, 5.296933074902872463 ) ) ;
#650 = PRODUCT ( 'male luer lock 37', 'male luer lock 37', '', ( #1453 ) ) ;
#651 = ORIENTED_EDGE ( 'NONE', *, *, #564, .T. ) ;
#652 = CARTESIAN_POINT ( 'NONE',  ( 4.322542418588274593, 7.310144927536232906, -3.334235347847669839 ) ) ;
#653 = AXIS2_PLACEMENT_3D ( 'NONE', #374, #737, #1084 ) ;
#654 = ORIENTED_EDGE ( 'NONE', *, *, #961, .T. ) ;
#655 = CARTESIAN_POINT ( 'NONE',  ( -2.781793068761733601, 3.624999999999999556, -2.781793068761733601 ) ) ;
#656 = CARTESIAN_POINT ( 'NONE',  ( 0.000000000000000000, 14.89999999999999680, 0.000000000000000000 ) ) ;
#657 = B_SPLINE_CURVE_WITH_KNOTS ( 'NONE', 3,
 ( #2276, #30, #1110, #582 ),
 .UNSPECIFIED., .F., .F.,
 ( 4, 4 ),
 ( 0.000000000000000000, 1.000000000000000000 ),
 .UNSPECIFIED. ) ;
#658 = VERTEX_POINT ( 'NONE', #2014 ) ;
#659 = VERTEX_POINT ( 'NONE', #1078 ) ;
#660 = EDGE_CURVE ( 'NONE', #845, #1451, #2110, .T. ) ;
#661 = CARTESIAN_POINT ( 'NONE',  ( 0.000000000000000000, 10.10000000000000142, -2.475000000000000089 ) ) ;
#662 = FACE_OUTER_BOUND ( 'NONE', #1255, .T. ) ;
#663 = EDGE_LOOP ( 'NONE', ( #1592, #1612, #167, #506 ) ) ;
#664 = CARTESIAN_POINT ( 'NONE',  ( 2.415767664977295226, 7.075000000000000178, -2.415767664977294338 ) ) ;
#665 = CARTESIAN_POINT ( 'NONE',  ( 0.8842323350227047074, 2.908333333333333659, 3.299999999999999378 ) ) ;
#666 = CARTESIAN_POINT ( 'NONE',  ( -4.781585799167362261, 10.10000000000000142, -1.461655652060710020 ) ) ;
#667 = EDGE_LOOP ( 'NONE', ( #1034, #1993, #2040, #2323 ) ) ;
#668 = CARTESIAN_POINT ( 'NONE',  ( 4.827849718688048242, 4.520289855072464391, -2.419063267829870245 ) ) ;
#669 = ADVANCED_FACE ( 'NONE', ( #1653 ), #595, .F. ) ;
#670 = CARTESIAN_POINT ( 'NONE',  ( 1.018206931238487378, 7.791666666666616337, -3.799999999999874589 ) ) ;
#671 = CARTESIAN_POINT ( 'NONE',  ( 1.018206931238267554, 4.691666666666667318, -3.799999999999999822 ) ) ;
#672 = CARTESIAN_POINT ( 'NONE',  ( -3.656623825853357879, 10.10000000000000142, 3.410146946423505465 ) ) ;
#673 = CARTESIAN_POINT ( 'NONE',  ( -1.018206931238267332, 5.291666666666665186, 3.800000000000000266 ) ) ;
#674 = CARTESIAN_POINT ( 'NONE',  ( 9.107298248878237246E-15, 10.10000000000000142, 3.469446951953614189E-15 ) ) ;
#675 = CARTESIAN_POINT ( 'NONE',  ( 2.388061258337338643E-16, 1.084202172485504434E-16, -1.949999999999999956 ) ) ;
#676 = DIRECTION ( 'NONE',  ( 0.000000000000000000, 0.000000000000000000, -1.000000000000000000 ) ) ;
#677 = ORIENTED_EDGE ( 'NONE', *, *, #681, .T. ) ;
#678 = CARTESIAN_POINT ( 'NONE',  ( -3.290896534380867600, 8.833333333333333925, -1.900000000000000799 ) ) ;
#679 = CARTESIAN_POINT ( 'NONE',  ( -4.418579061488547843, 2.322925597101828110, 2.340138452699964233 ) ) ;
#680 = CARTESIAN_POINT ( 'NONE',  ( 0.1826701823332504138, 2.322925597101828554, -4.996670942229070711 ) ) ;
#681 = EDGE_CURVE ( 'NONE', #1935, #658, #2107, .T. ) ;
#682 = AXIS2_PLACEMENT_3D ( 'NONE', #1797, #2377, #349 ) ;
#683 = CARTESIAN_POINT ( 'NONE',  ( 1.018206931238266222, 7.608333333333332504, 3.799999999999999822 ) ) ;
#684 = CARTESIAN_POINT ( 'NONE',  ( -3.299999999999999378, 8.949999999999999289, -2.020667218593132508E-16 ) ) ;
#685 = VERTEX_POINT ( 'NONE', #2176 ) ;
#686 = AXIS2_PLACEMENT_3D ( 'NONE', #536, #712, #1252 ) ;
#687 = CARTESIAN_POINT ( 'NONE',  ( 0.000000000000000000, 10.10000000000000142, 0.000000000000000000 ) ) ;
#688 = CARTESIAN_POINT ( 'NONE',  ( 1.730520387451902398, 4.966672278919507022, 4.701489933063476734 ) ) ;
#689 = CARTESIAN_POINT ( 'NONE',  ( -5.014608626318395324, 2.400000000000000355, -2.124313512276870153 ) ) ;
#690 = STYLED_ITEM ( 'NONE', ( #1859 ), #822 ) ;
#691 = CARTESIAN_POINT ( 'NONE',  ( -0.7262613041380018286, 7.310144927536232906, -5.410549217357107032 ) ) ;
#692 = CARTESIAN_POINT ( 'NONE',  ( 2.781793068761731824, 6.124999999999999112, 2.781793068761735377 ) ) ;
#693 = CARTESIAN_POINT ( 'NONE',  ( -2.024006974626720190, 2.400008418351983419, -5.006335562730725997 ) ) ;
#694 = CARTESIAN_POINT ( 'NONE',  ( 3.290896534380867600, 8.233333333333334281, 1.900000000000000799 ) ) ;
#695 = ORIENTED_EDGE ( 'NONE', *, *, #890, .F. ) ;
#696 = EDGE_CURVE ( 'NONE', #268, #2384, #701, .T. ) ;
#697 = CARTESIAN_POINT ( 'NONE',  ( 2.019985367551352606, 2.400000000000000355, 4.718571130179364914 ) ) ;
#698 = CARTESIAN_POINT ( 'NONE',  ( -1.900000000000000133, 7.816666666666666430, -3.290896534380868044 ) ) ;
#699 = CARTESIAN_POINT ( 'NONE',  ( 0.000000000000000000, 2.400000000000000799, 0.000000000000000000 ) ) ;
#700 = CARTESIAN_POINT ( 'NONE',  ( 2.449293598294706414E-16, 19.89999999999999858, 1.649999999999999911 ) ) ;
#701 = B_SPLINE_CURVE_WITH_KNOTS ( 'NONE', 3,
 ( #1416, #2189, #516, #1237 ),
 .UNSPECIFIED., .F., .F.,
 ( 4, 4 ),
 ( 0.000000000000000000, 1.000000000000000000 ),
 .UNSPECIFIED. ) ;
#702 = CARTESIAN_POINT ( 'NONE',  ( 1.900000000000000133, 2.816666666666666874, 3.290896534380868044 ) ) ;
#703 =( LENGTH_UNIT ( ) NAMED_UNIT ( * ) SI_UNIT ( .MILLI., .METRE. ) );
#704 = ORIENTED_EDGE ( 'NONE', *, *, #535, .T. ) ;
#705 = DIRECTION ( 'NONE',  ( 0.000000000000000000, 0.000000000000000000, -1.000000000000000000 ) ) ;
#706 = EDGE_CURVE ( 'NONE', #1708, #2172, #2187, .T. ) ;
#707 = CARTESIAN_POINT ( 'NONE',  ( 4.422976227144284955, 2.400000000000000799, -2.331797867336812935 ) ) ;
#708 = CARTESIAN_POINT ( 'NONE',  ( -3.392280250236273442, 8.700000000000002842, -0.7168754176809408740 ) ) ;
#709 = CARTESIAN_POINT ( 'NONE',  ( 4.062278605011893973, 10.10000000000000142, 3.557793211425117619 ) ) ;
#710 = CARTESIAN_POINT ( 'NONE',  ( 3.539989543092248780, 4.520289855072464391, -4.077802598802144907 ) ) ;
#711 = EDGE_CURVE ( 'NONE', #2381, #1874, #2265, .T. ) ;
#712 = DIRECTION ( 'NONE',  ( -0.000000000000000000, -1.000000000000000000, -0.000000000000000000 ) ) ;
#713 = CARTESIAN_POINT ( 'NONE',  ( -2.857883832488648412, 6.866666666666667140, 1.649999999999997691 ) ) ;
#714 = ORIENTED_EDGE ( 'NONE', *, *, #1722, .F. ) ;
#715 = ORIENTED_EDGE ( 'NONE', *, *, #856, .F. ) ;
#716 = EDGE_CURVE ( 'NONE', #1369, #470, #112, .T. ) ;
#717 = CARTESIAN_POINT ( 'NONE',  ( 2.857883832488647080, 8.533333333333333215, 1.650000000000000133 ) ) ;
#718 = CARTESIAN_POINT ( 'NONE',  ( -5.328135777188650835, 3.461315189598770825, -0.8891719629338670217 ) ) ;
#719 = CIRCLE ( 'NONE', #867, 2.350000000000000089 ) ;
#720 = CARTESIAN_POINT ( 'NONE',  ( -2.952809531840709489, 2.400000000000000799, 4.034961693581569975 ) ) ;
#722 = CARTESIAN_POINT ( 'NONE',  ( 0.8842323350227033751, 5.408333333333333215, 3.300000000000000711 ) ) ;
#721 = CARTESIAN_POINT ( 'NONE',  ( 2.781793068761731824, 5.524999999999999467, 2.781793068761735377 ) ) ;
#723 = CARTESIAN_POINT ( 'NONE',  ( -5.249368388378022665, 2.400000000000000355, -1.450551505229560778 ) ) ;
#724 = CIRCLE ( 'NONE', #532, 2.475000000000000089 ) ;
#725 = CARTESIAN_POINT ( 'NONE',  ( 2.024006974623380639, 2.400008418379260711, 5.006335562732077804 ) ) ;
#726 = LINE ( 'NONE', #1835, #1992 ) ;
#727 = CARTESIAN_POINT ( 'NONE',  ( -3.300000000000000711, 6.658333333333334103, 0.8842323350227032641 ) ) ;
#728 = EDGE_CURVE ( 'NONE', #978, #268, #1455, .T. ) ;
#729 = ORIENTED_EDGE ( 'NONE', *, *, #1969, .F. ) ;
#730 = CARTESIAN_POINT ( 'NONE',  ( -3.299999999999999378, 6.450000000000001066, -6.062001655779396539E-16 ) ) ;
#731 = CARTESIAN_POINT ( 'NONE',  ( -0.3189546160415455689, 4.520289855072464391, 5.390572135952341526 ) ) ;
#732 = ORIENTED_EDGE ( 'NONE', *, *, #2336, .T. ) ;
#733 = CARTESIAN_POINT ( 'NONE',  ( 2.857883832488646636, 6.033333333333333215, 1.650000000000001243 ) ) ;
#734 = VERTEX_POINT ( 'NONE', #2327 ) ;
#735 = EDGE_LOOP ( 'NONE', ( #1273, #38, #1704, #146, #1883, #2165 ) ) ;
#736 = PLANE ( 'NONE',  #1323 ) ;
#737 = DIRECTION ( 'NONE',  ( -0.000000000000000000, -1.000000000000000000, -0.000000000000000000 ) ) ;
#738 = CARTESIAN_POINT ( 'NONE',  ( -5.231239030683752844, 7.310144927536232018, -1.389450426890936452 ) ) ;
#739 = EDGE_LOOP ( 'NONE', ( #519, #2363, #1397, #1391, #2333, #1297, #989, #1743, #2127, #538, #763, #1236, #329, #346, #704, #2030, #425, #1738, #1517, #1233, #495, #2243, #1801, #870 ) ) ;
#740 = CARTESIAN_POINT ( 'NONE',  ( 0.000000000000000000, 7.700000000000000178, 3.299999999999999378 ) ) ;
#741 = CARTESIAN_POINT ( 'NONE',  ( -3.139070231217448992, 8.700000000000002842, -1.017957800443822114 ) ) ;
#742 = EDGE_CURVE ( 'NONE', #1338, #1777, #381, .T. ) ;
#743 = CARTESIAN_POINT ( 'NONE',  ( 0.000000000000000000, 2.700000000000000178, -3.299999999999999378 ) ) ;
#744 = EDGE_LOOP ( 'NONE', ( #784, #920, #729, #715, #314, #1317 ) ) ;
#745 = CARTESIAN_POINT ( 'NONE',  ( -0.6876798516447465426, 7.310144927536232906, 5.368755042519480547 ) ) ;
#746 = CARTESIAN_POINT ( 'NONE',  ( 1.050000000000000044, 10.10000000000000142, 5.296933074902872463 ) ) ;
#747 = DIRECTION ( 'NONE',  ( 0.000000000000000000, 1.000000000000000000, 0.000000000000000000 ) ) ;
#748 = B_SPLINE_CURVE_WITH_KNOTS ( 'NONE', 1,
 ( #1186, #1379 ),
 .UNSPECIFIED., .F., .F.,
 ( 2, 2 ),
 ( 0.8333333333333350357, 1.000000000000000000 ),
 .UNSPECIFIED. ) ;
#749 = CARTESIAN_POINT ( 'NONE',  ( 1.650000000000000799, 4.783333333333334103, -2.857883832488646636 ) ) ;
#750 = CARTESIAN_POINT ( 'NONE',  ( 4.653657836759942730E-16, 0.000000000000000000, 3.799999999999999822 ) ) ;
#751 = ORIENTED_EDGE ( 'NONE', *, *, #1917, .T. ) ;
#752 = CARTESIAN_POINT ( 'NONE',  ( -0.6876798516447465426, 7.310144927536232018, 5.368755042519479659 ) ) ;
#753 = CARTESIAN_POINT ( 'NONE',  ( 4.936869911395718624, 4.966672278919507022, 0.8520703492315239158 ) ) ;
#754 = AXIS2_PLACEMENT_3D ( 'NONE', #462, #1545, #2274 ) ;
#755 = CARTESIAN_POINT ( 'NONE',  ( 2.415767664977295226, 7.075000000000000178, -2.415767664977294338 ) ) ;
#756 = FACE_OUTER_BOUND ( 'NONE', #1726, .T. ) ;
#757 = AXIS2_PLACEMENT_3D ( 'NONE', #687, #508, #1207 ) ;
#758 = DIRECTION ( 'NONE',  ( 0.000000000000000000, 0.000000000000000000, -1.000000000000000000 ) ) ;
#759 = DIRECTION ( 'NONE',  ( 0.000000000000000000, 0.5144957554275253475, -0.8574929257125447624 ) ) ;
#760 = CARTESIAN_POINT ( 'NONE',  ( 4.062278605011893973, 10.10000000000000142, 3.557793211425118507 ) ) ;
#761 = CARTESIAN_POINT ( 'NONE',  ( -2.857883832488646636, 6.033333333333333215, -1.650000000000001243 ) ) ;
#762 = CARTESIAN_POINT ( 'NONE',  ( -4.827849718688064229, 4.520289855072464391, 2.419063267829835606 ) ) ;
#763 = ORIENTED_EDGE ( 'NONE', *, *, #1220, .T. ) ;
#764 = CARTESIAN_POINT ( 'NONE',  ( 1.018206931238266222, 2.608333333333333393, 3.800000000000000266 ) ) ;
#765 = CARTESIAN_POINT ( 'NONE',  ( -4.936078603275698029, 4.520289855072464391, -0.7969491968022965889 ) ) ;
#766 = CARTESIAN_POINT ( 'NONE',  ( 1.900000000000002132, 6.983333333333333393, -3.290896534380866711 ) ) ;
#767 = VERTEX_POINT ( 'NONE', #1658 ) ;
#768 = CARTESIAN_POINT ( 'NONE',  ( 4.653657836759943716E-16, 4.899999999999999467, -3.800000000000000711 ) ) ;
#769 = DIRECTION ( 'NONE',  ( 0.000000000000000000, -0.9903417466743302811, -0.1386478445344062616 ) ) ;
#770 = CARTESIAN_POINT ( 'NONE',  ( -1.049999999999999600, 10.10000000000000142, -5.296933074902872463 ) ) ;
#771 = CARTESIAN_POINT ( 'NONE',  ( 2.781793068761733601, 3.024999999999999911, 2.781793068761733601 ) ) ;
#772 = CARTESIAN_POINT ( 'NONE',  ( -3.799999999999999822, 4.041666666666666075, -1.018206931238267332 ) ) ;
#773 = CARTESIAN_POINT ( 'NONE',  ( -3.799999999999999822, 5.941666666666667318, -1.018206931238269553 ) ) ;
#774 = ORIENTED_EDGE ( 'NONE', *, *, #214, .F. ) ;
#775 = CARTESIAN_POINT ( 'NONE',  ( 0.8842323350227057066, 4.991666666666667140, -3.299999999999999378 ) ) ;
#776 = FILL_AREA_STYLE_COLOUR ( '', #1206 ) ;
#777 = DIRECTION ( 'NONE',  ( 0.000000000000000000, 0.000000000000000000, -1.000000000000000000 ) ) ;
#778 = CARTESIAN_POINT ( 'NONE',  ( -1.124961973314053232, 10.10000000000000142, -4.871802598484195279 ) ) ;
#779 = CARTESIAN_POINT ( 'NONE',  ( -1.900000000000000133, 2.816666666666666874, -3.290896534380868044 ) ) ;
#780 = CARTESIAN_POINT ( 'NONE',  ( 4.659598147730417139, 2.361466416120652223, 2.729133749934709474 ) ) ;
#781 =( BOUNDED_SURFACE ( )  B_SPLINE_SURFACE ( 3, 2, ( 
 ( #760, #16, #931, #1497, #2240 ),
 ( #2215, #2026, #586, #1303, #2378 ),
 ( #2050, #1115, #401, #1443, #2203 ),
 ( #2252, #984, #130, #1941, #2303 ) ),
 .UNSPECIFIED., .F., .F., .F. ) 
 B_SPLINE_SURFACE_WITH_KNOTS ( ( 4, 4 ),
 ( 3, 2, 3 ),
 ( 0.000000000000000000, 1.000000000000000000 ),
 ( 0.000000000000000000, 0.02173913043478260809, 0.03000283320694692446 ),
 .UNSPECIFIED. ) 
 GEOMETRIC_REPRESENTATION_ITEM ( )  RATIONAL_B_SPLINE_SURFACE ( (
 ( 1.000000000000000000, 0.9976687691905391508, 1.000000000000000000, 0.9991138284688759752, 0.9989013782864812896),
 ( 0.9872756882596137595, 0.9849741207577112911, 0.9872756882596137595, 0.9864007926513072011, 0.9861910457512625960),
 ( 0.9872756882596137595, 0.9849741207577112911, 0.9872756882596137595, 0.9864007926513072011, 0.9861910457512625960),
 ( 1.000000000000000000, 0.9976687691905391508, 1.000000000000000000, 0.9991138284688759752, 0.9989013782864812896) ) ) 
 REPRESENTATION_ITEM ( '' )  SURFACE ( )  );
#782 = EDGE_CURVE ( 'NONE', #296, #796, #591, .T. ) ;
#783 = CARTESIAN_POINT ( 'NONE',  ( 2.925586354552479840, 8.700000000000009948, 2.425203716849103408 ) ) ;
#784 = ORIENTED_EDGE ( 'NONE', *, *, #861, .F. ) ;
#785 = FACE_OUTER_BOUND ( 'NONE', #1685, .T. ) ;
#786 = CARTESIAN_POINT ( 'NONE',  ( -3.800000000000001155, 6.358333333333335169, 1.018206931238264445 ) ) ;
#787 = ORIENTED_EDGE ( 'NONE', *, *, #2258, .T. ) ;
#788 = EDGE_CURVE ( 'NONE', #1954, #685, #726, .T. ) ;
#789 = CARTESIAN_POINT ( 'NONE',  ( 1.018206931238267332, 4.691666666666667318, -3.800000000000000266 ) ) ;
#790 = CARTESIAN_POINT ( 'NONE',  ( 4.075406394607446359, 4.520289855072463503, -3.613000782226732710 ) ) ;
#791 = ADVANCED_FACE ( 'NONE', ( #2025, #1871 ), #736, .T. ) ;
#792 = CARTESIAN_POINT ( 'NONE',  ( -3.290896534380867600, 8.233333333333334281, -1.900000000000000799 ) ) ;
#793 = VERTEX_POINT ( 'NONE', #400 ) ;
#794 = CARTESIAN_POINT ( 'NONE',  ( 0.000000000000000000, 1.084202172485504434E-16, 0.000000000000000000 ) ) ;
#795 = EDGE_LOOP ( 'NONE', ( #189, #1341, #1720, #1550 ) ) ;
#796 = VERTEX_POINT ( 'NONE', #1290 ) ;
#797 = CONICAL_SURFACE ( 'NONE', #1488, 2.350000000000000089, 0.1390959414820713280 ) ;
#798 =( BOUNDED_SURFACE ( )  B_SPLINE_SURFACE ( 1, 2, ( 
 ( #1007, #2309, #1750, #102, #1551 ),
 ( #1154, #1908, #1318, #1718, #71 ) ),
 .UNSPECIFIED., .F., .F., .T. ) 
 B_SPLINE_SURFACE_WITH_KNOTS ( ( 2, 2 ),
 ( 3, 2, 3 ),
 ( 0.000000000000000000, 1.000000000000000000 ),
 ( 0.000000000000000000, 0.02173913043478260809, 0.03000283320694753508 ),
 .UNSPECIFIED. ) 
 GEOMETRIC_REPRESENTATION_ITEM ( )  RATIONAL_B_SPLINE_SURFACE ( (
 ( 1.000000000000000000, 0.9976687691905391508, 1.000000000000000000, 0.9991138284688758642, 0.9989013782864812896),
 ( 1.000000000000000000, 0.9976687691905391508, 1.000000000000000000, 0.9991138284688758642, 0.9989013782864812896) ) ) 
 REPRESENTATION_ITEM ( '' )  SURFACE ( )  );
#799 = CARTESIAN_POINT ( 'NONE',  ( -3.290896534380867156, 6.333333333333333037, -1.900000000000002132 ) ) ;
#800 = DIRECTION ( 'NONE',  ( -0.000000000000000000, -1.000000000000000000, -0.000000000000000000 ) ) ;
#801 = ORIENTED_EDGE ( 'NONE', *, *, #145, .T. ) ;
#802 = CARTESIAN_POINT ( 'NONE',  ( -2.415767664977293450, 5.825000000000001066, -2.415767664977296114 ) ) ;
#803 = AXIS2_PLACEMENT_3D ( 'NONE', #1627, #1262, #2015 ) ;
#804 = CARTESIAN_POINT ( 'NONE',  ( -1.018206931238267554, 4.691666666666667318, 3.799999999999999822 ) ) ;
#805 = ORIENTED_EDGE ( 'NONE', *, *, #145, .F. ) ;
#806 = DIRECTION ( 'NONE',  ( 0.000000000000000000, -1.000000000000000000, 0.000000000000000000 ) ) ;
#807 = CARTESIAN_POINT ( 'NONE',  ( 3.299999999999999378, 8.741666666666665364, 0.8842323350227053735 ) ) ;
#808 = CARTESIAN_POINT ( 'NONE',  ( 3.587164260729196474, 8.700000000000001066, 0.3714294967108624501 ) ) ;
#809 = B_SPLINE_CURVE_WITH_KNOTS ( 'NONE', 3,
 ( #1121, #385, #1634, #1876 ),
 .UNSPECIFIED., .F., .F.,
 ( 4, 4 ),
 ( 0.000000000000000000, 1.000000000000000000 ),
 .UNSPECIFIED. ) ;
#810 = EDGE_CURVE ( 'NONE', #1022, #2367, #1114, .T. ) ;
#811 = CARTESIAN_POINT ( 'NONE',  ( 4.657020788609830930, 2.400007235111831339, 2.733524716269436716 ) ) ;
#812 = CARTESIAN_POINT ( 'NONE',  ( 1.869900765434512557, 8.700000000000001066, 3.320379372602162871 ) ) ;
#813 = ORIENTED_EDGE ( 'NONE', *, *, #39, .T. ) ;
#814 = CARTESIAN_POINT ( 'NONE',  ( -2.857883832488648412, 6.866666666666667140, 1.649999999999997691 ) ) ;
#815 = CARTESIAN_POINT ( 'NONE',  ( 0.000000000000000000, 0.000000000000000000, 0.000000000000000000 ) ) ;
#816 = ADVANCED_FACE ( 'NONE', ( #2058 ), #1013, .T. ) ;
#817 = VERTEX_POINT ( 'NONE', #1680 ) ;
#818 = FACE_BOUND ( 'NONE', #477, .T. ) ;
#819 = CARTESIAN_POINT ( 'NONE',  ( 3.800000000000000266, 4.041666666666666075, 1.018206931238267332 ) ) ;
#820 = CARTESIAN_POINT ( 'NONE',  ( -3.800000000000000266, 3.858333333333332948, 1.018206931238265778 ) ) ;
#821 = CARTESIAN_POINT ( 'NONE',  ( 0.000000000000000000, 14.89999999999999680, -1.975000000000000089 ) ) ;
#822 = ADVANCED_BREP_SHAPE_REPRESENTATION ( 'male luer lock 37', ( #2125, #1601 ), #149 ) ;
#823 = CARTESIAN_POINT ( 'NONE',  ( -3.139070231217448992, 8.700000000000002842, -1.017957800443822114 ) ) ;
#824 = EDGE_LOOP ( 'NONE', ( #113, #437 ) ) ;
#825 = CARTESIAN_POINT ( 'NONE',  ( -1.018206931238266222, 2.608333333333332948, -3.799999999999999822 ) ) ;
#826 = ORIENTED_EDGE ( 'NONE', *, *, #125, .F. ) ;
#827 = CARTESIAN_POINT ( 'NONE',  ( -3.290896534380867600, 3.833333333333333481, -1.900000000000000799 ) ) ;
#828 = CARTESIAN_POINT ( 'NONE',  ( -2.857883832488647080, 8.533333333333333215, -1.650000000000000133 ) ) ;
#829 = LINE ( 'NONE', #675, #905 ) ;
#830 = VECTOR ( 'NONE', #1860, 1000.000000000000000 ) ;
#831 = ORIENTED_EDGE ( 'NONE', *, *, #263, .T. ) ;
#832 = CARTESIAN_POINT ( 'NONE',  ( 2.510525938252073693E-16, 12.60000000000000142, 2.049999999999999822 ) ) ;
#833 = CARTESIAN_POINT ( 'NONE',  ( 1.018206931238377244, 5.291666666666639429, -3.799999999999936318 ) ) ;
#834 = CARTESIAN_POINT ( 'NONE',  ( 3.300000000000000711, 6.658333333333334103, -0.8842323350227032641 ) ) ;
#835 = ORIENTED_EDGE ( 'NONE', *, *, #324, .F. ) ;
#836 = CARTESIAN_POINT ( 'NONE',  ( 0.6675948459305468541, 2.400000000000000355, 5.404935216566785883 ) ) ;
#837 = DIRECTION ( 'NONE',  ( -0.000000000000000000, -1.000000000000000000, -0.000000000000000000 ) ) ;
#838 = EDGE_CURVE ( 'NONE', #470, #1818, #985, .T. ) ;
#839 = ORIENTED_EDGE ( 'NONE', *, *, #1127, .T. ) ;
#840 = CARTESIAN_POINT ( 'NONE',  ( 4.993318179340052509, 7.310144927536232018, -2.088829300064666050 ) ) ;
#841 =( BOUNDED_SURFACE ( )  B_SPLINE_SURFACE ( 1, 2, ( 
 ( #2341, #1041, #1788, #1585, #2313, #2131, #1949, #138, #1753, #105, #1373, #450, #1001, #308, #857, #118, #1927, #1205, #1960, #834, #2320, #664, #1776, #1768, #1972, #471, #1190, #1170, #1575, #2332, #684 ),
 ( #846, #494, #96, #655, #827, #1553, #461, #1939, #295, #1406, #869, #673, #1010, #127, #1603, #321, #2140, #1030, #513, #1248, #1035, #1428, #490, #1594, #1211, #1568, #121, #2173, #678, #2325, #1965 ) ),
 .UNSPECIFIED., .F., .F., .T. ) 
 B_SPLINE_SURFACE_WITH_KNOTS ( ( 2, 2 ),
 ( 3, 2, 2, 2, 2, 2, 2, 2, 2, 2, 2, 2, 2, 2, 2, 3 ),
 ( 0.000000000000000000, 1.000000000000000000 ),
 ( 0.000000000000000000, 0.04166666666666666435, 0.08333333333333332871, 0.1250000000000000000, 0.1666666666666666574, 0.2083333333333333426, 0.2500000000000000000, 0.2916666666666666852, 0.3333333333333333148, 0.3750000000000000000, 0.4166666666666666852, 0.4583333333333333148, 0.5000000000000000000, 0.5416666666666666297, 0.5833333333333333703, 0.6250000000000000000 ),
 .UNSPECIFIED. ) 
 GEOMETRIC_REPRESENTATION_ITEM ( )  RATIONAL_B_SPLINE_SURFACE ( (
 ( 1.000000000000000000, 0.9659258262890683122, 1.000000000000000000, 0.9659258262890683122, 1.000000000000000000, 0.9659258262890683122, 1.000000000000000000, 0.9659258262890683122, 1.000000000000000000, 0.9659258262890683122, 1.000000000000000000, 0.9659258262890683122, 1.000000000000000000, 0.9659258262890683122, 1.000000000000000000, 0.9659258262890683122, 1.000000000000000000, 0.9659258262890683122, 1.000000000000000000, 0.9659258262890683122, 1.000000000000000000, 0.9659258262890683122, 1.000000000000000000, 0.9659258262890683122, 1.000000000000000000, 0.9659258262890683122, 1.000000000000000000, 0.9659258262890683122, 1.000000000000000000, 0.9659258262890683122, 1.000000000000000000),
 ( 1.000000000000000000, 0.9659258262890683122, 1.000000000000000000, 0.9659258262890683122, 1.000000000000000000, 0.9659258262890683122, 1.000000000000000000, 0.9659258262890683122, 1.000000000000000000, 0.9659258262890683122, 1.000000000000000000, 0.9659258262890683122, 1.000000000000000000, 0.9659258262890683122, 1.000000000000000000, 0.9659258262890683122, 1.000000000000000000, 0.9659258262890683122, 1.000000000000000000, 0.9659258262890683122, 1.000000000000000000, 0.9659258262890683122, 1.000000000000000000, 0.9659258262890683122, 1.000000000000000000, 0.9659258262890683122, 1.000000000000000000, 0.9659258262890683122, 1.000000000000000000, 0.9659258262890683122, 1.000000000000000000) ) ) 
 REPRESENTATION_ITEM ( '' )  SURFACE ( )  );
#842 = CARTESIAN_POINT ( 'NONE',  ( 0.000000000000000000, 12.60000000000000142, 0.000000000000000000 ) ) ;
#843 = CARTESIAN_POINT ( 'NONE',  ( 4.781585799167380024, 10.10000000000000142, -1.461655652060645849 ) ) ;
#844 = CARTESIAN_POINT ( 'NONE',  ( 4.653657836759943716E-16, 5.500000000000000000, -3.800000000000000711 ) ) ;
#845 = VERTEX_POINT ( 'NONE', #2254 ) ;
#846 = CARTESIAN_POINT ( 'NONE',  ( 0.000000000000000000, 3.000000000000000000, -3.800000000000000711 ) ) ;
#847 = B_SPLINE_CURVE_WITH_KNOTS ( 'NONE', 3,
 ( #1285, #937, #1675, #1295 ),
 .UNSPECIFIED., .F., .F.,
 ( 4, 4 ),
 ( 0.000000000000000000, 1.000000000000000000 ),
 .UNSPECIFIED. ) ;
#848 = CARTESIAN_POINT ( 'NONE',  ( -0.08989160922497552164, 2.400000000000000355, 5.265343346918733403 ) ) ;
#849 = CARTESIAN_POINT ( 'NONE',  ( 0.000000000000000000, 2.400000000000000355, 0.000000000000000000 ) ) ;
#850 = ORIENTED_EDGE ( 'NONE', *, *, #706, .F. ) ;
#851 = CARTESIAN_POINT ( 'NONE',  ( -4.681605813539838401, 7.310144927536232018, 1.788725081035692055 ) ) ;
#852 = ADVANCED_FACE ( 'NONE', ( #900 ), #576, .T. ) ;
#853 = CARTESIAN_POINT ( 'NONE',  ( 0.1873810531506628074, 2.361466416093144893, -4.996489824469540153 ) ) ;
#854 =( BOUNDED_CURVE ( )  B_SPLINE_CURVE ( 2, ( #1851, #933, #1671, #2242, #600, #773, #1316, #786, #2062, #614, #945, #1305, #1141 ),
 .UNSPECIFIED., .F., .T. ) 
 B_SPLINE_CURVE_WITH_KNOTS ( ( 3, 2, 2, 2, 2, 2, 3 ),
 ( 0.2500000000000000000, 0.2916666666666666852, 0.3333333333333333148, 0.3750000000000000000, 0.4166666666666666852, 0.4583333333333333148, 0.5000000000000000000 ),
 .UNSPECIFIED. ) 
 CURVE ( )  GEOMETRIC_REPRESENTATION_ITEM ( )  RATIONAL_B_SPLINE_CURVE ( ( 1.000000000000000000, 0.9659258262890683122, 1.000000000000000000, 0.9659258262890683122, 1.000000000000000000, 0.9659258262890683122, 1.000000000000000000, 0.9659258262890683122, 1.000000000000000000, 0.9659258262890683122, 1.000000000000000000, 0.9659258262890683122, 1.000000000000000000 ) ) 
 REPRESENTATION_ITEM ( '' )  );
#855 = CARTESIAN_POINT ( 'NONE',  ( -3.889884267333200807, 7.310144927536232018, -3.160027024512578997 ) ) ;
#856 = EDGE_CURVE ( 'NONE', #307, #1325, #227, .T. ) ;
#857 = CARTESIAN_POINT ( 'NONE',  ( 1.649999999999998801, 5.616666666666667140, 2.857883832488647968 ) ) ;
#858 = EDGE_LOOP ( 'NONE', ( #1926, #1178 ) ) ;
#859 = LINE ( 'NONE', #1383, #2024 ) ;
#860 = CARTESIAN_POINT ( 'NONE',  ( 0.000000000000000000, 1.084202172485504434E-16, 0.000000000000000000 ) ) ;
#861 = EDGE_CURVE ( 'NONE', #1148, #1451, #528, .T. ) ;
#862 = FACE_OUTER_BOUND ( 'NONE', #1632, .T. ) ;
#863 = CARTESIAN_POINT ( 'NONE',  ( 4.657020788609830930, 2.400007235111831339, 2.733524716269436716 ) ) ;
#864 = CARTESIAN_POINT ( 'NONE',  ( -2.017975506167452249, 2.400000000000000799, -4.574688498303268958 ) ) ;
#865 = AXIS2_PLACEMENT_3D ( 'NONE', #355, #1439, #634 ) ;
#866 = CARTESIAN_POINT ( 'NONE',  ( 3.800000000000000711, 3.650000000000000355, 2.326828918379971858E-16 ) ) ;
#867 = AXIS2_PLACEMENT_3D ( 'NONE', #476, #1772, #512 ) ;
#868 = PRESENTATION_STYLE_ASSIGNMENT (( #1188 ) ) ;
#869 = CARTESIAN_POINT ( 'NONE',  ( -1.900000000000001688, 5.083333333333333925, 3.290896534380867156 ) ) ;
#870 = ORIENTED_EDGE ( 'NONE', *, *, #2028, .T. ) ;
#871 = VECTOR ( 'NONE', #1343, 1000.000000000000114 ) ;
#872 =( BOUNDED_CURVE ( )  B_SPLINE_CURVE ( 2, ( #514, #1821, #1773, #1781, #863 ),
 .UNSPECIFIED., .F., .F. ) 
 B_SPLINE_CURVE_WITH_KNOTS ( ( 3, 2, 3 ),
 ( 0.000000000000000000, 0.02173913043478260809, 0.03000283781252658516 ),
 .UNSPECIFIED. ) 
 CURVE ( )  GEOMETRIC_REPRESENTATION_ITEM ( )  RATIONAL_B_SPLINE_CURVE ( ( 1.000000000000000000, 0.9976687691905391508, 1.000000000000000000, 0.9991138279749891549, 0.9989013780496733830 ) ) 
 REPRESENTATION_ITEM ( '' )  );
#873 = DIRECTION ( 'NONE',  ( -0.000000000000000000, -1.000000000000000000, -0.000000000000000000 ) ) ;
#874 = DIRECTION ( 'NONE',  ( 3.825153952153638975E-18, 0.9995120760870787047, -0.03123475237772115401 ) ) ;
#875 = PRODUCT_DEFINITION_FORMATION_WITH_SPECIFIED_SOURCE ( 'ANY', '', #650, .NOT_KNOWN. ) ;
#876 = CARTESIAN_POINT ( 'NONE',  ( 0.000000000000000000, 0.000000000000000000, 0.000000000000000000 ) ) ;
#877 = CARTESIAN_POINT ( 'NONE',  ( -4.422976227144300942, 2.400007235084461232, 2.331797867336781405 ) ) ;
#878 = VERTEX_POINT ( 'NONE', #1435 ) ;
#879 = EDGE_CURVE ( 'NONE', #358, #1988, #465, .T. ) ;
#880 = CARTESIAN_POINT ( 'NONE',  ( 0.7917215462065860798, 7.310144927536232018, -4.948752105548269498 ) ) ;
#881 = CARTESIAN_POINT ( 'NONE',  ( 2.781793068761734045, 3.624999999999999556, 2.781793068761734045 ) ) ;
#882 = EDGE_LOOP ( 'NONE', ( #2298, #2074, #1533, #1985 ) ) ;
#883 = CARTESIAN_POINT ( 'NONE',  ( -2.952809531840709489, 2.400000000000000799, 4.034961693581569975 ) ) ;
#884 = EDGE_CURVE ( 'NONE', #1194, #1064, #854, .T. ) ;
#885 = CARTESIAN_POINT ( 'NONE',  ( 0.000000000000000000, 12.60000000000000142, -2.049999999999999822 ) ) ;
#886 = CARTESIAN_POINT ( 'NONE',  ( -2.415767664977294782, 4.575000000000000178, 2.415767664977294338 ) ) ;
#887 = ORIENTED_EDGE ( 'NONE', *, *, #1417, .F. ) ;
#888 = CARTESIAN_POINT ( 'NONE',  ( -4.781585799167391571, 10.10000000000000142, 1.461655652060610766 ) ) ;
#889 = CARTESIAN_POINT ( 'NONE',  ( 1.899197251767658079, 3.461315189598770825, 4.627083644869192547 ) ) ;
#890 = EDGE_CURVE ( 'NONE', #352, #978, #1198, .T. ) ;
#891 = CARTESIAN_POINT ( 'NONE',  ( 4.653657836759943716E-16, 4.899999999999999467, -3.800000000000000711 ) ) ;
#892 = CARTESIAN_POINT ( 'NONE',  ( 0.8842323350227045964, 7.908333333333333215, 3.299999999999999822 ) ) ;
#893 = ORIENTED_EDGE ( 'NONE', *, *, #2011, .F. ) ;
#894 = CARTESIAN_POINT ( 'NONE',  ( -1.650000000000001243, 7.283333333333333215, 2.857883832488646636 ) ) ;
#895 = CARTESIAN_POINT ( 'NONE',  ( -4.781585799167361372, 10.10000000000000142, -1.461655652060710242 ) ) ;
#896 = CARTESIAN_POINT ( 'NONE',  ( -3.206349523942173985, 4.966672278901218540, 3.849419583833437297 ) ) ;
#897 = CARTESIAN_POINT ( 'NONE',  ( -0.4511069818935508069, 4.520289855072464391, 4.979608668448443964 ) ) ;
#898 = CARTESIAN_POINT ( 'NONE',  ( 0.1920910333096720046, 2.400000000000000799, -4.996308740952867034 ) ) ;
#899 = EDGE_CURVE ( 'NONE', #1432, #1086, #962, .T. ) ;
#900 = FACE_OUTER_BOUND ( 'NONE', #1158, .T. ) ;
#901 = CARTESIAN_POINT ( 'NONE',  ( 0.000000000000000000, 2.550000000000000266, -3.550000000000000266 ) ) ;
#902 = CARTESIAN_POINT ( 'NONE',  ( 0.000000000000000000, 0.000000000000000000, 0.000000000000000000 ) ) ;
#903 = ORIENTED_EDGE ( 'NONE', *, *, #544, .T. ) ;
#904 = B_SPLINE_CURVE_WITH_KNOTS ( 'NONE', 3,
 ( #2357, #697, #1620, #1962 ),
 .UNSPECIFIED., .F., .F.,
 ( 4, 4 ),
 ( 0.000000000000000000, 1.000000000000000000 ),
 .UNSPECIFIED. ) ;
#905 = VECTOR ( 'NONE', #874, 1000.000000000000114 ) ;
#906 = CARTESIAN_POINT ( 'NONE',  ( -2.415767664977293450, 5.825000000000000178, -2.415767664977296114 ) ) ;
#907 = CARTESIAN_POINT ( 'NONE',  ( 4.422976227144284955, 2.400000000000000799, -2.331797867336812935 ) ) ;
#908 = AXIS2_PLACEMENT_3D ( 'NONE', #1047, #1059, #1023 ) ;
#909 = CARTESIAN_POINT ( 'NONE',  ( -3.818918882328550701, 7.310144927536232018, 3.835660680395353239 ) ) ;
#910 = EDGE_CURVE ( 'NONE', #296, #1148, #2350, .T. ) ;
#911 = AXIS2_PLACEMENT_3D ( 'NONE', #309, #873, #119 ) ;
#912 = ORIENTED_EDGE ( 'NONE', *, *, #204, .F. ) ;
#913 = CARTESIAN_POINT ( 'NONE',  ( -0.3218162531114382996, 3.461314598853480362, 4.991321225464673716 ) ) ;
#914 = ORIENTED_EDGE ( 'NONE', *, *, #782, .F. ) ;
#915 = DIRECTION ( 'NONE',  ( 0.000000000000000000, 0.000000000000000000, -1.000000000000000000 ) ) ;
#916 = AXIS2_PLACEMENT_3D ( 'NONE', #1894, #402, #626 ) ;
#917 = CARTESIAN_POINT ( 'NONE',  ( 4.230884303174409666, 2.400007235111831339, 2.664510839376041496 ) ) ;
#918 = DIRECTION ( 'NONE',  ( 0.000000000000000000, 0.000000000000000000, 1.000000000000000000 ) ) ;
#919 = CARTESIAN_POINT ( 'NONE',  ( -4.062278605011867327, 10.10000000000000142, -3.557793211425144264 ) ) ;
#920 = ORIENTED_EDGE ( 'NONE', *, *, #217, .T. ) ;
#921 = ORIENTED_EDGE ( 'NONE', *, *, #1054, .F. ) ;
#922 = CARTESIAN_POINT ( 'NONE',  ( 0.000000000000000000, 2.400000000000000355, 3.800000000000000711 ) ) ;
#923 = CARTESIAN_POINT ( 'NONE',  ( 4.041334437186265017E-16, 5.200000000000000178, -3.299999999999999378 ) ) ;
#924 =( BOUNDED_CURVE ( )  B_SPLINE_CURVE ( 2, ( #1637, #1, #1387, #721, #1582, #1401, #2153, #1246, #1368, #2013, #1077, #183, #1652 ),
 .UNSPECIFIED., .F., .T. ) 
 B_SPLINE_CURVE_WITH_KNOTS ( ( 3, 2, 2, 2, 2, 2, 3 ),
 ( 0.2500000000000000000, 0.2916666666666666852, 0.3333333333333333148, 0.3750000000000000000, 0.4166666666666666852, 0.4583333333333333148, 0.5000000000000000000 ),
 .UNSPECIFIED. ) 
 CURVE ( )  GEOMETRIC_REPRESENTATION_ITEM ( )  RATIONAL_B_SPLINE_CURVE ( ( 1.000000000000000000, 0.9659258262890683122, 1.000000000000000000, 0.9659258262890683122, 1.000000000000000000, 0.9659258262890683122, 1.000000000000000000, 0.9659258262890683122, 1.000000000000000000, 0.9659258262890683122, 1.000000000000000000, 0.9659258262890683122, 1.000000000000000000 ) ) 
 REPRESENTATION_ITEM ( '' )  );
#925 = CARTESIAN_POINT ( 'NONE',  ( -1.490165017704967898, 8.700000000000001066, -3.498361407649618116 ) ) ;
#926 = CARTESIAN_POINT ( 'NONE',  ( -3.442344559897401624, 7.533336139450609537, 3.639913780988413450 ) ) ;
#927 = LINE ( 'NONE', #61, #1018 ) ;
#928 = B_SPLINE_CURVE_WITH_KNOTS ( 'NONE', 3,
 ( #1663, #571, #1288, #1104 ),
 .UNSPECIFIED., .F., .F.,
 ( 4, 4 ),
 ( 0.000000000000000000, 1.000000000000000000 ),
 .UNSPECIFIED. ) ;
#929 = CARTESIAN_POINT ( 'NONE',  ( -4.230884303176173589, 2.400000000000000799, -2.664510839373236628 ) ) ;
#930 = DIRECTION ( 'NONE',  ( 0.000000000000000000, -0.000000000000000000, 1.000000000000000000 ) ) ;
#931 = CARTESIAN_POINT ( 'NONE',  ( 4.508895102646486741, 4.520289855072464391, 2.971508868122484159 ) ) ;
#932 = CARTESIAN_POINT ( 'NONE',  ( -4.657020709482407206, 2.400008418351983863, -2.733524851076349460 ) ) ;
#933 = CARTESIAN_POINT ( 'NONE',  ( -1.018206931238264890, 5.108333333333333393, -3.800000000000001155 ) ) ;
#934 = ORIENTED_EDGE ( 'NONE', *, *, #788, .T. ) ;
#935 = CARTESIAN_POINT ( 'NONE',  ( 0.000000000000000000, 10.10000000000000142, -2.475000000000000089 ) ) ;
#936 = CARTESIAN_POINT ( 'NONE',  ( -0.1789936178157584823, 3.461314598853480362, 5.398853484448202344 ) ) ;
#937 = CARTESIAN_POINT ( 'NONE',  ( -4.604866902691515662, 2.400000000000000355, 2.554823256283432098 ) ) ;
#938 =( BOUNDED_SURFACE ( )  B_SPLINE_SURFACE ( 1, 2, ( 
 ( #562, #1108, #1280, #1304, #2193, #203, #1071, #27, #2029, #1670, #749, #1253, #1822, #2038, #1861, #1682, #761, #1499, #2241, #727, #713, #176, #1458, #1063, #166, #892, #1631, #2380, #1445, #807, #1900 ),
 ( #429, #452, #632, #261, #620, #819, #1333, #1348, #274, #2290, #1913, #994, #1734, #86, #1147, #1539, #1546, #1359, #2093, #439, #1159, #2302, #643, #2108, #1172, #286, #1929, #1003, #2078, #356, #2160 ) ),
 .UNSPECIFIED., .F., .F., .T. ) 
 B_SPLINE_SURFACE_WITH_KNOTS ( ( 2, 2 ),
 ( 3, 2, 2, 2, 2, 2, 2, 2, 2, 2, 2, 2, 2, 2, 2, 3 ),
 ( 0.000000000000000000, 1.000000000000000000 ),
 ( 0.000000000000000000, 0.04166666666666666435, 0.08333333333333332871, 0.1250000000000000000, 0.1666666666666666574, 0.2083333333333333426, 0.2500000000000000000, 0.2916666666666666852, 0.3333333333333333148, 0.3750000000000000000, 0.4166666666666666852, 0.4583333333333333148, 0.5000000000000000000, 0.5416666666666666297, 0.5833333333333333703, 0.6250000000000000000 ),
 .UNSPECIFIED. ) 
 GEOMETRIC_REPRESENTATION_ITEM ( )  RATIONAL_B_SPLINE_SURFACE ( (
 ( 1.000000000000000000, 0.9659258262890683122, 1.000000000000000000, 0.9659258262890683122, 1.000000000000000000, 0.9659258262890683122, 1.000000000000000000, 0.9659258262890683122, 1.000000000000000000, 0.9659258262890683122, 1.000000000000000000, 0.9659258262890683122, 1.000000000000000000, 0.9659258262890683122, 1.000000000000000000, 0.9659258262890683122, 1.000000000000000000, 0.9659258262890683122, 1.000000000000000000, 0.9659258262890683122, 1.000000000000000000, 0.9659258262890683122, 1.000000000000000000, 0.9659258262890683122, 1.000000000000000000, 0.9659258262890683122, 1.000000000000000000, 0.9659258262890683122, 1.000000000000000000, 0.9659258262890683122, 1.000000000000000000),
 ( 1.000000000000000000, 0.9659258262890683122, 1.000000000000000000, 0.9659258262890683122, 1.000000000000000000, 0.9659258262890683122, 1.000000000000000000, 0.9659258262890683122, 1.000000000000000000, 0.9659258262890683122, 1.000000000000000000, 0.9659258262890683122, 1.000000000000000000, 0.9659258262890683122, 1.000000000000000000, 0.9659258262890683122, 1.000000000000000000, 0.9659258262890683122, 1.000000000000000000, 0.9659258262890683122, 1.000000000000000000, 0.9659258262890683122, 1.000000000000000000, 0.9659258262890683122, 1.000000000000000000, 0.9659258262890683122, 1.000000000000000000, 0.9659258262890683122, 1.000000000000000000, 0.9659258262890683122, 1.000000000000000000) ) ) 
 REPRESENTATION_ITEM ( '' )  SURFACE ( )  );
#939 = DIRECTION ( 'NONE',  ( 0.000000000000000000, 0.000000000000000000, -1.000000000000000000 ) ) ;
#940 = CARTESIAN_POINT ( 'NONE',  ( 0.000000000000000000, 14.89999999999999680, 0.000000000000000000 ) ) ;
#941 = DIRECTION ( 'NONE',  ( -0.000000000000000000, -1.000000000000000000, -0.000000000000000000 ) ) ;
#942 = DIRECTION ( 'NONE',  ( 0.000000000000000000, -1.000000000000000000, -0.000000000000000000 ) ) ;
#943 = EDGE_CURVE ( 'NONE', #1072, #1935, #1142, .T. ) ;
#944 = CYLINDRICAL_SURFACE ( 'NONE', #487, 5.000000000000000000 ) ;
#945 = CARTESIAN_POINT ( 'NONE',  ( -1.900000000000002132, 6.983333333333333393, 3.290896534380866711 ) ) ;
#946 = CARTESIAN_POINT ( 'NONE',  ( 4.993318179340053398, 7.310144927536232018, -2.088829300064665162 ) ) ;
#947 = DIRECTION ( 'NONE',  ( -0.000000000000000000, -1.000000000000000000, -0.000000000000000000 ) ) ;
#948 = CARTESIAN_POINT ( 'NONE',  ( 5.112278605011911559, 10.10000000000000142, -1.739139863477764392 ) ) ;
#949 = ORIENTED_EDGE ( 'NONE', *, *, #39, .F. ) ;
#950 = AXIS2_PLACEMENT_3D ( 'NONE', #1538, #2289, #777 ) ;
#951 = CARTESIAN_POINT ( 'NONE',  ( 3.656623825853333010, 10.10000000000000142, -3.410146946423531666 ) ) ;
#952 = CARTESIAN_POINT ( 'NONE',  ( -4.657020788611641038, 2.400007235084461676, -2.733524716266349852 ) ) ;
#953 = CONICAL_SURFACE ( 'NONE', #2230, 1.949999999999999956, 0.03123983343026822193 ) ;
#954 = SURFACE_SIDE_STYLE ('',( #2036 ) ) ;
#955 = CARTESIAN_POINT ( 'NONE',  ( -3.043126587494815460, 8.700000000000001066, 2.330983337735991423 ) ) ;
#956 = CARTESIAN_POINT ( 'NONE',  ( 5.014608626319891016, 2.400000000000000355, 2.124313512274317972 ) ) ;
#957 = CARTESIAN_POINT ( 'NONE',  ( 0.000000000000000000, 0.000000000000000000, -3.799999999999999822 ) ) ;
#958 = ORIENTED_EDGE ( 'NONE', *, *, #386, .F. ) ;
#959 = CARTESIAN_POINT ( 'NONE',  ( 4.653657836759943716E-16, 4.899999999999999467, -3.800000000000000711 ) ) ;
#960 = CARTESIAN_POINT ( 'NONE',  ( 4.695812317649371792, 2.400008418351983863, -2.666335814823863615 ) ) ;
#961 = EDGE_CURVE ( 'NONE', #1169, #1060, #2346, .T. ) ;
#962 = B_SPLINE_CURVE_WITH_KNOTS ( 'NONE', 1,
 ( #414, #231 ),
 .UNSPECIFIED., .F., .F.,
 ( 2, 2 ),
 ( 0.000000000000000000, 1.000000000000000000 ),
 .UNSPECIFIED. ) ;
#963 = CARTESIAN_POINT ( 'NONE',  ( 5.347617264507632306, 2.400008418351983419, 0.7503263239017633479 ) ) ;
#964 =( BOUNDED_CURVE ( )  B_SPLINE_CURVE ( 2, ( #996, #1815, #1174, #2370, #707 ),
 .UNSPECIFIED., .F., .T. ) 
 B_SPLINE_CURVE_WITH_KNOTS ( ( 3, 2, 3 ),
 ( 0.000000000000000000, 0.7245684613450448230, 1.000000000000000000 ),
 .UNSPECIFIED. ) 
 CURVE ( )  GEOMETRIC_REPRESENTATION_ITEM ( )  RATIONAL_B_SPLINE_CURVE ( ( 1.000000000000000000, 0.9976687691905391508, 1.000000000000000000, 0.9991138279749778306, 0.9989013780496678319 ) ) 
 REPRESENTATION_ITEM ( '' )  );
#965 = EDGE_CURVE ( 'NONE', #1014, #2300, #1191, .T. ) ;
#966 = CARTESIAN_POINT ( 'NONE',  ( -3.800000000000001155, 6.958333333333333037, 1.018206931238264445 ) ) ;
#967 = CARTESIAN_POINT ( 'NONE',  ( 4.653657836759942730E-16, 8.700000000000001066, 3.799999999999999822 ) ) ;
#968 = ORIENTED_EDGE ( 'NONE', *, *, #861, .T. ) ;
#969 = CARTESIAN_POINT ( 'NONE',  ( -1.649999999999998801, 5.616666666666667140, -2.857883832488647968 ) ) ;
#970 = CARTESIAN_POINT ( 'NONE',  ( -2.781793068761734045, 4.275000000000000355, 2.781793068761733601 ) ) ;
#971 = CARTESIAN_POINT ( 'NONE',  ( 3.299999999999999378, 6.450000000000001066, 6.062001655779396539E-16 ) ) ;
#972 = CARTESIAN_POINT ( 'NONE',  ( 3.800000000000001155, 6.358333333333334281, -1.018206931238264668 ) ) ;
#973 = ORIENTED_EDGE ( 'NONE', *, *, #1296, .T. ) ;
#974 = CARTESIAN_POINT ( 'NONE',  ( 0.000000000000000000, 8.700000000000001066, -2.221874999999999378 ) ) ;
#975 = ORIENTED_EDGE ( 'NONE', *, *, #1614, .F. ) ;
#976 = CARTESIAN_POINT ( 'NONE',  ( 3.290896534380867600, 3.233333333333333837, 1.900000000000000799 ) ) ;
#977 = CARTESIAN_POINT ( 'NONE',  ( -3.290896534380867600, 3.233333333333333837, -1.900000000000000799 ) ) ;
#978 = VERTEX_POINT ( 'NONE', #2232 ) ;
#979 = CARTESIAN_POINT ( 'NONE',  ( 2.857883832488648412, 6.866666666666667140, -1.649999999999997691 ) ) ;
#980 = CARTESIAN_POINT ( 'NONE',  ( 0.000000000000000000, 2.400000000000000355, -3.800000000000000711 ) ) ;
#981 = AXIS2_PLACEMENT_3D ( 'NONE', #1128, #252, #625 ) ;
#982 = EDGE_CURVE ( 'NONE', #358, #1268, #1728, .T. ) ;
#983 = CARTESIAN_POINT ( 'NONE',  ( 0.000000000000000000, 14.89999999999999680, -2.350000000000000089 ) ) ;
#984 = CARTESIAN_POINT ( 'NONE',  ( 5.231239030683765279, 7.310144927536232018, 1.389450426890900703 ) ) ;
#985 = CIRCLE ( 'NONE', #2229, 1.449999999999999956 ) ;
#986 = EDGE_CURVE ( 'NONE', #223, #1708, #2295, .T. ) ;
#987 = CARTESIAN_POINT ( 'NONE',  ( -1.018206931238487378, 7.791666666666616337, 3.799999999999874589 ) ) ;
#988 = CARTESIAN_POINT ( 'NONE',  ( 5.328135777189001665, 3.461315189585152829, 0.8891719629320613549 ) ) ;
#989 = ORIENTED_EDGE ( 'NONE', *, *, #1714, .T. ) ;
#990 = CARTESIAN_POINT ( 'NONE',  ( -2.857883832488646636, 6.033333333333333215, -1.650000000000001243 ) ) ;
#991 = VECTOR ( 'NONE', #1903, 1000.000000000000114 ) ;
#992 = VERTEX_POINT ( 'NONE', #2039 ) ;
#993 = CARTESIAN_POINT ( 'NONE',  ( -1.649999999999999467, 8.116666666666667140, -2.857883832488647524 ) ) ;
#994 = CARTESIAN_POINT ( 'NONE',  ( 1.018206931238267332, 5.291666666666665186, -3.800000000000000266 ) ) ;
#995 = EDGE_CURVE ( 'NONE', #2035, #817, #1711, .T. ) ;
#996 = CARTESIAN_POINT ( 'NONE',  ( 4.781585799167380024, 10.10000000000000142, -1.461655652060645849 ) ) ;
#997 = CARTESIAN_POINT ( 'NONE',  ( -3.800000000000000711, 4.250000000000000000, -2.326828918379971858E-16 ) ) ;
#998 = ORIENTED_EDGE ( 'NONE', *, *, #2046, .F. ) ;
#999 = CARTESIAN_POINT ( 'NONE',  ( 1.649999999999999467, 8.116666666666667140, 2.857883832488647524 ) ) ;
#1000 = CARTESIAN_POINT ( 'NONE',  ( 3.981598371779278445, 3.461315189585152829, -3.718814713399970273 ) ) ;
#1001 = CARTESIAN_POINT ( 'NONE',  ( -4.041334437186265017E-16, 5.200000000000000178, 3.299999999999999378 ) ) ;
#1002 = CARTESIAN_POINT ( 'NONE',  ( -2.857883832488647524, 4.366666666666667140, 1.649999999999999023 ) ) ;
#1003 = CARTESIAN_POINT ( 'NONE',  ( 2.781793068761733601, 8.625000000000000000, 2.781793068761733601 ) ) ;
#1004 = CARTESIAN_POINT ( 'NONE',  ( 0.3545109072998502420, 10.10000000000000142, 5.434798427741701410 ) ) ;
#1005 = ORIENTED_EDGE ( 'NONE', *, *, #2282, .F. ) ;
#1006 = ORIENTED_EDGE ( 'NONE', *, *, #1274, .T. ) ;
#1007 = CARTESIAN_POINT ( 'NONE',  ( 4.062278605011915289, 10.10000000000000142, -3.557793211425087865 ) ) ;
#1008 = CYLINDRICAL_SURFACE ( 'NONE', #1559, 5.000000000000000000 ) ;
#1009 = EDGE_LOOP ( 'NONE', ( #589, #2118, #2324, #1185 ) ) ;
#1010 = CARTESIAN_POINT ( 'NONE',  ( -4.653657836759943716E-16, 5.500000000000000000, 3.800000000000000711 ) ) ;
#1011 = CARTESIAN_POINT ( 'NONE',  ( 1.649999999999999467, 3.116666666666666696, 2.857883832488647524 ) ) ;
#1012 = AXIS2_PLACEMENT_3D ( 'NONE', #215, #1140, #758 ) ;
#1013 = CONICAL_SURFACE ( 'NONE', #72, 2.475000000000000089, 0.1683901571475300285 ) ;
#1014 = VERTEX_POINT ( 'NONE', #1441 ) ;
#1015 = CARTESIAN_POINT ( 'NONE',  ( 1.900000000000001688, 4.483333333333334281, -3.290896534380867156 ) ) ;
#1016 =( BOUNDED_SURFACE ( )  B_SPLINE_SURFACE ( 1, 2, ( 
 ( #2321, #1974, #353, #1227, #1216 ),
 ( #472, #1192, #1999, #1043, #1393 ) ),
 .UNSPECIFIED., .F., .F., .T. ) 
 B_SPLINE_SURFACE_WITH_KNOTS ( ( 2, 2 ),
 ( 3, 2, 3 ),
 ( 0.000000000000000000, 1.000000000000000000 ),
 ( 0.000000000000000000, 0.02173913043478260809, 0.03000283320694753508 ),
 .UNSPECIFIED. ) 
 GEOMETRIC_REPRESENTATION_ITEM ( )  RATIONAL_B_SPLINE_SURFACE ( (
 ( 1.000000000000000000, 0.9976687691905391508, 1.000000000000000000, 0.9991138284688758642, 0.9989013782864812896),
 ( 1.000000000000000000, 0.9976687691905391508, 1.000000000000000000, 0.9991138284688758642, 0.9989013782864812896) ) ) 
 REPRESENTATION_ITEM ( '' )  SURFACE ( )  );
#1017 = ORIENTED_EDGE ( 'NONE', *, *, #1457, .F. ) ;
#1018 = VECTOR ( 'NONE', #1322, 1000.000000000000114 ) ;
#1019 = CARTESIAN_POINT ( 'NONE',  ( -4.347013780392569693, 2.400000000000000355, 3.280621704292495000 ) ) ;
#1020 = EDGE_LOOP ( 'NONE', ( #958, #1973, #903, #2356 ) ) ;
#1021 = EDGE_CURVE ( 'NONE', #1563, #515, #619, .T. ) ;
#1022 = VERTEX_POINT ( 'NONE', #700 ) ;
#1023 = DIRECTION ( 'NONE',  ( 0.000000000000000000, 0.000000000000000000, -1.000000000000000000 ) ) ;
#1024 = ADVANCED_FACE ( 'NONE', ( #1212 ), #609, .T. ) ;
#1025 = DIRECTION ( 'NONE',  ( -0.000000000000000000, -1.000000000000000000, -0.000000000000000000 ) ) ;
#1026 = CARTESIAN_POINT ( 'NONE',  ( 0.3218162531114382996, 3.461314598853480362, -4.991321225464674605 ) ) ;
#1027 = EDGE_CURVE ( 'NONE', #449, #1501, #2048, .T. ) ;
#1028 = CARTESIAN_POINT ( 'NONE',  ( -4.305638327695263889, 7.310144927536232018, -3.279925742454854909 ) ) ;
#1029 = ORIENTED_EDGE ( 'NONE', *, *, #2261, .F. ) ;
#1030 = CARTESIAN_POINT ( 'NONE',  ( 3.800000000000000266, 6.541666666666666075, 1.018206931238269553 ) ) ;
#1031 = ORIENTED_EDGE ( 'NONE', *, *, #2002, .F. ) ;
#1032 = CARTESIAN_POINT ( 'NONE',  ( 0.7917215462065860798, 7.310144927536232906, -4.948752105548269498 ) ) ;
#1033 = CARTESIAN_POINT ( 'NONE',  ( -3.799999999999999822, 8.650000000000002132, -2.326828918379970872E-16 ) ) ;
#1034 = ORIENTED_EDGE ( 'NONE', *, *, #93, .F. ) ;
#1035 = CARTESIAN_POINT ( 'NONE',  ( 3.290896534380869376, 7.166666666666666963, -1.899999999999997913 ) ) ;
#1036 = CARTESIAN_POINT ( 'NONE',  ( 0.03879160816692697050, 2.400008418351983863, -5.399860665900169110 ) ) ;
#1037 = CARTESIAN_POINT ( 'NONE',  ( -1.124961973314053232, 10.10000000000000142, -4.871802598484195279 ) ) ;
#1038 = CARTESIAN_POINT ( 'NONE',  ( 3.299999999999999378, 8.741666666666665364, 0.8842323350227053735 ) ) ;
#1039 = CARTESIAN_POINT ( 'NONE',  ( -1.761485870634748929, 4.520289855072464391, -5.104622172850223016 ) ) ;
#1040 = CARTESIAN_POINT ( 'NONE',  ( 0.000000000000000000, 3.000000000000000000, 3.800000000000000711 ) ) ;
#1041 = CARTESIAN_POINT ( 'NONE',  ( -0.8842323350227045964, 2.908333333333333659, -3.299999999999999822 ) ) ;
#1042 = ORIENTED_EDGE ( 'NONE', *, *, #357, .F. ) ;
#1043 = CARTESIAN_POINT ( 'NONE',  ( -3.057573356007120768, 3.461315189585075114, 3.958294889264010852 ) ) ;
#1044 = FACE_OUTER_BOUND ( 'NONE', #1833, .T. ) ;
#1045 = DIRECTION ( 'NONE',  ( 0.000000000000000000, -1.000000000000000000, -0.000000000000000000 ) ) ;
#1046 = EDGE_CURVE ( 'NONE', #1086, #1408, #872, .T. ) ;
#1047 = CARTESIAN_POINT ( 'NONE',  ( 0.000000000000000000, 2.400000000000000355, 0.000000000000000000 ) ) ;
#1048 = ADVANCED_FACE ( 'NONE', ( #1966 ), #1696, .F. ) ;
#1049 = CARTESIAN_POINT ( 'NONE',  ( 0.03879145185342571661, 2.400007235084461676, -5.399860667023095750 ) ) ;
#1050 = CARTESIAN_POINT ( 'NONE',  ( 2.781793068761734045, 8.024999999999998579, 2.781793068761734045 ) ) ;
#1051 = VERTEX_POINT ( 'NONE', #315 ) ;
#1052 = ORIENTED_EDGE ( 'NONE', *, *, #2095, .T. ) ;
#1053 = FACE_OUTER_BOUND ( 'NONE', #1628, .T. ) ;
#1054 = EDGE_CURVE ( 'NONE', #2292, #1954, #569, .T. ) ;
#1055 = CARTESIAN_POINT ( 'NONE',  ( -1.649999999999998801, 5.616666666666667140, -2.857883832488647968 ) ) ;
#1056 = DIRECTION ( 'NONE',  ( 0.000000000000000000, 0.000000000000000000, -1.000000000000000000 ) ) ;
#1057 = EDGE_CURVE ( 'NONE', #1268, #1181, #2349, .T. ) ;
#1058 = CARTESIAN_POINT ( 'NONE',  ( 4.538021098728334479, 4.520289855072464391, -2.099134228079870379 ) ) ;
#1059 = DIRECTION ( 'NONE',  ( -0.000000000000000000, -1.000000000000000000, -0.000000000000000000 ) ) ;
#1060 = VERTEX_POINT ( 'NONE', #2362 ) ;
#1061 = DIRECTION ( 'NONE',  ( -0.000000000000000000, -1.000000000000000000, -0.000000000000000000 ) ) ;
#1062 = LINE ( 'NONE', #2364, #1598 ) ;
#1063 = CARTESIAN_POINT ( 'NONE',  ( -0.8842323350227073719, 7.491666666666668029, 3.299999999999998490 ) ) ;
#1064 = VERTEX_POINT ( 'NONE', #1626 ) ;
#1065 = CARTESIAN_POINT ( 'NONE',  ( -1.050000000000000488, 10.10000000000000142, 5.296933074902872463 ) ) ;
#1066 = ORIENTED_EDGE ( 'NONE', *, *, #716, .F. ) ;
#1067 = CARTESIAN_POINT ( 'NONE',  ( -1.124961973314051678, 10.10000000000000142, 4.871802598484194391 ) ) ;
#1068 = CARTESIAN_POINT ( 'NONE',  ( 4.690784222799595504, 2.322925597101828110, -2.675191034037752047 ) ) ;
#1069 = CARTESIAN_POINT ( 'NONE',  ( -0.3888293168405860256, 4.520289855072463503, -5.432450984219143741 ) ) ;
#1070 = CARTESIAN_POINT ( 'NONE',  ( 3.076409784520754087, 2.400000000000000355, -4.108644208664059327 ) ) ;
#1071 = CARTESIAN_POINT ( 'NONE',  ( 3.299999999999999378, 3.950000000000000178, 2.020667218593132508E-16 ) ) ;
#1072 = VERTEX_POINT ( 'NONE', #347 ) ;
#1073 = ADVANCED_FACE ( 'NONE', ( #1595 ), #1943, .F. ) ;
#1074 = CARTESIAN_POINT ( 'NONE',  ( -2.415767664977295226, 7.075000000000000178, 2.415767664977294338 ) ) ;
#1075 = CARTESIAN_POINT ( 'NONE',  ( -1.358968069848794036, 8.700000000000002842, -3.551457284942717507 ) ) ;
#1076 = FACE_OUTER_BOUND ( 'NONE', #422, .T. ) ;
#1078 = CARTESIAN_POINT ( 'NONE',  ( -5.347617264507624313, 2.400008418351983419, -0.7503263239018000963 ) ) ;
#1077 = CARTESIAN_POINT ( 'NONE',  ( 1.900000000000002132, 6.983333333333333393, -3.290896534380866711 ) ) ;
#1079 = CARTESIAN_POINT ( 'NONE',  ( 4.653657836759943716E-16, 5.500000000000000000, -3.800000000000000711 ) ) ;
#1080 = CARTESIAN_POINT ( 'NONE',  ( -1.412320148355253657, 7.310144927536232018, -5.225111107286263490 ) ) ;
#1081 = CARTESIAN_POINT ( 'NONE',  ( -4.653657836759943716E-16, 5.500000000000000000, 3.800000000000000711 ) ) ;
#1082 = ORIENTED_EDGE ( 'NONE', *, *, #1990, .T. ) ;
#1083 = CARTESIAN_POINT ( 'NONE',  ( 3.139070231217448992, 8.700000000000002842, 1.017957800443822114 ) ) ;
#1084 = DIRECTION ( 'NONE',  ( 0.000000000000000000, 0.000000000000000000, -1.000000000000000000 ) ) ;
#1085 = DIRECTION ( 'NONE',  ( 0.000000000000000000, -1.000000000000000000, -0.000000000000000000 ) ) ;
#1086 = VERTEX_POINT ( 'NONE', #2023 ) ;
#1087 = CARTESIAN_POINT ( 'NONE',  ( -2.105900001229715102, 8.699999999999999289, -3.176246721621743596 ) ) ;
#1088 = CIRCLE ( 'NONE', #1912, 5.400000000000022560 ) ;
#1089 = CARTESIAN_POINT ( 'NONE',  ( 4.970784095858717500, 2.400000000000000799, 0.5397272203234149135 ) ) ;
#1090 = AXIS2_PLACEMENT_3D ( 'NONE', #674, #2142, #1410 ) ;
#1091 =( BOUNDED_CURVE ( )  B_SPLINE_CURVE ( 2, ( #1345, #1146, #604, #1134, #1733, #1898, #1320, #260, #1002, #2069, #84, #451, #1889, #1171, #1928, #2301, #247, #2119, #971, #285, #979, #2091, #438, #1157, #1911, #272, #993, #642, #828, #1358, #2105 ),
 .UNSPECIFIED., .F., .T. ) 
 B_SPLINE_CURVE_WITH_KNOTS ( ( 3, 2, 2, 2, 2, 2, 2, 2, 2, 2, 2, 2, 2, 2, 2, 3 ),
 ( 0.000000000000000000, 0.04166666666666666435, 0.08333333333333332871, 0.1250000000000000000, 0.1666666666666666574, 0.2083333333333333703, 0.2500000000000000000, 0.2916666666666666852, 0.3333333333333333148, 0.3750000000000000000, 0.4166666666666667407, 0.4583333333333332593, 0.5000000000000000000, 0.5416666666666666297, 0.5833333333333333703, 0.6000682405954540499 ),
 .UNSPECIFIED. ) 
 CURVE ( )  GEOMETRIC_REPRESENTATION_ITEM ( )  RATIONAL_B_SPLINE_CURVE ( ( 1.000000000000000000, 0.9659258262890683122, 1.000000000000000000, 0.9659258262890683122, 1.000000000000000000, 0.9659258262890683122, 1.000000000000000000, 0.9659258262890683122, 1.000000000000000000, 0.9659258262890683122, 1.000000000000000000, 0.9659258262890683122, 1.000000000000000000, 0.9659258262890683122, 1.000000000000000000, 0.9659258262890683122, 1.000000000000000000, 0.9659258262890683122, 1.000000000000000000, 0.9659258262890683122, 1.000000000000000000, 0.9659258262890683122, 1.000000000000000000, 0.9659258262890683122, 1.000000000000000000, 0.9659258262890683122, 1.000000000000000000, 0.9659258262890683122, 1.000000000000000000, 0.9863145247099400770, 0.9836222570911055119 ) ) 
 REPRESENTATION_ITEM ( '' )  );
#1092 = EDGE_CURVE ( 'NONE', #515, #238, #2291, .T. ) ;
#1093 = PLANE ( 'NONE',  #1596 ) ;
#1094 = CARTESIAN_POINT ( 'NONE',  ( -0.3189546160415455689, 4.520289855072464391, 5.390572135952341526 ) ) ;
#1095 = CARTESIAN_POINT ( 'NONE',  ( 1.761485870634749373, 4.520289855072464391, 5.104622172850223016 ) ) ;
#1096 = ORIENTED_EDGE ( 'NONE', *, *, #1347, .F. ) ;
#1097 = B_SPLINE_CURVE_WITH_KNOTS ( 'NONE', 3,
 ( #2220, #406, #568, #963 ),
 .UNSPECIFIED., .F., .F.,
 ( 4, 4 ),
 ( 0.000000000000000000, 1.000000000000000000 ),
 .UNSPECIFIED. ) ;
#1098 = PLANE ( 'NONE',  #1366 ) ;
#1099 = DIRECTION ( 'NONE',  ( 0.000000000000000000, 0.000000000000000000, -1.000000000000000000 ) ) ;
#1100 = CARTESIAN_POINT ( 'NONE',  ( 3.703511073497878670, 8.700000000000001066, -0.9889936687351452704 ) ) ;
#1101 = VERTEX_POINT ( 'NONE', #185 ) ;
#1102 = CARTESIAN_POINT ( 'NONE',  ( -5.112278605011888466, 10.10000000000000142, -1.739139863477834558 ) ) ;
#1103 = CARTESIAN_POINT ( 'NONE',  ( 3.300000000000000711, 6.658333333333334103, -0.8842323350227032641 ) ) ;
#1104 = CARTESIAN_POINT ( 'NONE',  ( 2.952809531840680624, 2.400000000000000799, -4.034961693581591291 ) ) ;
#1105 = CARTESIAN_POINT ( 'NONE',  ( 4.765041077750161946, 3.461314598853480362, -2.544413722080360429 ) ) ;
#1106 = EDGE_LOOP ( 'NONE', ( #1618, #2314, #1377, #1193 ) ) ;
#1107 = CARTESIAN_POINT ( 'NONE',  ( 0.000000000000000000, 0.000000000000000000, -3.799999999999999822 ) ) ;
#1108 = CARTESIAN_POINT ( 'NONE',  ( 0.8842323350227045964, 2.908333333333333659, 3.299999999999999822 ) ) ;
#1109 = CARTESIAN_POINT ( 'NONE',  ( -0.1873810531506628074, 2.361466416093144893, 4.996489824469540153 ) ) ;
#1110 = CARTESIAN_POINT ( 'NONE',  ( -4.936869911395712407, 4.966672278919507022, -0.8520703492315587768 ) ) ;
#1111 = CARTESIAN_POINT ( 'NONE',  ( -4.086914116834745592, 4.520289855072464391, -2.880474440368611333 ) ) ;
#1112 = DIRECTION ( 'NONE',  ( 0.000000000000000000, 0.000000000000000000, 1.000000000000000000 ) ) ;
#1113 = ADVANCED_FACE ( 'NONE', ( #2056 ), #380, .F. ) ;
#1114 = LINE ( 'NONE', #2239, #523 ) ;
#1115 = CARTESIAN_POINT ( 'NONE',  ( 5.048803722726262322, 7.310144927536232906, 2.076313869509452292 ) ) ;
#1116 = ADVANCED_FACE ( 'NONE', ( #2222 ), #1677, .T. ) ;
#1117 = CARTESIAN_POINT ( 'NONE',  ( -3.290896534380869376, 7.166666666666666963, 1.899999999999997913 ) ) ;
#1118 = ORIENTED_EDGE ( 'NONE', *, *, #782, .T. ) ;
#1119 = CARTESIAN_POINT ( 'NONE',  ( 2.415767664977294782, 8.325000000000001066, 2.415767664977294782 ) ) ;
#1120 = CARTESIAN_POINT ( 'NONE',  ( 4.765041112786915889, 3.461315189585152829, -2.544413652155701477 ) ) ;
#1121 = CARTESIAN_POINT ( 'NONE',  ( 4.695812240465103038, 2.400007235084461676, -2.666335950756790307 ) ) ;
#1122 = CARTESIAN_POINT ( 'NONE',  ( 3.799999999999999822, 8.683333333333335347, 6.110866068771219920E-16 ) ) ;
#1123 = CARTESIAN_POINT ( 'NONE',  ( -4.653657836759943716E-16, 4.899999999999999467, 3.800000000000000711 ) ) ;
#1124 = CARTESIAN_POINT ( 'NONE',  ( 0.000000000000000000, 14.89999999999999680, -1.975000000000000089 ) ) ;
#1125 = CARTESIAN_POINT ( 'NONE',  ( -2.017975506167452249, 2.400000000000000799, -4.574688498303268958 ) ) ;
#1126 = CIRCLE ( 'NONE', #1760, 1.449999999999997513 ) ;
#1127 = EDGE_CURVE ( 'NONE', #1060, #1169, #188, .T. ) ;
#1128 = CARTESIAN_POINT ( 'NONE',  ( 0.000000000000000000, 10.10000000000000142, 0.000000000000000000 ) ) ;
#1129 = CARTESIAN_POINT ( 'NONE',  ( 1.050000000000000044, 10.10000000000000142, -5.296933074902872463 ) ) ;
#1130 = CARTESIAN_POINT ( 'NONE',  ( 2.747955003034515453, 8.700000000000001066, 2.639228834600425788 ) ) ;
#1131 = ORIENTED_EDGE ( 'NONE', *, *, #879, .F. ) ;
#1132 = CARTESIAN_POINT ( 'NONE',  ( 0.000000000000000000, 7.700000000000000178, 3.299999999999999378 ) ) ;
#1133 = CARTESIAN_POINT ( 'NONE',  ( -3.800000000000000711, 3.650000000000000355, -2.326828918379971858E-16 ) ) ;
#1134 = CARTESIAN_POINT ( 'NONE',  ( -2.415767664977294782, 3.325000000000000178, -2.415767664977294782 ) ) ;
#1135 = B_SPLINE_CURVE_WITH_KNOTS ( 'NONE', 1,
 ( #646, #88 ),
 .UNSPECIFIED., .F., .F.,
 ( 2, 2 ),
 ( 0.000000000000000000, 1.000000000000000000 ),
 .UNSPECIFIED. ) ;
#1136 = CARTESIAN_POINT ( 'NONE',  ( 4.695812240465103038, 2.400007235084461676, -2.666335950756790307 ) ) ;
#1137 = ORIENTED_EDGE ( 'NONE', *, *, #217, .F. ) ;
#1138 = EDGE_CURVE ( 'NONE', #793, #1905, #555, .T. ) ;
#1139 = CARTESIAN_POINT ( 'NONE',  ( 4.695812240465103038, 2.400007235084461676, -2.666335950756790307 ) ) ;
#1140 = DIRECTION ( 'NONE',  ( -0.000000000000000000, -1.000000000000000000, -0.000000000000000000 ) ) ;
#1141 = CARTESIAN_POINT ( 'NONE',  ( 0.000000000000000000, 7.400000000000000355, 3.800000000000000711 ) ) ;
#1142 = B_SPLINE_CURVE_WITH_KNOTS ( 'NONE', 3,
 ( #57, #1340, #588, #1521 ),
 .UNSPECIFIED., .F., .F.,
 ( 4, 4 ),
 ( 0.000000000000000000, 1.000000000000000000 ),
 .UNSPECIFIED. ) ;
#1143 = ORIENTED_EDGE ( 'NONE', *, *, #492, .T. ) ;
#1144 = CARTESIAN_POINT ( 'NONE',  ( -2.781793068761731824, 5.525000000000001243, -2.781793068761734933 ) ) ;
#1145 = CARTESIAN_POINT ( 'NONE',  ( 3.434113396826529385, 3.461315189585152829, -4.169714956392394534 ) ) ;
#1146 = CARTESIAN_POINT ( 'NONE',  ( -0.8842323350227047074, 2.908333333333333659, -3.299999999999999378 ) ) ;
#1147 = CARTESIAN_POINT ( 'NONE',  ( -1.899999999999999245, 5.916666666666666963, -3.290896534380868488 ) ) ;
#1148 = VERTEX_POINT ( 'NONE', #2045 ) ;
#1149 = FACE_OUTER_BOUND ( 'NONE', #667, .T. ) ;
#1150 = EDGE_LOOP ( 'NONE', ( #801, #91, #1225, #73, #1895, #128, #934 ) ) ;
#1151 = CARTESIAN_POINT ( 'NONE',  ( 1.894022380362483160, 3.461315189585152829, 5.058886919324438125 ) ) ;
#1152 = CARTESIAN_POINT ( 'NONE',  ( 5.112278605011902677, 10.10000000000000142, 1.739139863477800807 ) ) ;
#1153 = ORIENTED_EDGE ( 'NONE', *, *, #884, .T. ) ;
#1154 = CARTESIAN_POINT ( 'NONE',  ( 3.656623825853331233, 10.10000000000000142, -3.410146946423530778 ) ) ;
#1155 = EDGE_CURVE ( 'NONE', #1552, #2312, #1589, .T. ) ;
#1156 = EDGE_LOOP ( 'NONE', ( #622, #563, #1460, #1666 ) ) ;
#1157 = CARTESIAN_POINT ( 'NONE',  ( 0.8842323350227073719, 7.491666666666667140, -3.299999999999998046 ) ) ;
#1158 = EDGE_LOOP ( 'NONE', ( #1143, #1006, #1824, #631 ) ) ;
#1159 = CARTESIAN_POINT ( 'NONE',  ( -3.290896534380869376, 7.166666666666666963, 1.899999999999997913 ) ) ;
#1160 = CARTESIAN_POINT ( 'NONE',  ( -1.900000000000001688, 4.483333333333334281, 3.290896534380867156 ) ) ;
#1161 = VECTOR ( 'NONE', #1364, 1000.000000000000000 ) ;
#1162 = AXIS2_PLACEMENT_3D ( 'NONE', #1581, #336, #1249 ) ;
#1163 = CARTESIAN_POINT ( 'NONE',  ( -0.03879160816692697050, 2.400008418351983863, 5.399860665900169110 ) ) ;
#1164 = PRESENTATION_LAYER_ASSIGNMENT (  '', '', ( #417 ) ) ;
#1165 = CARTESIAN_POINT ( 'NONE',  ( 3.799999999999999378, 8.700000000000001066, -3.331818804160994550E-16 ) ) ;
#1166 = VERTEX_POINT ( 'NONE', #951 ) ;
#1167 = CARTESIAN_POINT ( 'NONE',  ( 2.415767664977294782, 3.325000000000000622, 2.415767664977294782 ) ) ;
#1168 = DIRECTION ( 'NONE',  ( -0.000000000000000000, -1.000000000000000000, -0.000000000000000000 ) ) ;
#1169 = VERTEX_POINT ( 'NONE', #1124 ) ;
#1170 = CARTESIAN_POINT ( 'NONE',  ( -2.415767664977294782, 8.325000000000001066, -2.415767664977294782 ) ) ;
#1171 = CARTESIAN_POINT ( 'NONE',  ( 0.8842323350227033751, 5.408333333333333215, 3.300000000000000266 ) ) ;
#1172 = CARTESIAN_POINT ( 'NONE',  ( 0.000000000000000000, 8.000000000000000000, 3.800000000000000711 ) ) ;
#1173 = CARTESIAN_POINT ( 'NONE',  ( 3.800000000000000711, 6.150000000000001243, 6.980486755139914094E-16 ) ) ;
#1174 = CARTESIAN_POINT ( 'NONE',  ( 4.538021098728334479, 4.520289855072464391, -2.099134228079870379 ) ) ;
#1175 = EDGE_LOOP ( 'NONE', ( #1828, #390 ) ) ;
#1176 = EDGE_CURVE ( 'NONE', #1166, #658, #928, .T. ) ;
#1177 = CARTESIAN_POINT ( 'NONE',  ( 4.956770607776042503, 3.461315189598770825, 0.6687887556062362959 ) ) ;
#1178 = ORIENTED_EDGE ( 'NONE', *, *, #301, .F. ) ;
#1179 = CARTESIAN_POINT ( 'NONE',  ( 3.539989543092248780, 4.520289855072464391, -4.077802598802144907 ) ) ;
#1180 =( BOUNDED_CURVE ( )  B_SPLINE_CURVE ( 2, ( #497, #485, #698, #310, #1963, #1556, #1033 ),
 .UNSPECIFIED., .F., .T. ) 
 B_SPLINE_CURVE_WITH_KNOTS ( ( 3, 2, 2, 3 ),
 ( 0.5000000000000000000, 0.5416666666666666297, 0.5833333333333333703, 0.6250000000000000000 ),
 .UNSPECIFIED. ) 
 CURVE ( )  GEOMETRIC_REPRESENTATION_ITEM ( )  RATIONAL_B_SPLINE_CURVE ( ( 1.000000000000000000, 0.9659258262890683122, 1.000000000000000000, 0.9659258262890683122, 1.000000000000000000, 0.9659258262890683122, 1.000000000000000000 ) ) 
 REPRESENTATION_ITEM ( '' )  );
#1181 = VERTEX_POINT ( 'NONE', #1857 ) ;
#1182 = FACE_OUTER_BOUND ( 'NONE', #739, .T. ) ;
#1183 = CARTESIAN_POINT ( 'NONE',  ( 0.000000000000000000, 2.700000000000000178, 3.299999999999999378 ) ) ;
#1184 = B_SPLINE_CURVE_WITH_KNOTS ( 'NONE', 3,
 ( #1508, #2253, #1312, #1882 ),
 .UNSPECIFIED., .F., .F.,
 ( 4, 4 ),
 ( 0.000000000000000000, 1.000000000000000000 ),
 .UNSPECIFIED. ) ;
#1185 = ORIENTED_EDGE ( 'NONE', *, *, #1176, .F. ) ;
#1186 = CARTESIAN_POINT ( 'NONE',  ( 3.716666666666667229, 8.700000000000001066, 2.275801968415498386E-16 ) ) ;
#1187 = ADVANCED_FACE ( 'NONE', ( #212 ), #797, .T. ) ;
#1188 = SURFACE_STYLE_USAGE ( .BOTH. , #1982 ) ;
#1189 = ORIENTED_EDGE ( 'NONE', *, *, #1490, .F. ) ;
#1190 = CARTESIAN_POINT ( 'NONE',  ( -1.649999999999999467, 8.116666666666667140, -2.857883832488647524 ) ) ;
#1191 =( BOUNDED_CURVE ( )  B_SPLINE_CURVE ( 2, ( #1152, #1904, #267, #988, #79 ),
 .UNSPECIFIED., .F., .F. ) 
 B_SPLINE_CURVE_WITH_KNOTS ( ( 3, 2, 3 ),
 ( 0.000000000000000000, 0.02173913043478260809, 0.03000283320694692446 ),
 .UNSPECIFIED. ) 
 CURVE ( )  GEOMETRIC_REPRESENTATION_ITEM ( )  RATIONAL_B_SPLINE_CURVE ( ( 1.000000000000000000, 0.9976687691905391508, 1.000000000000000000, 0.9991138284688759752, 0.9989013782864812896 ) ) 
 REPRESENTATION_ITEM ( '' )  );
#1192 = CARTESIAN_POINT ( 'NONE',  ( -3.423363384373447449, 7.310144927536232018, 3.660266868334513646 ) ) ;
#1193 = ORIENTED_EDGE ( 'NONE', *, *, #1046, .F. ) ;
#1194 = VERTEX_POINT ( 'NONE', #768 ) ;
#1195 = EDGE_CURVE ( 'NONE', #659, #1905, #1786, .T. ) ;
#1196 = CIRCLE ( 'NONE', #981, 5.000000000000000000 ) ;
#1197 = DIRECTION ( 'NONE',  ( -0.000000000000000000, -1.000000000000000000, -0.000000000000000000 ) ) ;
#1198 = CIRCLE ( 'NONE', #1757, 5.400000000000012790 ) ;
#1199 = CYLINDRICAL_SURFACE ( 'NONE', #1761, 3.799999999999999822 ) ;
#1200 = B_SPLINE_CURVE_WITH_KNOTS ( 'NONE', 3,
 ( #1891, #2246, #235, #420 ),
 .UNSPECIFIED., .F., .F.,
 ( 4, 4 ),
 ( 0.000000000000000000, 1.000000000000000000 ),
 .UNSPECIFIED. ) ;
#1201 = DIRECTION ( 'NONE',  ( -0.000000000000000000, -1.000000000000000000, -0.000000000000000000 ) ) ;
#1202 = AXIS2_PLACEMENT_3D ( 'NONE', #1644, #942, #561 ) ;
#1203 = CARTESIAN_POINT ( 'NONE',  ( -4.062278605011867327, 10.10000000000000142, -3.557793211425143820 ) ) ;
#1204 = EDGE_LOOP ( 'NONE', ( #415, #65, #181, #104 ) ) ;
#1205 = CARTESIAN_POINT ( 'NONE',  ( 3.299999999999998490, 6.241666666666667140, 0.8842323350227073719 ) ) ;
#1206 = COLOUR_RGB ( '',1.000000000000000000, 1.000000000000000000, 1.000000000000000000 ) ;
#1207 = DIRECTION ( 'NONE',  ( 0.000000000000000000, 0.000000000000000000, -1.000000000000000000 ) ) ;
#1208 = DIRECTION ( 'NONE',  ( 0.000000000000000000, 0.000000000000000000, -1.000000000000000000 ) ) ;
#1209 = ORIENTED_EDGE ( 'NONE', *, *, #115, .F. ) ;
#1210 = VERTEX_POINT ( 'NONE', #2249 ) ;
#1211 = CARTESIAN_POINT ( 'NONE',  ( 0.000000000000000000, 8.000000000000000000, -3.800000000000000711 ) ) ;
#1212 = FACE_OUTER_BOUND ( 'NONE', #1998, .T. ) ;
#1213 = CARTESIAN_POINT ( 'NONE',  ( 3.656623825853311693, 10.10000000000000142, 3.410146946423556980 ) ) ;
#1214 = CARTESIAN_POINT ( 'NONE',  ( -4.662175506852827667, 2.322925597101828110, -2.724742783596860285 ) ) ;
#1215 = ORIENTED_EDGE ( 'NONE', *, *, #681, .F. ) ;
#1216 = CARTESIAN_POINT ( 'NONE',  ( -3.323610289880935209, 2.400008418351826212, 4.256009238828969643 ) ) ;
#1217 = CARTESIAN_POINT ( 'NONE',  ( 3.656623825853311693, 10.10000000000000142, 3.410146946423556980 ) ) ;
#1218 = FACE_BOUND ( 'NONE', #2086, .T. ) ;
#1219 = CARTESIAN_POINT ( 'NONE',  ( 0.000000000000000000, 12.60000000000000142, 0.000000000000000000 ) ) ;
#1220 = EDGE_CURVE ( 'NONE', #2035, #1306, #1088, .T. ) ;
#1221 = CARTESIAN_POINT ( 'NONE',  ( 4.305638327695289647, 7.310144927536232018, 3.279925742454826043 ) ) ;
#1222 = CARTESIAN_POINT ( 'NONE',  ( 1.899999999999999245, 5.916666666666666963, 3.290896534380868488 ) ) ;
#1223 = CARTESIAN_POINT ( 'NONE',  ( 1.124961973314053232, 10.10000000000000142, -4.871802598484194391 ) ) ;
#1224 =( NAMED_UNIT ( * ) SI_UNIT ( $, .STERADIAN. ) SOLID_ANGLE_UNIT ( ) );
#1225 = ORIENTED_EDGE ( 'NONE', *, *, #1457, .T. ) ;
#1226 =( BOUNDED_SURFACE ( )  B_SPLINE_SURFACE ( 1, 2, ( 
 ( #1832, #1430, #1807, #1235, #917, #13, #503 ),
 ( #709, #1221, #1979, #337, #1442, #780, #408 ) ),
 .UNSPECIFIED., .F., .F., .F. ) 
 B_SPLINE_SURFACE_WITH_KNOTS ( ( 2, 2 ),
 ( 3, 2, 2, 3 ),
 ( 0.000000000000000000, 1.000000000000000000 ),
 ( 0.000000000000000000, 0.02173913043478260809, 0.03000283781252658516, 0.03030286619065184969 ),
 .UNSPECIFIED. ) 
 GEOMETRIC_REPRESENTATION_ITEM ( )  RATIONAL_B_SPLINE_SURFACE ( (
 ( 1.000000000000000000, 0.9976687691905391508, 1.000000000000000000, 0.9991138279749891549, 0.9989013780496733830, 0.9989013780496733830, 0.9989013780496733830),
 ( 1.000000000000000000, 0.9976687691905391508, 1.000000000000000000, 0.9991138279749891549, 0.9989013780496733830, 0.9989013780496733830, 0.9989013780496733830) ) ) 
 REPRESENTATION_ITEM ( '' )  SURFACE ( )  );
#1227 = CARTESIAN_POINT ( 'NONE',  ( -3.434113396826549813, 3.461315189585075114, 4.169714956392377658 ) ) ;
#1228 = CARTESIAN_POINT ( 'NONE',  ( 3.031000827889699256E-16, 10.10000000000000142, 2.475000000000000089 ) ) ;
#1229 = CARTESIAN_POINT ( 'NONE',  ( -2.024006974626720190, 2.400008418351983419, -5.006335562730725997 ) ) ;
#1230 = CARTESIAN_POINT ( 'NONE',  ( -4.883928956521986109, 10.10000000000000142, 2.410383762230464910 ) ) ;
#1231 = ORIENTED_EDGE ( 'NONE', *, *, #75, .T. ) ;
#1232 =( NAMED_UNIT ( * ) SI_UNIT ( $, .STERADIAN. ) SOLID_ANGLE_UNIT ( ) );
#1233 = ORIENTED_EDGE ( 'NONE', *, *, #2375, .T. ) ;
#1234 = CARTESIAN_POINT ( 'NONE',  ( -1.018206931238048396, 8.208333333333282411, -3.800000000000125944 ) ) ;
#1235 = CARTESIAN_POINT ( 'NONE',  ( 4.161702853144188197, 3.461314598867145431, 2.774361663278955614 ) ) ;
#1236 = ORIENTED_EDGE ( 'NONE', *, *, #2170, .T. ) ;
#1237 = CARTESIAN_POINT ( 'NONE',  ( 4.695812240465103038, 2.400007235084461676, -2.666335950756790307 ) ) ;
#1238 = CIRCLE ( 'NONE', #1012, 2.049999999999999822 ) ;
#1239 = CARTESIAN_POINT ( 'NONE',  ( 0.03370008390007867699, 2.361466416093144893, -5.399897242328832725 ) ) ;
#1240 = CARTESIAN_POINT ( 'NONE',  ( 1.919453664556539874, 8.700000000000001066, -3.318101923982991419 ) ) ;
#1241 = EDGE_LOOP ( 'NONE', ( #1365, #195, #158 ) ) ;
#1242 = FACE_OUTER_BOUND ( 'NONE', #2175, .T. ) ;
#1243 = CARTESIAN_POINT ( 'NONE',  ( -3.299999999999998046, 6.241666666666667140, -0.8842323350227073719 ) ) ;
#1244 = CARTESIAN_POINT ( 'NONE',  ( 5.112278605011911559, 10.10000000000000142, -1.739139863477764392 ) ) ;
#1245 = CARTESIAN_POINT ( 'NONE',  ( -4.529418049222142528, 10.10000000000000142, 3.024414665511149902 ) ) ;
#1247 = CARTESIAN_POINT ( 'NONE',  ( -3.299999999999999378, 8.949999999999999289, -2.020667218593132508E-16 ) ) ;
#1246 = CARTESIAN_POINT ( 'NONE',  ( 3.800000000000001155, 6.358333333333335169, -1.018206931238264445 ) ) ;
#1248 = CARTESIAN_POINT ( 'NONE',  ( 3.800000000000001155, 6.958333333333332149, -1.018206931238264668 ) ) ;
#1249 = DIRECTION ( 'NONE',  ( 0.000000000000000000, 0.000000000000000000, -1.000000000000000000 ) ) ;
#1250 = ORIENTED_EDGE ( 'NONE', *, *, #621, .T. ) ;
#1251 = EDGE_CURVE ( 'NONE', #1486, #1574, #1362, .T. ) ;
#1252 = DIRECTION ( 'NONE',  ( 0.000000000000000000, 0.000000000000000000, -1.000000000000000000 ) ) ;
#1253 = CARTESIAN_POINT ( 'NONE',  ( 0.8842323350227057066, 4.991666666666667140, -3.299999999999999378 ) ) ;
#1254 = ORIENTED_EDGE ( 'NONE', *, *, #1127, .F. ) ;
#1255 = EDGE_LOOP ( 'NONE', ( #2206, #2043, #1823, #893 ) ) ;
#1256 = CARTESIAN_POINT ( 'NONE',  ( -0.3218162531114382996, 3.461314598853480362, 4.991321225464674605 ) ) ;
#1257 = CARTESIAN_POINT ( 'NONE',  ( -3.882425733118241240, 2.400008418379259822, 3.819618090909029373 ) ) ;
#1258 =( BOUNDED_CURVE ( )  B_SPLINE_CURVE ( 2, ( #322, #1032, #1422, #129, #340 ),
 .UNSPECIFIED., .F., .F. ) 
 B_SPLINE_CURVE_WITH_KNOTS ( ( 3, 2, 3 ),
 ( 0.000000000000000000, 0.7245684613450449341, 1.000000000000000000 ),
 .UNSPECIFIED. ) 
 CURVE ( )  GEOMETRIC_REPRESENTATION_ITEM ( )  RATIONAL_B_SPLINE_CURVE ( ( 1.000000000000000000, 0.9976687691905391508, 1.000000000000000000, 0.9991138279749778306, 0.9989013780496678319 ) ) 
 REPRESENTATION_ITEM ( '' )  );
#1260 = CARTESIAN_POINT ( 'NONE',  ( -2.857883832488647080, 8.533333333333333215, -1.650000000000000133 ) ) ;
#1259 = CARTESIAN_POINT ( 'NONE',  ( 4.881565784794929641, 7.310144927536232018, 1.134586223085596979 ) ) ;
#1261 = CARTESIAN_POINT ( 'NONE',  ( -0.1789936178157584823, 3.461314598853480362, 5.398853484448201456 ) ) ;
#1262 = DIRECTION ( 'NONE',  ( -6.123233995736766036E-17, 6.530524171234950518E-33, 1.000000000000000000 ) ) ;
#1263 = DIRECTION ( 'NONE',  ( -0.000000000000000000, -1.000000000000000000, -0.000000000000000000 ) ) ;
#1264 = CARTESIAN_POINT ( 'NONE',  ( 0.000000000000000000, 12.60000000000000142, -2.049999999999999822 ) ) ;
#1265 = B_SPLINE_CURVE_WITH_KNOTS ( 'NONE', 1,
 ( #1706, #2084 ),
 .UNSPECIFIED., .F., .F.,
 ( 2, 2 ),
 ( 0.000000000000000000, 1.000000000000000000 ),
 .UNSPECIFIED. ) ;
#1266 = CARTESIAN_POINT ( 'NONE',  ( -5.015933440994171377, 2.400008418351982975, -2.122056466990127177 ) ) ;
#1267 = CARTESIAN_POINT ( 'NONE',  ( 2.330884949523104765, 8.700000000000001066, -3.043028199281609059 ) ) ;
#1268 = VERTEX_POINT ( 'NONE', #108 ) ;
#1269 = EDGE_CURVE ( 'NONE', #482, #1808, #152, .T. ) ;
#1270 = CARTESIAN_POINT ( 'NONE',  ( -4.881565784794918983, 7.310144927536232018, -1.134586223085631174 ) ) ;
#1271 = DIRECTION ( 'NONE',  ( 0.000000000000000000, 1.000000000000000000, 0.000000000000000000 ) ) ;
#1272 = CARTESIAN_POINT ( 'NONE',  ( -3.800000000000000266, 8.441666666666668206, -1.018206931238267332 ) ) ;
#1273 = ORIENTED_EDGE ( 'NONE', *, *, #2072, .T. ) ;
#1274 = EDGE_CURVE ( 'NONE', #1210, #1374, #2345, .T. ) ;
#1275 = CARTESIAN_POINT ( 'NONE',  ( -1.229788827882094315, 3.461315189585152829, -5.307572694327596707 ) ) ;
#1276 =( BOUNDED_CURVE ( )  B_SPLINE_CURVE ( 2, ( #2354, #2154, #2319, #504, #319 ),
 .UNSPECIFIED., .F., .T. ) 
 B_SPLINE_CURVE_WITH_KNOTS ( ( 3, 2, 3 ),
 ( 0.000000000000000000, 0.7245684613450448230, 1.000000000000000000 ),
 .UNSPECIFIED. ) 
 CURVE ( )  GEOMETRIC_REPRESENTATION_ITEM ( )  RATIONAL_B_SPLINE_CURVE ( ( 1.000000000000000000, 0.9976687691905391508, 1.000000000000000000, 0.9991138279749778306, 0.9989013780496678319 ) ) 
 REPRESENTATION_ITEM ( '' )  );
#1277 = APPLICATION_PROTOCOL_DEFINITION ( 'draft international standard', 'automotive_design', 1998, #2067 ) ;
#1278 = CARTESIAN_POINT ( 'NONE',  ( 0.000000000000000000, 10.10000000000000142, 0.000000000000000000 ) ) ;
#1279 = FACE_OUTER_BOUND ( 'NONE', #1282, .T. ) ;
#1280 = CARTESIAN_POINT ( 'NONE',  ( 1.649999999999999467, 3.116666666666666696, 2.857883832488647524 ) ) ;
#1281 = CARTESIAN_POINT ( 'NONE',  ( -4.653657836759942730E-16, 8.700000000000001066, -3.799999999999999378 ) ) ;
#1282 = EDGE_LOOP ( 'NONE', ( #488, #1699, #1848 ) ) ;
#1283 = AXIS2_PLACEMENT_3D ( 'NONE', #1479, #1845, #915 ) ;
#1284 = CARTESIAN_POINT ( 'NONE',  ( -4.970784095858713059, 2.400008418379260711, -0.5397272203234509957 ) ) ;
#1285 = CARTESIAN_POINT ( 'NONE',  ( -4.695812240465122578, 2.400007235084461676, 2.666335950756757001 ) ) ;
#1286 = DIRECTION ( 'NONE',  ( -0.000000000000000000, -1.000000000000000000, -0.000000000000000000 ) ) ;
#1287 = CARTESIAN_POINT ( 'NONE',  ( -2.024006974626720190, 2.400008418351983419, -5.006335562730725997 ) ) ;
#1288 = CARTESIAN_POINT ( 'NONE',  ( 3.206349523942147339, 4.966672278901218540, -3.849419583833459058 ) ) ;
#1289 = FACE_OUTER_BOUND ( 'NONE', #735, .T. ) ;
#1290 = CARTESIAN_POINT ( 'NONE',  ( 3.139070231217448992, 8.700000000000002842, 1.017957800443822114 ) ) ;
#1291 = CARTESIAN_POINT ( 'NONE',  ( 1.125410964134426761, 10.10000000000000142, -4.871698898926945631 ) ) ;
#1292 = VERTEX_POINT ( 'NONE', #1396 ) ;
#1293 = LINE ( 'NONE', #1621, #1909 ) ;
#1294 = CARTESIAN_POINT ( 'NONE',  ( 2.024006974626719746, 2.400008418351983863, 5.006335562730725997 ) ) ;
#1295 = CARTESIAN_POINT ( 'NONE',  ( -4.422976227144300942, 2.400000000000000799, 2.331797867336781849 ) ) ;
#1296 = EDGE_CURVE ( 'NONE', #878, #1763, #1877, .T. ) ;
#1297 = ORIENTED_EDGE ( 'NONE', *, *, #134, .T. ) ;
#1298 = CARTESIAN_POINT ( 'NONE',  ( 1.775737858763661916E-16, 0.000000000000000000, 1.449999999999999956 ) ) ;
#1299 = ADVANCED_FACE ( 'NONE', ( #354 ), #207, .F. ) ;
#1300 =( LENGTH_UNIT ( ) NAMED_UNIT ( * ) SI_UNIT ( .MILLI., .METRE. ) );
#1301 = DIRECTION ( 'NONE',  ( -0.000000000000000000, -1.000000000000000000, -0.000000000000000000 ) ) ;
#1302 = CARTESIAN_POINT ( 'NONE',  ( -0.5035613210792497796, 8.700000000000002842, 3.800069570972764765 ) ) ;
#1303 = CARTESIAN_POINT ( 'NONE',  ( 4.960836325467028018, 3.461315189585152829, 2.252290260752894735 ) ) ;
#1304 = CARTESIAN_POINT ( 'NONE',  ( 2.415767664977294782, 3.325000000000000622, 2.415767664977294782 ) ) ;
#1305 = CARTESIAN_POINT ( 'NONE',  ( -1.018206931238269775, 7.191666666666667318, 3.799999999999999822 ) ) ;
#1306 = VERTEX_POINT ( 'NONE', #1897 ) ;
#1307 = CARTESIAN_POINT ( 'NONE',  ( -3.299999999999999378, 6.450000000000001066, -6.062001655779396539E-16 ) ) ;
#1308 = FACE_OUTER_BOUND ( 'NONE', #431, .T. ) ;
#1309 = EDGE_CURVE ( 'NONE', #1060, #1486, #1523, .T. ) ;
#1310 = CARTESIAN_POINT ( 'NONE',  ( -4.305638327695263889, 7.310144927536232906, -3.279925742454854909 ) ) ;
#1311 =( BOUNDED_CURVE ( )  B_SPLINE_CURVE ( 2, ( #1129, #230, #1697, #2283, #2296 ),
 .UNSPECIFIED., .F., .T. ) 
 B_SPLINE_CURVE_WITH_KNOTS ( ( 3, 2, 3 ),
 ( 0.000000000000000000, 0.02173913043478260809, 0.03000283781263311453 ),
 .UNSPECIFIED. ) 
 CURVE ( )  GEOMETRIC_REPRESENTATION_ITEM ( )  RATIONAL_B_SPLINE_CURVE ( ( 1.000000000000000000, 0.9976687691905391508, 1.000000000000000000, 0.9991138279749778306, 0.9989013780496678319 ) ) 
 REPRESENTATION_ITEM ( '' )  );
#1312 = CARTESIAN_POINT ( 'NONE',  ( -0.6675948459305468541, 2.400000000000000355, -5.404935216566784995 ) ) ;
#1313 = DIRECTION ( 'NONE',  ( 0.000000000000000000, 0.000000000000000000, -1.000000000000000000 ) ) ;
#1314 = B_SPLINE_CURVE_WITH_KNOTS ( 'NONE', 3,
 ( #883, #1587, #1564, #1769 ),
 .UNSPECIFIED., .F., .F.,
 ( 4, 4 ),
 ( 0.000000000000000000, 1.000000000000000000 ),
 .UNSPECIFIED. ) ;
#1315 = CARTESIAN_POINT ( 'NONE',  ( -1.018206931238377244, 5.291666666666639429, 3.799999999999936318 ) ) ;
#1316 = CARTESIAN_POINT ( 'NONE',  ( -3.800000000000000711, 6.150000000000001243, -6.980486755139914094E-16 ) ) ;
#1317 = ORIENTED_EDGE ( 'NONE', *, *, #660, .T. ) ;
#1318 = CARTESIAN_POINT ( 'NONE',  ( 3.158217551594205030, 4.520289855072464391, -3.876294867112445530 ) ) ;
#1319 = DIRECTION ( 'NONE',  ( -0.000000000000000000, -1.000000000000000000, -0.000000000000000000 ) ) ;
#1320 = CARTESIAN_POINT ( 'NONE',  ( -3.299999999999999378, 3.950000000000000178, -2.020667218593132508E-16 ) ) ;
#1321 = AXIS2_PLACEMENT_3D ( 'NONE', #849, #1301, #1870 ) ;
#1322 = DIRECTION ( 'NONE',  ( 0.000000000000000000, 0.5144957554275253475, -0.8574929257125447624 ) ) ;
#1323 = AXIS2_PLACEMENT_3D ( 'NONE', #550, #747, #930 ) ;
#1324 = B_SPLINE_CURVE_WITH_KNOTS ( 'NONE', 3,
 ( #2042, #1843, #1690, #42 ),
 .UNSPECIFIED., .F., .F.,
 ( 4, 4 ),
 ( 0.000000000000000000, 1.000000000000000000 ),
 .UNSPECIFIED. ) ;
#1325 = VERTEX_POINT ( 'NONE', #1561 ) ;
#1326 =( BOUNDED_CURVE ( )  B_SPLINE_CURVE ( 2, ( #1040, #1947, #505, #881, #1584, #1405, #137, #1617, #2365, #1751, #103, #833, #844 ),
 .UNSPECIFIED., .F., .F. ) 
 B_SPLINE_CURVE_WITH_KNOTS ( ( 3, 2, 2, 2, 2, 2, 3 ),
 ( 0.000000000000000000, 0.04166666666666582475, 0.08333333333333164950, 0.1249999999999974881, 0.1666666666666632990, 0.2083333333333291515, 0.2499999999999949762 ),
 .UNSPECIFIED. ) 
 CURVE ( )  GEOMETRIC_REPRESENTATION_ITEM ( )  RATIONAL_B_SPLINE_CURVE ( ( 1.000000000000000000, 0.9659258262890683122, 1.000000000000000000, 0.9659258262890683122, 1.000000000000000000, 0.9659258262890683122, 1.000000000000000000, 0.9659258262890683122, 1.000000000000000000, 0.9659258262890683122, 1.000000000000000000, 0.9659258262890724200, 0.9999999999999958922 ) ) 
 REPRESENTATION_ITEM ( '' )  );
#1327 = ADVANCED_FACE ( 'NONE', ( #60 ), #798, .F. ) ;
#1328 = CARTESIAN_POINT ( 'NONE',  ( -2.781793068761731824, 6.124999999999999112, -2.781793068761735377 ) ) ;
#1329 = DIRECTION ( 'NONE',  ( 0.000000000000000000, 1.000000000000000000, 0.000000000000000000 ) ) ;
#1330 = ORIENTED_EDGE ( 'NONE', *, *, #2072, .F. ) ;
#1331 = CARTESIAN_POINT ( 'NONE',  ( 3.290896534380868044, 4.066666666666667318, -1.899999999999999467 ) ) ;
#1332 = CARTESIAN_POINT ( 'NONE',  ( 0.000000000000000000, 10.10000000000000142, 0.000000000000000000 ) ) ;
#1333 = CARTESIAN_POINT ( 'NONE',  ( 3.800000000000000711, 4.250000000000000000, 2.326828918379971858E-16 ) ) ;
#1334 = CARTESIAN_POINT ( 'NONE',  ( -3.290896534380868044, 4.066666666666667318, 1.899999999999999467 ) ) ;
#1335 = ORIENTED_EDGE ( 'NONE', *, *, #2336, .F. ) ;
#1336 = CARTESIAN_POINT ( 'NONE',  ( 0.000000000000000000, 14.89999999999999680, -2.350000000000000089 ) ) ;
#1337 = CARTESIAN_POINT ( 'NONE',  ( 2.024006974626720190, 2.400008418351983419, 5.006335562730725997 ) ) ;
#1338 = VERTEX_POINT ( 'NONE', #2299 ) ;
#1339 = CARTESIAN_POINT ( 'NONE',  ( -3.323610289883791147, 2.400008418379258934, 4.256009238826739427 ) ) ;
#1340 = CARTESIAN_POINT ( 'NONE',  ( 0.08989160922497552164, 2.400000000000000355, -5.265343346918733403 ) ) ;
#1341 = ORIENTED_EDGE ( 'NONE', *, *, #1748, .T. ) ;
#1342 = CARTESIAN_POINT ( 'NONE',  ( 2.857883832488647080, 3.533333333333333659, 1.650000000000000133 ) ) ;
#1343 = DIRECTION ( 'NONE',  ( 0.000000000000000000, 0.9995120760870787047, 0.03123475237772115401 ) ) ;
#1344 = ORIENTED_EDGE ( 'NONE', *, *, #788, .F. ) ;
#1345 = CARTESIAN_POINT ( 'NONE',  ( 0.000000000000000000, 2.700000000000000178, -3.299999999999999378 ) ) ;
#1346 = ORIENTED_EDGE ( 'NONE', *, *, #965, .F. ) ;
#1347 = EDGE_CURVE ( 'NONE', #557, #1369, #1126, .T. ) ;
#1348 = CARTESIAN_POINT ( 'NONE',  ( 3.800000000000000266, 4.458333333333333037, -1.018206931238265778 ) ) ;
#1349 = ORIENTED_EDGE ( 'NONE', *, *, #348, .T. ) ;
#1350 = CARTESIAN_POINT ( 'NONE',  ( -0.3189546160415460130, 4.520289855072464391, 5.390572135952341526 ) ) ;
#1351 = CARTESIAN_POINT ( 'NONE',  ( -4.062278605011941046, 10.10000000000000142, 3.557793211425058555 ) ) ;
#1352 = CARTESIAN_POINT ( 'NONE',  ( -0.3545109072998502420, 10.10000000000000142, -5.434798427741701410 ) ) ;
#1353 = ORIENTED_EDGE ( 'NONE', *, *, #566, .T. ) ;
#1354 = CARTESIAN_POINT ( 'NONE',  ( -2.415767664977295226, 7.075000000000000178, 2.415767664977294338 ) ) ;
#1355 = CARTESIAN_POINT ( 'NONE',  ( 3.818918882328524500, 7.310144927536232018, -3.835660680395380329 ) ) ;
#1356 =( BOUNDED_SURFACE ( )  B_SPLINE_SURFACE ( 1, 2, ( 
 ( #980, #249, #779, #421, #2094, #1360, #1516, #820, #1334, #2109, #1160, #1914, #1123, #2263, #1879, #2079, #275, #453, #1173, #972, #1930, #43, #766, #1505, #2248, #594, #606, #1712, #792, #1272, #2022 ),
 ( #743, #1467, #2044, #160, #2372, #2237, #379, #1638, #546, #886, #369, #527, #1440, #722, #1856, #211, #733, #2221, #387, #1103, #1493, #755, #2033, #360, #184, #2209, #2185, #2198, #1260, #1819, #1247 ) ),
 .UNSPECIFIED., .F., .F., .T. ) 
 B_SPLINE_SURFACE_WITH_KNOTS ( ( 2, 2 ),
 ( 3, 2, 2, 2, 2, 2, 2, 2, 2, 2, 2, 2, 2, 2, 2, 3 ),
 ( 0.000000000000000000, 1.000000000000000000 ),
 ( 0.000000000000000000, 0.04166666666666666435, 0.08333333333333332871, 0.1250000000000000000, 0.1666666666666666574, 0.2083333333333333426, 0.2500000000000000000, 0.2916666666666666852, 0.3333333333333333148, 0.3750000000000000000, 0.4166666666666666852, 0.4583333333333333148, 0.5000000000000000000, 0.5416666666666666297, 0.5833333333333333703, 0.6250000000000000000 ),
 .UNSPECIFIED. ) 
 GEOMETRIC_REPRESENTATION_ITEM ( )  RATIONAL_B_SPLINE_SURFACE ( (
 ( 1.000000000000000000, 0.9659258262890683122, 1.000000000000000000, 0.9659258262890683122, 1.000000000000000000, 0.9659258262890683122, 1.000000000000000000, 0.9659258262890683122, 1.000000000000000000, 0.9659258262890683122, 1.000000000000000000, 0.9659258262890683122, 1.000000000000000000, 0.9659258262890683122, 1.000000000000000000, 0.9659258262890683122, 1.000000000000000000, 0.9659258262890683122, 1.000000000000000000, 0.9659258262890683122, 1.000000000000000000, 0.9659258262890683122, 1.000000000000000000, 0.9659258262890683122, 1.000000000000000000, 0.9659258262890683122, 1.000000000000000000, 0.9659258262890683122, 1.000000000000000000, 0.9659258262890683122, 1.000000000000000000),
 ( 1.000000000000000000, 0.9659258262890683122, 1.000000000000000000, 0.9659258262890683122, 1.000000000000000000, 0.9659258262890683122, 1.000000000000000000, 0.9659258262890683122, 1.000000000000000000, 0.9659258262890683122, 1.000000000000000000, 0.9659258262890683122, 1.000000000000000000, 0.9659258262890683122, 1.000000000000000000, 0.9659258262890683122, 1.000000000000000000, 0.9659258262890683122, 1.000000000000000000, 0.9659258262890683122, 1.000000000000000000, 0.9659258262890683122, 1.000000000000000000, 0.9659258262890683122, 1.000000000000000000, 0.9659258262890683122, 1.000000000000000000, 0.9659258262890683122, 1.000000000000000000, 0.9659258262890683122, 1.000000000000000000) ) ) 
 REPRESENTATION_ITEM ( '' )  SURFACE ( )  );
#1357 = ORIENTED_EDGE ( 'NONE', *, *, #2137, .T. ) ;
#1358 = CARTESIAN_POINT ( 'NONE',  ( -3.031783718695746366, 8.615278183176179994, -1.348796561658857529 ) ) ;
#1359 = CARTESIAN_POINT ( 'NONE',  ( -3.800000000000000266, 6.541666666666666075, -1.018206931238269553 ) ) ;
#1360 = CARTESIAN_POINT ( 'NONE',  ( -3.800000000000000266, 3.441666666666666430, -1.018206931238267332 ) ) ;
#1361 = EDGE_CURVE ( 'NONE', #1432, #2233, #1649, .T. ) ;
#1362 = CIRCLE ( 'NONE', #345, 2.049999999999999822 ) ;
#1363 = LINE ( 'NONE', #2111, #1524 ) ;
#1364 = DIRECTION ( 'NONE',  ( -0.000000000000000000, -1.000000000000000000, -0.000000000000000000 ) ) ;
#1365 = ORIENTED_EDGE ( 'NONE', *, *, #982, .F. ) ;
#1366 = AXIS2_PLACEMENT_3D ( 'NONE', #1472, #1630, #577 ) ;
#1367 = MECHANICAL_DESIGN_GEOMETRIC_PRESENTATION_REPRESENTATION (  '', ( #690 ), #273 ) ;
#1368 = CARTESIAN_POINT ( 'NONE',  ( 3.290896534380869376, 6.566666666666666430, -1.899999999999997913 ) ) ;
#1369 = VERTEX_POINT ( 'NONE', #2077 ) ;
#1370 = CARTESIAN_POINT ( 'NONE',  ( 3.299999999999999378, 8.949999999999999289, 2.020667218593132508E-16 ) ) ;
#1371 = CARTESIAN_POINT ( 'NONE',  ( -2.952809531840709489, 2.400000000000000799, 4.034961693581569975 ) ) ;
#1372 = EDGE_LOOP ( 'NONE', ( #850, #2089, #1648, #887 ) ) ;
#1373 = CARTESIAN_POINT ( 'NONE',  ( -1.650000000000000799, 4.783333333333334103, 2.857883832488646636 ) ) ;
#1374 = VERTEX_POINT ( 'NONE', #1371 ) ;
#1375 = CARTESIAN_POINT ( 'NONE',  ( 0.000000000000000000, 0.000000000000000000, 0.000000000000000000 ) ) ;
#1376 = EDGE_CURVE ( 'NONE', #1501, #1451, #2117, .T. ) ;
#1377 = ORIENTED_EDGE ( 'NONE', *, *, #2326, .F. ) ;
#1378 = CARTESIAN_POINT ( 'NONE',  ( 0.000000000000000000, 0.000000000000000000, 0.000000000000000000 ) ) ;
#1379 = CARTESIAN_POINT ( 'NONE',  ( 3.799999999999999822, 8.650000000000002132, 2.326828918379970872E-16 ) ) ;
#1380 = EDGE_CURVE ( 'NONE', #2292, #1051, #133, .T. ) ;
#1381 = ORIENTED_EDGE ( 'NONE', *, *, #2251, .F. ) ;
#1382 = FACE_OUTER_BOUND ( 'NONE', #1867, .T. ) ;
#1383 = CARTESIAN_POINT ( 'NONE',  ( 4.653657836759942730E-16, 0.000000000000000000, 3.799999999999999822 ) ) ;
#1384 = EDGE_CURVE ( 'NONE', #1863, #1916, #2287, .T. ) ;
#1385 = B_SPLINE_CURVE_WITH_KNOTS ( 'NONE', 1,
 ( #605, #948 ),
 .UNSPECIFIED., .F., .F.,
 ( 2, 2 ),
 ( 0.000000000000000000, 1.000000000000000000 ),
 .UNSPECIFIED. ) ;
#1386 = CARTESIAN_POINT ( 'NONE',  ( 4.765041077750161058, 3.461314598853480362, -2.544413722080360429 ) ) ;
#1387 = CARTESIAN_POINT ( 'NONE',  ( 1.899999999999999245, 5.316666666666667318, 3.290896534380868488 ) ) ;
#1388 = CARTESIAN_POINT ( 'NONE',  ( 0.000000000000000000, 2.400000000000000799, 0.000000000000000000 ) ) ;
#1389 = CARTESIAN_POINT ( 'NONE',  ( 3.799999999999999822, 3.441666666666666430, 1.018206931238267332 ) ) ;
#1390 = CARTESIAN_POINT ( 'NONE',  ( 3.799999999999999822, 8.650000000000002132, 2.326828918379970872E-16 ) ) ;
#1391 = ORIENTED_EDGE ( 'NONE', *, *, #289, .T. ) ;
#1392 = ORIENTED_EDGE ( 'NONE', *, *, #2170, .F. ) ;
#1393 = CARTESIAN_POINT ( 'NONE',  ( -2.952809531840707713, 2.400008418351826212, 4.034961693581569975 ) ) ;
#1394 = ADVANCED_FACE ( 'NONE', ( #82 ), #1924, .F. ) ;
#1395 = CARTESIAN_POINT ( 'NONE',  ( -0.1920919239680751456, 2.400000000000000799, 4.996308706710008707 ) ) ;
#1396 = CARTESIAN_POINT ( 'NONE',  ( 2.721012106855524728E-16, 8.700000000000001066, -2.221874999999999378 ) ) ;
#1397 = ORIENTED_EDGE ( 'NONE', *, *, #706, .T. ) ;
#1398 = CARTESIAN_POINT ( 'NONE',  ( -1.900000000000000133, 8.416666666666666075, -3.290896534380868044 ) ) ;
#1399 = CIRCLE ( 'NONE', #106, 2.221874999999999378 ) ;
#1400 = UNCERTAINTY_MEASURE_WITH_UNIT (LENGTH_MEASURE( 1.000000000000000082E-05 ), #1300, 'distance_accuracy_value', 'NONE');
#1401 = CARTESIAN_POINT ( 'NONE',  ( 3.799999999999999822, 5.941666666666667318, 1.018206931238269553 ) ) ;
#1402 = VECTOR ( 'NONE', #806, 1000.000000000000000 ) ;
#1403 = EDGE_CURVE ( 'NONE', #1971, #296, #2190, .T. ) ;
#1404 = CARTESIAN_POINT ( 'NONE',  ( 1.900000000000000133, 8.416666666666666075, 3.290896534380868044 ) ) ;
#1405 = CARTESIAN_POINT ( 'NONE',  ( 3.799999999999999822, 4.041666666666666075, 1.018206931238267332 ) ) ;
#1406 = CARTESIAN_POINT ( 'NONE',  ( -2.781793068761733601, 4.875000000000000000, 2.781793068761733156 ) ) ;
#1407 = MECHANICAL_DESIGN_GEOMETRIC_PRESENTATION_REPRESENTATION (  '', ( #417 ), #575 ) ;
#1408 = VERTEX_POINT ( 'NONE', #1434 ) ;
#1409 =( BOUNDED_CURVE ( )  B_SPLINE_CURVE ( 2, ( #1881, #64, #1519, #1105, #1139 ),
 .UNSPECIFIED., .F., .T. ) 
 B_SPLINE_CURVE_WITH_KNOTS ( ( 3, 2, 3 ),
 ( 0.000000000000000000, 0.02173913043478260809, 0.03000283781263311800 ),
 .UNSPECIFIED. ) 
 CURVE ( )  GEOMETRIC_REPRESENTATION_ITEM ( )  RATIONAL_B_SPLINE_CURVE ( ( 1.000000000000000000, 0.9976687691905391508, 1.000000000000000000, 0.9991138279749778306, 0.9989013780496678319 ) ) 
 REPRESENTATION_ITEM ( '' )  );
#1410 = DIRECTION ( 'NONE',  ( -0.7522738157429387229, 0.000000000000000000, -0.6588505947083596048 ) ) ;
#1411 = EDGE_CURVE ( 'NONE', #767, #1988, #1062, .T. ) ;
#1412 = DIRECTION ( 'NONE',  ( 0.000000000000000000, 0.000000000000000000, -1.000000000000000000 ) ) ;
#1413 = CARTESIAN_POINT ( 'NONE',  ( -3.799999999999999822, 8.650000000000002132, -2.326828918379970872E-16 ) ) ;
#1414 = CARTESIAN_POINT ( 'NONE',  ( -4.657020788611641038, 2.400007235084461676, -2.733524716266349852 ) ) ;
#1415 = CARTESIAN_POINT ( 'NONE',  ( -5.112278605011923993, 10.10000000000000142, 1.739139863477727976 ) ) ;
#1416 = CARTESIAN_POINT ( 'NONE',  ( 3.323610289880922330, 2.400008418351983419, -4.256009238828981189 ) ) ;
#1417 = EDGE_CURVE ( 'NONE', #2172, #364, #53, .T. ) ;
#1418 = CARTESIAN_POINT ( 'NONE',  ( 3.290896534380867156, 6.333333333333333037, 1.900000000000002132 ) ) ;
#1419 = FACE_OUTER_BOUND ( 'NONE', #2317, .T. ) ;
#1420 = CARTESIAN_POINT ( 'NONE',  ( 1.900000000000000133, 7.816666666666666430, 3.290896534380868044 ) ) ;
#1421 = ORIENTED_EDGE ( 'NONE', *, *, #1411, .T. ) ;
#1422 = CARTESIAN_POINT ( 'NONE',  ( 0.4511069818935508069, 4.520289855072464391, -4.979608668448443964 ) ) ;
#1423 = LINE ( 'NONE', #1780, #2310 ) ;
#1424 = LINE ( 'NONE', #750, #2268 ) ;
#1425 = DIRECTION ( 'NONE',  ( -0.000000000000000000, -1.000000000000000000, -0.000000000000000000 ) ) ;
#1426 = CARTESIAN_POINT ( 'NONE',  ( -4.765041112787740119, 3.461315189598770381, 2.544413652154056127 ) ) ;
#1427 = ORIENTED_EDGE ( 'NONE', *, *, #1092, .T. ) ;
#1428 = CARTESIAN_POINT ( 'NONE',  ( 2.781793068761734045, 7.375000000000000000, -2.781793068761732712 ) ) ;
#1429 = CARTESIAN_POINT ( 'NONE',  ( -4.420777644316424393, 2.361466416093144449, 2.335968160018372597 ) ) ;
#1430 = CARTESIAN_POINT ( 'NONE',  ( 3.889884267333224344, 7.310144927536232018, 3.160027024512553684 ) ) ;
#1431 = ADVANCED_FACE ( 'NONE', ( #1419 ), #953, .T. ) ;
#1432 = VERTEX_POINT ( 'NONE', #1213 ) ;
#1433 = DIRECTION ( 'NONE',  ( 0.000000000000000000, 0.000000000000000000, -1.000000000000000000 ) ) ;
#1434 = CARTESIAN_POINT ( 'NONE',  ( 4.657020788609830930, 2.400007235111831339, 2.733524716269436716 ) ) ;
#1435 = CARTESIAN_POINT ( 'NONE',  ( 4.230884303174407002, 2.400000000000000799, 2.664510839376039719 ) ) ;
#1436 = EDGE_LOOP ( 'NONE', ( #1153, #1512, #1330, #912 ) ) ;
#1437 = DIRECTION ( 'NONE',  ( -0.000000000000000000, -1.000000000000000000, -0.000000000000000000 ) ) ;
#1438 = DIRECTION ( 'NONE',  ( -0.000000000000000000, -1.000000000000000000, -0.000000000000000000 ) ) ;
#1439 = DIRECTION ( 'NONE',  ( -0.000000000000000000, -1.000000000000000000, -0.000000000000000000 ) ) ;
#1440 = CARTESIAN_POINT ( 'NONE',  ( -4.041334437186265017E-16, 5.200000000000000178, 3.299999999999999378 ) ) ;
#1441 = CARTESIAN_POINT ( 'NONE',  ( 5.112278605011902677, 10.10000000000000142, 1.739139863477800807 ) ) ;
#1442 = CARTESIAN_POINT ( 'NONE',  ( 4.657020788609830930, 2.400007235111831339, 2.733524716269436716 ) ) ;
#1443 = CARTESIAN_POINT ( 'NONE',  ( 5.211387199661359659, 3.461315189585152829, 1.588757980927641533 ) ) ;
#1444 = VECTOR ( 'NONE', #1061, 1000.000000000000000 ) ;
#1445 = CARTESIAN_POINT ( 'NONE',  ( 2.857883832488647080, 8.533333333333333215, 1.650000000000000133 ) ) ;
#1446 = EDGE_LOOP ( 'NONE', ( #1447, #2009, #1353, #1527 ) ) ;
#1447 = ORIENTED_EDGE ( 'NONE', *, *, #1380, .T. ) ;
#1448 = AXIS2_PLACEMENT_3D ( 'NONE', #1332, #94, #270 ) ;
#1449 = AXIS2_PLACEMENT_3D ( 'NONE', #842, #1197, #124 ) ;
#1450 = CARTESIAN_POINT ( 'NONE',  ( -1.869900765688319311, 8.699999999999999289, -3.320379372463106993 ) ) ;
#1451 = VERTEX_POINT ( 'NONE', #1785 ) ;
#1452 = DIRECTION ( 'NONE',  ( -1.000000000000000000, 0.000000000000000000, -6.123233995736766036E-17 ) ) ;
#1453 = PRODUCT_CONTEXT ( 'NONE', #2067, 'mechanical' ) ;
#1454 = FACE_OUTER_BOUND ( 'NONE', #397, .T. ) ;
#1455 =( BOUNDED_CURVE ( )  B_SPLINE_CURVE ( 2, ( #150, #2134, #710, #534, #2006 ),
 .UNSPECIFIED., .F., .F. ) 
 B_SPLINE_CURVE_WITH_KNOTS ( ( 3, 2, 3 ),
 ( 0.000000000000000000, 0.02173913043478260809, 0.03000283320694692446 ),
 .UNSPECIFIED. ) 
 CURVE ( )  GEOMETRIC_REPRESENTATION_ITEM ( )  RATIONAL_B_SPLINE_CURVE ( ( 1.000000000000000000, 0.9976687691905391508, 1.000000000000000000, 0.9991138284688759752, 0.9989013782864812896 ) ) 
 REPRESENTATION_ITEM ( '' )  );
#1456 = CARTESIAN_POINT ( 'NONE',  ( -1.919453664555815786, 8.700000000000001066, 3.318101923983714840 ) ) ;
#1457 = EDGE_CURVE ( 'NONE', #767, #539, #748, .T. ) ;
#1458 = CARTESIAN_POINT ( 'NONE',  ( -1.650000000000001243, 7.283333333333333215, 2.857883832488646636 ) ) ;
#1459 = ORIENTED_EDGE ( 'NONE', *, *, #258, .F. ) ;
#1460 = ORIENTED_EDGE ( 'NONE', *, *, #412, .F. ) ;
#1461 = CARTESIAN_POINT ( 'NONE',  ( 4.719054190317668152, 7.310144927536232906, -2.744453654951582777 ) ) ;
#1462 = CARTESIAN_POINT ( 'NONE',  ( 2.415767664977294782, 8.325000000000001066, 2.415767664977294782 ) ) ;
#1463 = CARTESIAN_POINT ( 'NONE',  ( -5.231239030683752844, 7.310144927536232018, -1.389450426890935564 ) ) ;
#1464 = EDGE_CURVE ( 'NONE', #1954, #1194, #300, .T. ) ;
#1465 = B_SPLINE_CURVE_WITH_KNOTS ( 'NONE', 1,
 ( #1705, #237 ),
 .UNSPECIFIED., .F., .F.,
 ( 2, 2 ),
 ( 0.000000000000000000, 1.000000000000000000 ),
 .UNSPECIFIED. ) ;
#1466 = ORIENTED_EDGE ( 'NONE', *, *, #204, .T. ) ;
#1467 = CARTESIAN_POINT ( 'NONE',  ( -0.8842323350227045964, 2.908333333333333659, -3.299999999999999822 ) ) ;
#1468 = EDGE_LOOP ( 'NONE', ( #280, #1901 ) ) ;
#1469 = CARTESIAN_POINT ( 'NONE',  ( -1.899999999999999245, 5.916666666666666963, -3.290896534380868488 ) ) ;
#1470 = CARTESIAN_POINT ( 'NONE',  ( -4.062278605011867327, 10.10000000000000142, -3.557793211425143820 ) ) ;
#1471 = DIRECTION ( 'NONE',  ( 1.697946390177404483E-17, -0.9903417466743302811, 0.1386478445344062616 ) ) ;
#1472 = CARTESIAN_POINT ( 'NONE',  ( 0.000000000000000000, 2.550000000000000266, 3.550000000000000266 ) ) ;
#1473 = CARTESIAN_POINT ( 'NONE',  ( -5.328135777188991895, 3.461315189585152829, -0.8891719629320976592 ) ) ;
#1474 = ORIENTED_EDGE ( 'NONE', *, *, #2251, .T. ) ;
#1475 = LINE ( 'NONE', #935, #1642 ) ;
#1476 = DIRECTION ( 'NONE',  ( -0.000000000000000000, -1.000000000000000000, -0.000000000000000000 ) ) ;
#1477 = DIRECTION ( 'NONE',  ( -0.000000000000000000, -1.000000000000000000, -0.000000000000000000 ) ) ;
#1478 = CARTESIAN_POINT ( 'NONE',  ( 0.000000000000000000, 2.400000000000000355, 3.800000000000000266 ) ) ;
#1479 = CARTESIAN_POINT ( 'NONE',  ( 0.000000000000000000, 0.000000000000000000, 0.000000000000000000 ) ) ;
#1480 = FACE_OUTER_BOUND ( 'NONE', #1106, .T. ) ;
#1481 =( NAMED_UNIT ( * ) PLANE_ANGLE_UNIT ( ) SI_UNIT ( $, .RADIAN. ) );
#1482 = CARTESIAN_POINT ( 'NONE',  ( 0.000000000000000000, 0.000000000000000000, 0.000000000000000000 ) ) ;
#1483 = PLANE ( 'NONE',  #1202 ) ;
#1484 = FACE_OUTER_BOUND ( 'NONE', #80, .T. ) ;
#1485 = AXIS2_PLACEMENT_3D ( 'NONE', #860, #1438, #1607 ) ;
#1486 = VERTEX_POINT ( 'NONE', #518 ) ;
#1487 = EDGE_CURVE ( 'NONE', #1747, #14, #1689, .T. ) ;
#1488 = AXIS2_PLACEMENT_3D ( 'NONE', #1693, #45, #1640 ) ;
#1489 = CARTESIAN_POINT ( 'NONE',  ( -4.781585799167391571, 10.10000000000000142, 1.461655652060612542 ) ) ;
#1490 = EDGE_CURVE ( 'NONE', #446, #992, #1276, .T. ) ;
#1491 = DIRECTION ( 'NONE',  ( 0.000000000000000000, 0.000000000000000000, -1.000000000000000000 ) ) ;
#1492 = AXIS2_PLACEMENT_3D ( 'NONE', #974, #430, #2250 ) ;
#1493 = CARTESIAN_POINT ( 'NONE',  ( 2.857883832488648412, 6.866666666666667140, -1.649999999999997691 ) ) ;
#1494 = CARTESIAN_POINT ( 'NONE',  ( -1.761485870634748929, 4.520289855072464391, -5.104622172850223016 ) ) ;
#1495 =( BOUNDED_SURFACE ( )  B_SPLINE_SURFACE ( 1, 2, ( 
 ( #1805, #1989, #1058, #501, #2161, #1759, #2373 ),
 ( #530, #840, #668, #1386, #478, #2338, #1068 ) ),
 .UNSPECIFIED., .F., .F., .T. ) 
 B_SPLINE_SURFACE_WITH_KNOTS ( ( 2, 2 ),
 ( 3, 2, 2, 3 ),
 ( 0.000000000000000000, 1.000000000000000000 ),
 ( 0.000000000000000000, 0.02173913043478260809, 0.03000283781263311800, 0.03030286619075944765 ),
 .UNSPECIFIED. ) 
 GEOMETRIC_REPRESENTATION_ITEM ( )  RATIONAL_B_SPLINE_SURFACE ( (
 ( 1.000000000000000000, 0.9976687691905391508, 1.000000000000000000, 0.9991138279749778306, 0.9989013780496678319, 0.9989013780496678319, 0.9989013780496678319),
 ( 1.000000000000000000, 0.9976687691905391508, 1.000000000000000000, 0.9991138279749778306, 0.9989013780496678319, 0.9989013780496678319, 0.9989013780496678319) ) ) 
 REPRESENTATION_ITEM ( '' )  SURFACE ( )  );
#1496 = CARTESIAN_POINT ( 'NONE',  ( 3.173555153997378753, 8.700000000000004619, 1.495603562602610737 ) ) ;
#1497 = CARTESIAN_POINT ( 'NONE',  ( 4.586047416896232853, 3.461315189585152829, 2.854439827672901053 ) ) ;
#1498 = ADVANCED_FACE ( 'NONE', ( #662 ), #540, .F. ) ;
#1499 = CARTESIAN_POINT ( 'NONE',  ( -3.299999999999998490, 6.241666666666667140, -0.8842323350227073719 ) ) ;
#1500 = CARTESIAN_POINT ( 'NONE',  ( 1.095441181598556746, 8.700000000000001066, 3.641794965376321080 ) ) ;
#1501 = VERTEX_POINT ( 'NONE', #1872 ) ;
#1502 = CARTESIAN_POINT ( 'NONE',  ( 1.650000000000000799, 4.783333333333334103, -2.857883832488646636 ) ) ;
#1503 = CARTESIAN_POINT ( 'NONE',  ( -4.956770607776036286, 3.461315189598770825, -0.6687887556062711569 ) ) ;
#1504 = CARTESIAN_POINT ( 'NONE',  ( 4.781585799167372919, 10.10000000000000142, 1.461655652060676491 ) ) ;
#1505 = CARTESIAN_POINT ( 'NONE',  ( 1.018206931238269775, 7.191666666666666430, -3.800000000000000266 ) ) ;
#1506 = ORIENTED_EDGE ( 'NONE', *, *, #1702, .T. ) ;
#1507 = CARTESIAN_POINT ( 'NONE',  ( -3.656623825853286380, 10.10000000000000142, -3.410146946423580072 ) ) ;
#1508 = CARTESIAN_POINT ( 'NONE',  ( -2.024006974626720190, 2.400008418351983419, -5.006335562730725997 ) ) ;
#1509 = CARTESIAN_POINT ( 'NONE',  ( -3.703511073497879114, 8.700000000000001066, 0.9889936687349195621 ) ) ;
#1510 = CARTESIAN_POINT ( 'NONE',  ( -3.290896534380868044, 4.666666666666666963, 1.899999999999999467 ) ) ;
#1511 = DIRECTION ( 'NONE',  ( -0.000000000000000000, -1.000000000000000000, -0.000000000000000000 ) ) ;
#1512 = ORIENTED_EDGE ( 'NONE', *, *, #20, .T. ) ;
#1513 = CARTESIAN_POINT ( 'NONE',  ( -3.800000000000000266, 5.941666666666668206, -1.018206931238269553 ) ) ;
#1514 = CARTESIAN_POINT ( 'NONE',  ( 0.000000000000000000, 2.700000000000000178, 3.800000000000000711 ) ) ;
#1515 = CARTESIAN_POINT ( 'NONE',  ( -2.688821387764050996E-14, 10.10000000000000142, -1.149254302834634700E-14 ) ) ;
#1516 = CARTESIAN_POINT ( 'NONE',  ( -3.800000000000000711, 3.650000000000000355, -2.326828918379971858E-16 ) ) ;
#1517 = ORIENTED_EDGE ( 'NONE', *, *, #2294, .T. ) ;
#1518 = EDGE_CURVE ( 'NONE', #1369, #557, #2150, .T. ) ;
#1519 = CARTESIAN_POINT ( 'NONE',  ( 4.827849718688048242, 4.520289855072464391, -2.419063267829870245 ) ) ;
#1520 = CARTESIAN_POINT ( 'NONE',  ( -3.799999999999999822, 6.541666666666666075, -1.018206931238269553 ) ) ;
#1521 = CARTESIAN_POINT ( 'NONE',  ( 0.1920910333096720046, 2.400000000000000799, -4.996308740952867034 ) ) ;
#1522 = ORIENTED_EDGE ( 'NONE', *, *, #331, .T. ) ;
#1523 = LINE ( 'NONE', #832, #1725 ) ;
#1524 = VECTOR ( 'NONE', #1622, 1000.000000000000000 ) ;
#1525 = CARTESIAN_POINT ( 'NONE',  ( 0.000000000000000000, 10.10000000000000142, 0.000000000000000000 ) ) ;
#1526 = AXIS2_PLACEMENT_3D ( 'NONE', #2196, #1476, #1842 ) ;
#1527 = ORIENTED_EDGE ( 'NONE', *, *, #258, .T. ) ;
#1528 = CARTESIAN_POINT ( 'NONE',  ( -1.050000000000000044, 10.10000000000000142, -5.296933074902872463 ) ) ;
#1529 = AXIS2_PLACEMENT_3D ( 'NONE', #2157, #1437, #1778 ) ;
#1530 = CIRCLE ( 'NONE', #2152, 5.400000000000032330 ) ;
#1531 = ADVANCED_FACE ( 'NONE', ( #1279 ), #229, .F. ) ;
#1532 = CARTESIAN_POINT ( 'NONE',  ( -2.781793068761734489, 7.375000000000000000, 2.781793068761733156 ) ) ;
#1533 = ORIENTED_EDGE ( 'NONE', *, *, #455, .F. ) ;
#1534 = CARTESIAN_POINT ( 'NONE',  ( 3.299999999999999822, 4.158333333333333215, -0.8842323350227042633 ) ) ;
#1535 = CARTESIAN_POINT ( 'NONE',  ( 4.510225898727266980, 4.520289855072463503, -3.052961558229656536 ) ) ;
#1536 = CARTESIAN_POINT ( 'NONE',  ( 0.000000000000000000, 14.89999999999999680, 0.000000000000000000 ) ) ;
#1537 = ORIENTED_EDGE ( 'NONE', *, *, #597, .T. ) ;
#1538 = CARTESIAN_POINT ( 'NONE',  ( 0.000000000000000000, 1.084202172485504434E-16, 0.000000000000000000 ) ) ;
#1539 = CARTESIAN_POINT ( 'NONE',  ( -2.781793068761731824, 6.124999999999999112, -2.781793068761734933 ) ) ;
#1540 = CARTESIAN_POINT ( 'NONE',  ( -3.323610289883791147, 2.400008418379258934, 4.256009238826739427 ) ) ;
#1541 = CARTESIAN_POINT ( 'NONE',  ( -2.490533200752437448, 8.556186645350011943, -2.949952031961036614 ) ) ;
#1542 = EDGE_LOOP ( 'NONE', ( #1724, #787, #76, #1189 ) ) ;
#1543 = CARTESIAN_POINT ( 'NONE',  ( 4.529418049222122100, 10.10000000000000142, -3.024414665511181433 ) ) ;
#1544 = ORIENTED_EDGE ( 'NONE', *, *, #1702, .F. ) ;
#1545 = DIRECTION ( 'NONE',  ( 0.000000000000000000, 1.000000000000000000, 0.000000000000000000 ) ) ;
#1546 = CARTESIAN_POINT ( 'NONE',  ( -3.290896534380867156, 6.333333333333333037, -1.900000000000002132 ) ) ;
#1547 = B_SPLINE_CURVE_WITH_KNOTS ( 'NONE', 3,
 ( #2053, #1853, #2207, #1087, #1450, #925, #1075, #2383, #2019, #2245, #592 ),
 .UNSPECIFIED., .F., .F.,
 ( 4, 2, 2, 2, 1, 4 ),
 ( 0.8602564862264069356, 0.8951923646698052295, 0.9301282431132035233, 0.9475961823349026147, 0.9650641215566018172, 1.000000000000000000 ),
 .UNSPECIFIED. ) ;
#1548 = CARTESIAN_POINT ( 'NONE',  ( 0.3888293168405860256, 4.520289855072463503, 5.432450984219143741 ) ) ;
#1549 = CARTESIAN_POINT ( 'NONE',  ( -1.900000000000002132, 7.583333333333333037, 3.290896534380866711 ) ) ;
#1550 = ORIENTED_EDGE ( 'NONE', *, *, #2258, .F. ) ;
#1551 = CARTESIAN_POINT ( 'NONE',  ( 3.323610289880905011, 2.400008418351826212, -4.256009238828993624 ) ) ;
#1552 = VERTEX_POINT ( 'NONE', #1668 ) ;
#1553 = CARTESIAN_POINT ( 'NONE',  ( -3.800000000000000266, 4.041666666666666075, -1.018206931238267332 ) ) ;
#1554 = ADVANCED_FACE ( 'NONE', ( #1659 ), #1098, .F. ) ;
#1555 = LINE ( 'NONE', #885, #444 ) ;
#1556 = CARTESIAN_POINT ( 'NONE',  ( -3.799999999999999822, 8.441666666666666430, -1.018206931238267332 ) ) ;
#1557 = AXIS2_PLACEMENT_3D ( 'NONE', #479, #26, #202 ) ;
#1558 = ORIENTED_EDGE ( 'NONE', *, *, #389, .T. ) ;
#1559 = AXIS2_PLACEMENT_3D ( 'NONE', #469, #2177, #328 ) ;
#1560 = ORIENTED_EDGE ( 'NONE', *, *, #621, .F. ) ;
#1561 = CARTESIAN_POINT ( 'NONE',  ( 4.653657836759943716E-16, 5.500000000000000000, -3.800000000000000711 ) ) ;
#1562 = ADVANCED_FACE ( 'NONE', ( #216, #2007 ), #1483, .T. ) ;
#1563 = VERTEX_POINT ( 'NONE', #2191 ) ;
#1564 = CARTESIAN_POINT ( 'NONE',  ( -3.200010037200859081, 2.400000000000000355, 4.182326723746502495 ) ) ;
#1565 = CARTESIAN_POINT ( 'NONE',  ( 3.299999999999998934, 3.741666666666666696, 0.8842323350227053735 ) ) ;
#1566 = CARTESIAN_POINT ( 'NONE',  ( -5.112278605011888466, 10.10000000000000142, -1.739139863477835446 ) ) ;
#1567 = ORIENTED_EDGE ( 'NONE', *, *, #1027, .F. ) ;
#1568 = CARTESIAN_POINT ( 'NONE',  ( -1.018206931238266222, 8.208333333333335702, -3.800000000000000266 ) ) ;
#1569 = FACE_OUTER_BOUND ( 'NONE', #1800, .T. ) ;
#1570 = DIRECTION ( 'NONE',  ( 1.000000000000000000, 0.000000000000000000, 0.000000000000000000 ) ) ;
#1571 = ADVANCED_FACE ( 'NONE', ( #362 ), #1681, .T. ) ;
#1572 = CARTESIAN_POINT ( 'NONE',  ( -5.231239030683752844, 7.310144927536232906, -1.389450426890936452 ) ) ;
#1573 = CARTESIAN_POINT ( 'NONE',  ( -4.062278605011941046, 10.10000000000000142, 3.557793211425058555 ) ) ;
#1574 = VERTEX_POINT ( 'NONE', #1264 ) ;
#1575 = CARTESIAN_POINT ( 'NONE',  ( -2.857883832488647080, 8.533333333333333215, -1.650000000000000133 ) ) ;
#1576 = ORIENTED_EDGE ( 'NONE', *, *, #1518, .F. ) ;
#1577 =( BOUNDED_CURVE ( )  B_SPLINE_CURVE ( 2, ( #1799, #683, #1420, #1050, #694, #320, #1390 ),
 .UNSPECIFIED., .F., .T. ) 
 B_SPLINE_CURVE_WITH_KNOTS ( ( 3, 2, 2, 3 ),
 ( 0.5000000000000000000, 0.5416666666666666297, 0.5833333333333333703, 0.6250000000000000000 ),
 .UNSPECIFIED. ) 
 CURVE ( )  GEOMETRIC_REPRESENTATION_ITEM ( )  RATIONAL_B_SPLINE_CURVE ( ( 1.000000000000000000, 0.9659258262890683122, 1.000000000000000000, 0.9659258262890683122, 1.000000000000000000, 0.9659258262890683122, 1.000000000000000000 ) ) 
 REPRESENTATION_ITEM ( '' )  );
#1578 = CARTESIAN_POINT ( 'NONE',  ( -0.1409917665965253197, 2.400000000000000355, 5.130826026814371943 ) ) ;
#1579 = CARTESIAN_POINT ( 'NONE',  ( 0.000000000000000000, 0.000000000000000000, 0.000000000000000000 ) ) ;
#1580 = EDGE_CURVE ( 'NONE', #658, #268, #244, .T. ) ;
#1581 = CARTESIAN_POINT ( 'NONE',  ( 0.000000000000000000, 12.60000000000000142, 0.000000000000000000 ) ) ;
#1582 = CARTESIAN_POINT ( 'NONE',  ( 3.290896534380867156, 5.733333333333333393, 1.900000000000002132 ) ) ;
#1583 = DIRECTION ( 'NONE',  ( 0.000000000000000000, 0.000000000000000000, -1.000000000000000000 ) ) ;
#1584 = CARTESIAN_POINT ( 'NONE',  ( 3.290896534380867600, 3.833333333333333481, 1.900000000000000799 ) ) ;
#1585 = CARTESIAN_POINT ( 'NONE',  ( -2.415767664977294782, 3.325000000000000622, -2.415767664977294782 ) ) ;
#1586 = ORIENTED_EDGE ( 'NONE', *, *, #1309, .F. ) ;
#1587 = CARTESIAN_POINT ( 'NONE',  ( -3.076409784520783841, 2.400000000000000355, 4.108644208664035347 ) ) ;
#1588 = CARTESIAN_POINT ( 'NONE',  ( 2.017974564015339034, 2.400000000000000799, 4.574688913903010246 ) ) ;
#1589 =( BOUNDED_CURVE ( )  B_SPLINE_CURVE ( 2, ( #1507, #2211, #1111, #1868, #929 ),
 .UNSPECIFIED., .F., .T. ) 
 B_SPLINE_CURVE_WITH_KNOTS ( ( 3, 2, 3 ),
 ( 0.000000000000000000, 0.7245684613450448230, 1.000000000000000000 ),
 .UNSPECIFIED. ) 
 CURVE ( )  GEOMETRIC_REPRESENTATION_ITEM ( )  RATIONAL_B_SPLINE_CURVE ( ( 1.000000000000000000, 0.9976687691905391508, 1.000000000000000000, 0.9991138279749778306, 0.9989013780496678319 ) ) 
 REPRESENTATION_ITEM ( '' )  );
#1590 = CARTESIAN_POINT ( 'NONE',  ( 1.091247263997687345, 4.520289855072463503, 5.335905859588960354 ) ) ;
#1591 = ADVANCED_FACE ( 'NONE', ( #1849 ), #781, .F. ) ;
#1592 = ORIENTED_EDGE ( 'NONE', *, *, #289, .F. ) ;
#1593 = CIRCLE ( 'NONE', #1836, 2.221874999999999378 ) ;
#1594 = CARTESIAN_POINT ( 'NONE',  ( 1.018206931238269775, 7.791666666666666075, -3.800000000000000266 ) ) ;
#1595 = FACE_OUTER_BOUND ( 'NONE', #1372, .T. ) ;
#1596 = AXIS2_PLACEMENT_3D ( 'NONE', #31, #2, #1452 ) ;
#1597 = UNCERTAINTY_MEASURE_WITH_UNIT (LENGTH_MEASURE( 1.000000000000000082E-05 ), #2020, 'distance_accuracy_value', 'NONE');
#1598 = VECTOR ( 'NONE', #136, 1000.000000000000000 ) ;
#1599 = CARTESIAN_POINT ( 'NONE',  ( 2.554536682596431932E-16, 1.084202172485504434E-16, -1.949999999999999956 ) ) ;
#1600 = DIRECTION ( 'NONE',  ( 0.000000000000000000, 0.000000000000000000, -1.000000000000000000 ) ) ;
#1601 = AXIS2_PLACEMENT_3D ( 'NONE', #548, #186, #1570 ) ;
#1602 = FACE_OUTER_BOUND ( 'NONE', #2139, .T. ) ;
#1603 = CARTESIAN_POINT ( 'NONE',  ( 1.899999999999999245, 5.916666666666666963, 3.290896534380868488 ) ) ;
#1604 = ORIENTED_EDGE ( 'NONE', *, *, #1220, .F. ) ;
#1605 = FACE_OUTER_BOUND ( 'NONE', #2270, .T. ) ;
#1606 = CARTESIAN_POINT ( 'NONE',  ( -4.062278605011867327, 10.10000000000000142, -3.557793211425143820 ) ) ;
#1607 = DIRECTION ( 'NONE',  ( 0.000000000000000000, 0.000000000000000000, -1.000000000000000000 ) ) ;
#1608 = CARTESIAN_POINT ( 'NONE',  ( 0.000000000000000000, 2.400000000000000799, 0.000000000000000000 ) ) ;
#1609 = CARTESIAN_POINT ( 'NONE',  ( -5.112278605011923993, 10.10000000000000142, 1.739139863477727754 ) ) ;
#1610 = ORIENTED_EDGE ( 'NONE', *, *, #2247, .F. ) ;
#1611 = B_SPLINE_CURVE_WITH_KNOTS ( 'NONE', 3,
 ( #1790, #2132, #1019, #330 ),
 .UNSPECIFIED., .F., .F.,
 ( 4, 4 ),
 ( 0.000000000000000000, 1.000000000000000000 ),
 .UNSPECIFIED. ) ;
#1612 = ORIENTED_EDGE ( 'NONE', *, *, #1417, .T. ) ;
#1613 = CARTESIAN_POINT ( 'NONE',  ( 0.000000000000000000, 8.000000000000000000, -3.800000000000000711 ) ) ;
#1614 = EDGE_CURVE ( 'NONE', #383, #238, #1645, .T. ) ;
#1615 = ORIENTED_EDGE ( 'NONE', *, *, #1411, .F. ) ;
#1616 = CARTESIAN_POINT ( 'NONE',  ( 3.290896534380867600, 3.233333333333333837, 1.900000000000000799 ) ) ;
#1617 = CARTESIAN_POINT ( 'NONE',  ( 3.799999999999999822, 4.458333333333333037, -1.018206931238265778 ) ) ;
#1618 = ORIENTED_EDGE ( 'NONE', *, *, #899, .F. ) ;
#1619 = ADVANCED_FACE ( 'NONE', ( #326 ), #1812, .F. ) ;
#1620 = CARTESIAN_POINT ( 'NONE',  ( 2.021996171087366623, 2.400000000000000355, 4.862453346455721359 ) ) ;
#1621 = CARTESIAN_POINT ( 'NONE',  ( 0.000000000000000000, 2.700000000000000178, -3.800000000000000711 ) ) ;
#1622 = DIRECTION ( 'NONE',  ( -0.000000000000000000, -1.000000000000000000, -0.000000000000000000 ) ) ;
#1623 = CARTESIAN_POINT ( 'NONE',  ( 0.000000000000000000, 8.700000000000001066, 0.000000000000000000 ) ) ;
#1624 = ORIENTED_EDGE ( 'NONE', *, *, #1054, .T. ) ;
#1625 = ORIENTED_EDGE ( 'NONE', *, *, #1046, .T. ) ;
#1626 = CARTESIAN_POINT ( 'NONE',  ( 0.000000000000000000, 7.400000000000000355, 3.800000000000000711 ) ) ;
#1627 = CARTESIAN_POINT ( 'NONE',  ( -3.425000000000000266, 8.875000000000001776, -2.097207643539842469E-16 ) ) ;
#1628 = EDGE_LOOP ( 'NONE', ( #2308, #1466, #434, #1624 ) ) ;
#1629 = DIRECTION ( 'NONE',  ( -0.000000000000000000, -1.000000000000000000, -0.000000000000000000 ) ) ;
#1630 = DIRECTION ( 'NONE',  ( 1.000000000000000000, 0.000000000000000000, 0.000000000000000000 ) ) ;
#1631 = CARTESIAN_POINT ( 'NONE',  ( 1.649999999999999467, 8.116666666666667140, 2.857883832488647524 ) ) ;
#1632 = EDGE_LOOP ( 'NONE', ( #579, #1427, #975, #100 ) ) ;
#1633 = CARTESIAN_POINT ( 'NONE',  ( 2.415767664977294782, 4.575000000000000178, -2.415767664977294338 ) ) ;
#1634 = CARTESIAN_POINT ( 'NONE',  ( 4.513921564917890983, 2.400000000000000355, -2.443310561810139170 ) ) ;
#1635 = CARTESIAN_POINT ( 'NONE',  ( -4.075406394607471228, 4.520289855072463503, 3.613000782226704288 ) ) ;
#1636 = EDGE_CURVE ( 'NONE', #403, #817, #1611, .T. ) ;
#1638 = CARTESIAN_POINT ( 'NONE',  ( -3.299999999999999822, 4.158333333333333215, 0.8842323350227042633 ) ) ;
#1637 = CARTESIAN_POINT ( 'NONE',  ( -4.653657836759943716E-16, 4.899999999999999467, 3.800000000000000711 ) ) ;
#1639 = CARTESIAN_POINT ( 'NONE',  ( -2.017975506167452249, 2.400000000000000799, -4.574688498303268958 ) ) ;
#1640 = DIRECTION ( 'NONE',  ( 0.000000000000000000, 0.000000000000000000, -1.000000000000000000 ) ) ;
#1641 = CARTESIAN_POINT ( 'NONE',  ( -3.799930429027442269, 8.700000000000001066, 0.5035613210807585727 ) ) ;
#1642 = VECTOR ( 'NONE', #1673, 1000.000000000000114 ) ;
#1643 = ADVANCED_FACE ( 'NONE', ( #1242 ), #1984, .F. ) ;
#1644 = CARTESIAN_POINT ( 'NONE',  ( 0.000000000000000000, 2.400000000000000355, -3.800000000000000266 ) ) ;
#1645 = B_SPLINE_CURVE_WITH_KNOTS ( 'NONE', 3,
 ( #1337, #2097, #836, #2166 ),
 .UNSPECIFIED., .F., .F.,
 ( 4, 4 ),
 ( 0.000000000000000000, 1.000000000000000000 ),
 .UNSPECIFIED. ) ;
#1646 = VECTOR ( 'NONE', #1511, 1000.000000000000000 ) ;
#1647 = CARTESIAN_POINT ( 'NONE',  ( -4.736293679855932304, 7.310144927536232906, -2.714593983174760083 ) ) ;
#1648 = ORIENTED_EDGE ( 'NONE', *, *, #278, .F. ) ;
#1649 = CIRCLE ( 'NONE', #1448, 5.000000000000000000 ) ;
#1650 = DIRECTION ( 'NONE',  ( -0.000000000000000000, -1.000000000000000000, -0.000000000000000000 ) ) ;
#1651 = DIRECTION ( 'NONE',  ( -0.1944444444444438647, 0.000000000000000000, 0.9809135323894209169 ) ) ;
#1653 = FACE_OUTER_BOUND ( 'NONE', #28, .T. ) ;
#1652 = CARTESIAN_POINT ( 'NONE',  ( 0.000000000000000000, 7.400000000000000355, -3.800000000000000711 ) ) ;
#1654 = ORIENTED_EDGE ( 'NONE', *, *, #1893, .F. ) ;
#1655 = CARTESIAN_POINT ( 'NONE',  ( 0.000000000000000000, 0.000000000000000000, 0.000000000000000000 ) ) ;
#1656 = DIRECTION ( 'NONE',  ( -0.000000000000000000, -1.000000000000000000, -0.000000000000000000 ) ) ;
#1657 = EDGE_LOOP ( 'NONE', ( #2279, #677, #1793, #120, #489, #1672, #1474, #2288, #294, #973, #627, #1840, #1506, #1522, #159, #1732, #178, #1558, #283, #1948, #1858, #83, #2021, #117 ) ) ;
#1658 = CARTESIAN_POINT ( 'NONE',  ( 3.716666666666667229, 8.700000000000001066, 2.275801968415498386E-16 ) ) ;
#1659 = FACE_OUTER_BOUND ( 'NONE', #377, .T. ) ;
#1660 = FACE_OUTER_BOUND ( 'NONE', #1204, .T. ) ;
#1661 = ORIENTED_EDGE ( 'NONE', *, *, #63, .T. ) ;
#1662 = CARTESIAN_POINT ( 'NONE',  ( 2.818925648462311528E-15, 10.10000000000000142, -3.382710778154773834E-14 ) ) ;
#1663 = CARTESIAN_POINT ( 'NONE',  ( 3.656623825853333010, 10.10000000000000142, -3.410146946423531666 ) ) ;
#1664 =( BOUNDED_SURFACE ( )  B_SPLINE_SURFACE ( 1, 2, ( 
 ( #2126, #1934, #1762, #111, #456 ),
 ( #545, #1259, #1958, #1177, #172 ) ),
 .UNSPECIFIED., .F., .F., .T. ) 
 B_SPLINE_SURFACE_WITH_KNOTS ( ( 2, 2 ),
 ( 3, 2, 3 ),
 ( 0.000000000000000000, 1.000000000000000000 ),
 ( 0.000000000000000000, 0.02173913043478260809, 0.03000283320684075244 ),
 .UNSPECIFIED. ) 
 GEOMETRIC_REPRESENTATION_ITEM ( )  RATIONAL_B_SPLINE_SURFACE ( (
 ( 1.000000000000000000, 0.9976687691905391508, 1.000000000000000000, 0.9991138284688874105, 0.9989013782864868407),
 ( 1.000000000000000000, 0.9976687691905391508, 1.000000000000000000, 0.9991138284688874105, 0.9989013782864868407) ) ) 
 REPRESENTATION_ITEM ( '' )  SURFACE ( )  );
#1665 = CARTESIAN_POINT ( 'NONE',  ( 2.017974564015339478, 2.400008418379260711, 4.574688913903007581 ) ) ;
#1666 = ORIENTED_EDGE ( 'NONE', *, *, #312, .F. ) ;
#1667 = EDGE_CURVE ( 'NONE', #1374, #403, #1314, .T. ) ;
#1668 = CARTESIAN_POINT ( 'NONE',  ( -3.656623825853286380, 10.10000000000000142, -3.410146946423580072 ) ) ;
#1669 = ADVANCED_FACE ( 'NONE', ( #1382 ), #144, .T. ) ;
#1670 = CARTESIAN_POINT ( 'NONE',  ( 2.415767664977294782, 4.575000000000000178, -2.415767664977294338 ) ) ;
#1671 = CARTESIAN_POINT ( 'NONE',  ( -1.899999999999999245, 5.316666666666667318, -3.290896534380868488 ) ) ;
#1672 = ORIENTED_EDGE ( 'NONE', *, *, #412, .T. ) ;
#1673 = DIRECTION ( 'NONE',  ( 0.000000000000000000, -0.9858558466698172928, -0.1675954939338690775 ) ) ;
#1674 = CARTESIAN_POINT ( 'NONE',  ( -0.03879145185342571661, 2.400007235084461676, 5.399860667023095750 ) ) ;
#1675 = CARTESIAN_POINT ( 'NONE',  ( -4.513921564917907858, 2.400000000000000355, 2.443310561810106307 ) ) ;
#1676 = FACE_OUTER_BOUND ( 'NONE', #51, .T. ) ;
#1677 = CYLINDRICAL_SURFACE ( 'NONE', #1875, 5.000000000000000000 ) ;
#1678 = CARTESIAN_POINT ( 'NONE',  ( -1.761485870634749373, 4.520289855072464391, -5.104622172850223016 ) ) ;
#1679 = ADVANCED_FACE ( 'NONE', ( #1605 ), #1016, .F. ) ;
#1680 = CARTESIAN_POINT ( 'NONE',  ( -4.695812240465122578, 2.400007235084461676, 2.666335950756757001 ) ) ;
#1681 = CYLINDRICAL_SURFACE ( 'NONE', #653, 5.000000000000000000 ) ;
#1682 = CARTESIAN_POINT ( 'NONE',  ( -2.415767664977293450, 5.825000000000001066, -2.415767664977296114 ) ) ;
#1683 = AXIS2_PLACEMENT_3D ( 'NONE', #699, #333, #2182 ) ;
#1684 = CARTESIAN_POINT ( 'NONE',  ( 1.490165017492584898, 8.700000000000002842, 3.498361407739202011 ) ) ;
#1685 = EDGE_LOOP ( 'NONE', ( #139, #2179, #1381, #1029 ) ) ;
#1686 = CARTESIAN_POINT ( 'NONE',  ( 4.827849718688049130, 4.520289855072464391, -2.419063267829869357 ) ) ;
#1687 = AXIS2_PLACEMENT_3D ( 'NONE', #1388, #1025, #1433 ) ;
#1688 = CARTESIAN_POINT ( 'NONE',  ( 1.412320148355253657, 7.310144927536232018, 5.225111107286263490 ) ) ;
#1689 = CIRCLE ( 'NONE', #1956, 5.000000000000000000 ) ;
#1690 = CARTESIAN_POINT ( 'NONE',  ( 4.372929798319550088, 2.400000000000000355, 2.687515465007172644 ) ) ;
#1691 = VECTOR ( 'NONE', #769, 999.9999999999998863 ) ;
#1692 = ORIENTED_EDGE ( 'NONE', *, *, #1376, .T. ) ;
#1693 = CARTESIAN_POINT ( 'NONE',  ( 0.000000000000000000, 14.89999999999999680, 0.000000000000000000 ) ) ;
#1694 = LINE ( 'NONE', #983, #1691 ) ;
#1695 = CARTESIAN_POINT ( 'NONE',  ( 2.925586354552479840, 8.700000000000009948, 2.425203716849103408 ) ) ;
#1696 =( BOUNDED_SURFACE ( )  B_SPLINE_SURFACE ( 1, 2, ( 
 ( #888, #851, #491, #1806, #877, #1429, #679 ),
 ( #1415, #325, #122, #1978, #132, #1955, #531 ) ),
 .UNSPECIFIED., .F., .F., .T. ) 
 B_SPLINE_SURFACE_WITH_KNOTS ( ( 2, 2 ),
 ( 3, 2, 2, 3 ),
 ( 0.000000000000000000, 1.000000000000000000 ),
 ( 0.000000000000000000, 0.02173913043478260809, 0.03000283781263311800, 0.03030286619075944765 ),
 .UNSPECIFIED. ) 
 GEOMETRIC_REPRESENTATION_ITEM ( )  RATIONAL_B_SPLINE_SURFACE ( (
 ( 1.000000000000000000, 0.9976687691905391508, 1.000000000000000000, 0.9991138279749778306, 0.9989013780496678319, 0.9989013780496678319, 0.9989013780496678319),
 ( 1.000000000000000000, 0.9976687691905391508, 1.000000000000000000, 0.9991138279749778306, 0.9989013780496678319, 0.9989013780496678319, 0.9989013780496678319) ) ) 
 REPRESENTATION_ITEM ( '' )  SURFACE ( )  );
#1697 = CARTESIAN_POINT ( 'NONE',  ( 0.3189546160415455689, 4.520289855072464391, -5.390572135952341526 ) ) ;
#1698 = CARTESIAN_POINT ( 'NONE',  ( 1.050000000000000044, 10.10000000000000142, -5.296933074902872463 ) ) ;
#1699 = ORIENTED_EDGE ( 'NONE', *, *, #196, .F. ) ;
#1700 = CARTESIAN_POINT ( 'NONE',  ( 3.290896534380867600, 8.233333333333334281, 1.900000000000000799 ) ) ;
#1701 = CARTESIAN_POINT ( 'NONE',  ( 4.883928956521971898, 10.10000000000000142, -2.410383762230499105 ) ) ;
#1702 = EDGE_CURVE ( 'NONE', #238, #19, #644, .T. ) ;
#1703 = CARTESIAN_POINT ( 'NONE',  ( 5.112278605011902677, 10.10000000000000142, 1.739139863477800807 ) ) ;
#1704 = ORIENTED_EDGE ( 'NONE', *, *, #1057, .T. ) ;
#1705 = CARTESIAN_POINT ( 'NONE',  ( -4.781585799167391571, 10.10000000000000142, 1.461655652060612542 ) ) ;
#1706 = CARTESIAN_POINT ( 'NONE',  ( 4.062278605011916177, 10.10000000000000142, -3.557793211425086977 ) ) ;
#1707 = DIRECTION ( 'NONE',  ( 0.9467182601873912473, 0.000000000000000000, -0.3220629376810673072 ) ) ;
#1708 = VERTEX_POINT ( 'NONE', #2334 ) ;
#1709 = CARTESIAN_POINT ( 'NONE',  ( 3.800000000000000266, 8.441666666666668206, 1.018206931238267332 ) ) ;
#1710 = CARTESIAN_POINT ( 'NONE',  ( -1.900000000000001688, 4.483333333333334281, 3.290896534380867156 ) ) ;
#1711 =( BOUNDED_CURVE ( )  B_SPLINE_CURVE ( 2, ( #394, #1862, #762, #2186, #2149 ),
 .UNSPECIFIED., .F., .T. ) 
 B_SPLINE_CURVE_WITH_KNOTS ( ( 3, 2, 3 ),
 ( 0.000000000000000000, 0.02173913043478260809, 0.03000283781263311800 ),
 .UNSPECIFIED. ) 
 CURVE ( )  GEOMETRIC_REPRESENTATION_ITEM ( )  RATIONAL_B_SPLINE_CURVE ( ( 1.000000000000000000, 0.9976687691905391508, 1.000000000000000000, 0.9991138279749778306, 0.9989013780496678319 ) ) 
 REPRESENTATION_ITEM ( '' )  );
#1712 = CARTESIAN_POINT ( 'NONE',  ( -2.781793068761733601, 8.024999999999998579, -2.781793068761733601 ) ) ;
#1713 = CARTESIAN_POINT ( 'NONE',  ( 0.000000000000000000, 1.084202172485504434E-16, 1.949999999999999956 ) ) ;
#1714 = EDGE_CURVE ( 'NONE', #793, #482, #486, .T. ) ;
#1715 = ORIENTED_EDGE ( 'NONE', *, *, #1376, .F. ) ;
#1716 = EDGE_CURVE ( 'NONE', #1763, #383, #904, .T. ) ;
#1717 = CARTESIAN_POINT ( 'NONE',  ( 2.415767664977294782, 4.575000000000000178, -2.415767664977294338 ) ) ;
#1718 = CARTESIAN_POINT ( 'NONE',  ( 3.057573356007092347, 3.461315189585075114, -3.958294889264032612 ) ) ;
#1719 = CIRCLE ( 'NONE', #32, 1.449999999999999956 ) ;
#1720 = ORIENTED_EDGE ( 'NONE', *, *, #2358, .F. ) ;
#1721 = DIRECTION ( 'NONE',  ( 0.000000000000000000, 0.000000000000000000, -1.000000000000000000 ) ) ;
#1722 = EDGE_CURVE ( 'NONE', #223, #1935, #1258, .T. ) ;
#1723 = AXIS2_PLACEMENT_3D ( 'NONE', #2055, #1629, #1583 ) ;
#1724 = ORIENTED_EDGE ( 'NONE', *, *, #1741, .T. ) ;
#1725 = VECTOR ( 'NONE', #436, 1000.000000000000114 ) ;
#1726 = EDGE_LOOP ( 'NONE', ( #1615, #1654, #914, #2156, #968, #1715, #1567, #2371, #466, #2205 ) ) ;
#1727 = CARTESIAN_POINT ( 'NONE',  ( 0.000000000000000000, 8.000000000000000000, 3.800000000000000711 ) ) ;
#1728 = LINE ( 'NONE', #957, #1646 ) ;
#1729 = VERTEX_POINT ( 'NONE', #496 ) ;
#1730 = CARTESIAN_POINT ( 'NONE',  ( 1.900000000000001688, 4.483333333333334281, -3.290896534380867156 ) ) ;
#1731 = CARTESIAN_POINT ( 'NONE',  ( -4.653657836759943716E-16, 4.899999999999999467, 3.800000000000000711 ) ) ;
#1732 = ORIENTED_EDGE ( 'NONE', *, *, #1636, .T. ) ;
#1733 = CARTESIAN_POINT ( 'NONE',  ( -2.857883832488647080, 3.533333333333333659, -1.650000000000000133 ) ) ;
#1734 = CARTESIAN_POINT ( 'NONE',  ( 4.653657836759943716E-16, 5.500000000000000000, -3.800000000000000711 ) ) ;
#1735 = CARTESIAN_POINT ( 'NONE',  ( 0.000000000000000000, 7.400000000000000355, -3.800000000000000711 ) ) ;
#1736 = ADVANCED_FACE ( 'NONE', ( #1053 ), #1802, .F. ) ;
#1737 = CARTESIAN_POINT ( 'NONE',  ( -3.091682691524709092, 8.699999999999999289, -1.975867809496913097 ) ) ;
#1738 = ORIENTED_EDGE ( 'NONE', *, *, #899, .T. ) ;
#1739 = CARTESIAN_POINT ( 'NONE',  ( 3.800000000000000711, 3.650000000000000355, 2.326828918379971858E-16 ) ) ;
#1740 = DIRECTION ( 'NONE',  ( 0.000000000000000000, 0.000000000000000000, -1.000000000000000000 ) ) ;
#1741 = EDGE_CURVE ( 'NONE', #446, #1808, #7, .T. ) ;
#1742 = ORIENTED_EDGE ( 'NONE', *, *, #20, .F. ) ;
#1743 = ORIENTED_EDGE ( 'NONE', *, *, #1269, .T. ) ;
#1744 = CARTESIAN_POINT ( 'NONE',  ( 1.431085521971287688, 7.533336139459754222, 4.801114727944757909 ) ) ;
#1745 = ADVANCED_FACE ( 'NONE', ( #2234 ), #1771, .T. ) ;
#1746 = CARTESIAN_POINT ( 'NONE',  ( 0.7262613041380018286, 7.310144927536232906, 5.410549217357107032 ) ) ;
#1747 = VERTEX_POINT ( 'NONE', #843 ) ;
#1748 = EDGE_CURVE ( 'NONE', #482, #659, #2275, .T. ) ;
#1749 = VERTEX_POINT ( 'NONE', #1599 ) ;
#1750 = CARTESIAN_POINT ( 'NONE',  ( 3.539989543092247892, 4.520289855072464391, -4.077802598802145795 ) ) ;
#1751 = CARTESIAN_POINT ( 'NONE',  ( 2.781793068761734045, 4.875000000000000000, -2.781793068761733601 ) ) ;
#1752 = ORIENTED_EDGE ( 'NONE', *, *, #838, .T. ) ;
#1753 = CARTESIAN_POINT ( 'NONE',  ( -2.857883832488647524, 4.366666666666667140, 1.649999999999999023 ) ) ;
#1754 = CARTESIAN_POINT ( 'NONE',  ( 2.415767664977294782, 3.325000000000000178, 2.415767664977294782 ) ) ;
#1755 = CIRCLE ( 'NONE', #1485, 1.949999999999999956 ) ;
#1756 = DIRECTION ( 'NONE',  ( -0.000000000000000000, -1.000000000000000000, -0.000000000000000000 ) ) ;
#1757 = AXIS2_PLACEMENT_3D ( 'NONE', #424, #1329, #1707 ) ;
#1758 = EDGE_CURVE ( 'NONE', #1789, #1268, #123, .T. ) ;
#1759 = CARTESIAN_POINT ( 'NONE',  ( 4.420777644316407518, 2.361466416093144449, -2.335968160018404127 ) ) ;
#1760 = AXIS2_PLACEMENT_3D ( 'NONE', #1937, #1168, #2103 ) ;
#1761 = AXIS2_PLACEMENT_3D ( 'NONE', #1378, #1656, #175 ) ;
#1762 = CARTESIAN_POINT ( 'NONE',  ( 5.301475413726987718, 4.520289855072464391, 1.026819574048094985 ) ) ;
#1763 = VERTEX_POINT ( 'NONE', #2318 ) ;
#1764 = CARTESIAN_POINT ( 'NONE',  ( 0.000000000000000000, 8.000000000000000000, -3.800000000000000711 ) ) ;
#1765 = CARTESIAN_POINT ( 'NONE',  ( 0.000000000000000000, 1.084202172485504434E-16, 0.000000000000000000 ) ) ;
#1766 = CARTESIAN_POINT ( 'NONE',  ( -4.657020788611641038, 2.400007235084461232, -2.733524716266349852 ) ) ;
#1767 = ORIENTED_EDGE ( 'NONE', *, *, #134, .F. ) ;
#1768 = CARTESIAN_POINT ( 'NONE',  ( 0.8842323350227073719, 7.491666666666668029, -3.299999999999998490 ) ) ;
#1769 = CARTESIAN_POINT ( 'NONE',  ( -3.323610289883791147, 2.400008418379258934, 4.256009238826739427 ) ) ;
#1770 = CARTESIAN_POINT ( 'NONE',  ( 3.299999999999999378, 4.158333333333333215, -0.8842323350227043743 ) ) ;
#1771 =( BOUNDED_SURFACE ( )  B_SPLINE_SURFACE ( 1, 2, ( 
 ( #922, #764, #610, #771, #976, #2244, #1739, #243, #1331, #59, #1730, #789, #959, #1923, #2286, #1144, #638, #1513, #2271, #616, #2075, #70, #426, #628, #233, #602, #435, #92, #1700, #1709, #1896 ),
 ( #1906, #2259, #256, #1167, #1342, #2102, #2064, #1534, #2087, #1717, #1502, #775, #269, #404, #969, #802, #990, #590, #1307, #81, #814, #1354, #447, #416, #1132, #281, #999, #1119, #1887, #1038, #1370 ) ),
 .UNSPECIFIED., .F., .F., .F. ) 
 B_SPLINE_SURFACE_WITH_KNOTS ( ( 2, 2 ),
 ( 3, 2, 2, 2, 2, 2, 2, 2, 2, 2, 2, 2, 2, 2, 2, 3 ),
 ( 0.000000000000000000, 1.000000000000000000 ),
 ( 0.000000000000000000, 0.04166666666666666435, 0.08333333333333332871, 0.1250000000000000000, 0.1666666666666666574, 0.2083333333333333426, 0.2500000000000000000, 0.2916666666666666852, 0.3333333333333333148, 0.3750000000000000000, 0.4166666666666666852, 0.4583333333333333148, 0.5000000000000000000, 0.5416666666666666297, 0.5833333333333333703, 0.6250000000000000000 ),
 .UNSPECIFIED. ) 
 GEOMETRIC_REPRESENTATION_ITEM ( )  RATIONAL_B_SPLINE_SURFACE ( (
 ( 1.000000000000000000, 0.9659258262890683122, 1.000000000000000000, 0.9659258262890683122, 1.000000000000000000, 0.9659258262890683122, 1.000000000000000000, 0.9659258262890683122, 1.000000000000000000, 0.9659258262890683122, 1.000000000000000000, 0.9659258262890683122, 1.000000000000000000, 0.9659258262890683122, 1.000000000000000000, 0.9659258262890683122, 1.000000000000000000, 0.9659258262890683122, 1.000000000000000000, 0.9659258262890683122, 1.000000000000000000, 0.9659258262890683122, 1.000000000000000000, 0.9659258262890683122, 1.000000000000000000, 0.9659258262890683122, 1.000000000000000000, 0.9659258262890683122, 1.000000000000000000, 0.9659258262890683122, 1.000000000000000000),
 ( 1.000000000000000000, 0.9659258262890683122, 1.000000000000000000, 0.9659258262890683122, 1.000000000000000000, 0.9659258262890683122, 1.000000000000000000, 0.9659258262890683122, 1.000000000000000000, 0.9659258262890683122, 1.000000000000000000, 0.9659258262890683122, 1.000000000000000000, 0.9659258262890683122, 1.000000000000000000, 0.9659258262890683122, 1.000000000000000000, 0.9659258262890683122, 1.000000000000000000, 0.9659258262890683122, 1.000000000000000000, 0.9659258262890683122, 1.000000000000000000, 0.9659258262890683122, 1.000000000000000000, 0.9659258262890683122, 1.000000000000000000, 0.9659258262890683122, 1.000000000000000000, 0.9659258262890683122, 1.000000000000000000) ) ) 
 REPRESENTATION_ITEM ( '' )  SURFACE ( )  );
#1772 = DIRECTION ( 'NONE',  ( -0.000000000000000000, -1.000000000000000000, -0.000000000000000000 ) ) ;
#1773 = CARTESIAN_POINT ( 'NONE',  ( 4.508895102646486741, 4.520289855072464391, 2.971508868122483715 ) ) ;
#1774 = CARTESIAN_POINT ( 'NONE',  ( 0.1920919239680751733, 2.400007235084461676, -4.996308706710007819 ) ) ;
#1775 = CARTESIAN_POINT ( 'NONE',  ( -4.586047459934365911, 3.461314598853480362, -2.854439762367883660 ) ) ;
#1776 = CARTESIAN_POINT ( 'NONE',  ( 1.650000000000001243, 7.283333333333333215, -2.857883832488646636 ) ) ;
#1777 = VERTEX_POINT ( 'NONE', #661 ) ;
#1778 = DIRECTION ( 'NONE',  ( 0.000000000000000000, 0.000000000000000000, -1.000000000000000000 ) ) ;
#1779 = ADVANCED_FACE ( 'NONE', ( #2135 ), #1199, .F. ) ;
#1780 = CARTESIAN_POINT ( 'NONE',  ( 4.653657836759942730E-16, 0.000000000000000000, 3.799999999999999822 ) ) ;
#1781 = CARTESIAN_POINT ( 'NONE',  ( 4.586047459933391579, 3.461314598867144987, 2.854439762369364253 ) ) ;
#1782 = ADVANCED_FACE ( 'NONE', ( #1454 ), #1892, .F. ) ;
#1783 = CARTESIAN_POINT ( 'NONE',  ( -1.431085521971286578, 7.533336139459754222, -4.801114727944757909 ) ) ;
#1784 = CARTESIAN_POINT ( 'NONE',  ( -5.112278605011888466, 10.10000000000000142, -1.739139863477835446 ) ) ;
#1785 = CARTESIAN_POINT ( 'NONE',  ( -3.799999999999999378, 8.700000000000001066, 7.827052067511973797E-16 ) ) ;
#1786 = B_SPLINE_CURVE_WITH_KNOTS ( 'NONE', 3,
 ( #4, #723, #689, #1414 ),
 .UNSPECIFIED., .F., .F.,
 ( 4, 4 ),
 ( 0.000000000000000000, 1.000000000000000000 ),
 .UNSPECIFIED. ) ;
#1787 = CARTESIAN_POINT ( 'NONE',  ( -4.086914116834745592, 4.520289855072464391, -2.880474440368611333 ) ) ;
#1788 = CARTESIAN_POINT ( 'NONE',  ( -1.649999999999999467, 3.116666666666666696, -2.857883832488647524 ) ) ;
#1789 = VERTEX_POINT ( 'NONE', #1081 ) ;
#1790 = CARTESIAN_POINT ( 'NONE',  ( -3.323610289883791147, 2.400008418379258934, 4.256009238826739427 ) ) ;
#1791 = CARTESIAN_POINT ( 'NONE',  ( -3.656623825853286380, 10.10000000000000142, -3.410146946423580072 ) ) ;
#1792 = DIRECTION ( 'NONE',  ( 0.000000000000000000, 0.000000000000000000, -1.000000000000000000 ) ) ;
#1793 = ORIENTED_EDGE ( 'NONE', *, *, #1580, .T. ) ;
#1794 = CARTESIAN_POINT ( 'NONE',  ( 0.3189546160415460130, 4.520289855072464391, -5.390572135952341526 ) ) ;
#1795 = AXIS2_PLACEMENT_3D ( 'NONE', #1608, #2000, #510 ) ;
#1796 = ADVANCED_FACE ( 'NONE', ( #371 ), #549, .T. ) ;
#1797 = CARTESIAN_POINT ( 'NONE',  ( -2.818925648462311528E-15, 10.10000000000000142, 3.382710778154773834E-14 ) ) ;
#1798 = CARTESIAN_POINT ( 'NONE',  ( 1.018206931238048396, 8.208333333333282411, 3.800000000000125944 ) ) ;
#1799 = CARTESIAN_POINT ( 'NONE',  ( 0.000000000000000000, 7.400000000000000355, 3.800000000000000711 ) ) ;
#1800 = EDGE_LOOP ( 'NONE', ( #1586, #839, #359, #164 ) ) ;
#1801 = ORIENTED_EDGE ( 'NONE', *, *, #890, .T. ) ;
#1802 = CYLINDRICAL_SURFACE ( 'NONE', #311, 3.799999999999999822 ) ;
#1803 = CARTESIAN_POINT ( 'NONE',  ( -0.8842323350227073719, 7.491666666666667140, 3.299999999999998046 ) ) ;
#1804 = CYLINDRICAL_SURFACE ( 'NONE', #226, 5.000000000000000000 ) ;
#1805 = CARTESIAN_POINT ( 'NONE',  ( 4.781585799167380912, 10.10000000000000142, -1.461655652060644739 ) ) ;
#1806 = CARTESIAN_POINT ( 'NONE',  ( -4.483519106256621534, 3.461314598853480362, 2.216959562187066801 ) ) ;
#1807 = CARTESIAN_POINT ( 'NONE',  ( 4.086914116834767796, 4.520289855072464391, 2.880474440368584688 ) ) ;
#1808 = VERTEX_POINT ( 'NONE', #25 ) ;
#1809 = CARTESIAN_POINT ( 'NONE',  ( 1.018206931238266222, 2.608333333333332948, 3.799999999999999822 ) ) ;
#1810 = CARTESIAN_POINT ( 'NONE',  ( -4.305638327695263889, 7.310144927536232018, -3.279925742454854909 ) ) ;
#1811 = ORIENTED_EDGE ( 'NONE', *, *, #1380, .F. ) ;
#1812 = CYLINDRICAL_SURFACE ( 'NONE', #911, 1.449999999999998623 ) ;
#1813 = ADVANCED_FACE ( 'NONE', ( #1480 ), #1226, .F. ) ;
#1814 = CARTESIAN_POINT ( 'NONE',  ( 2.857883832488647524, 4.366666666666667140, -1.649999999999999023 ) ) ;
#1815 = CARTESIAN_POINT ( 'NONE',  ( 4.681605813539826855, 7.310144927536232906, -1.788725081035725140 ) ) ;
#1816 = CARTESIAN_POINT ( 'NONE',  ( -3.656623825853357879, 10.10000000000000142, 3.410146946423505465 ) ) ;
#1817 =( BOUNDED_SURFACE ( )  B_SPLINE_SURFACE ( 1, 2, ( 
 ( #1528, #608, #1678, #2047, #2238 ),
 ( #2280, #262, #623, #225, #2081 ) ),
 .UNSPECIFIED., .F., .F., .F. ) 
 B_SPLINE_SURFACE_WITH_KNOTS ( ( 2, 2 ),
 ( 3, 2, 3 ),
 ( 0.000000000000000000, 1.000000000000000000 ),
 ( 0.000000000000000000, 0.02173913043478260809, 0.03000283320684075244 ),
 .UNSPECIFIED. ) 
 GEOMETRIC_REPRESENTATION_ITEM ( )  RATIONAL_B_SPLINE_SURFACE ( (
 ( 1.000000000000000000, 0.9976687691905391508, 1.000000000000000000, 0.9991138284688874105, 0.9989013782864868407),
 ( 1.000000000000000000, 0.9976687691905391508, 1.000000000000000000, 0.9991138284688874105, 0.9989013782864868407) ) ) 
 REPRESENTATION_ITEM ( '' )  SURFACE ( )  );
#1818 = VERTEX_POINT ( 'NONE', #1298 ) ;
#1819 = CARTESIAN_POINT ( 'NONE',  ( -3.299999999999999378, 8.741666666666665364, -0.8842323350227053735 ) ) ;
#1820 = ADVANCED_FACE ( 'NONE', ( #756, #77 ), #251, .T. ) ;
#1821 = CARTESIAN_POINT ( 'NONE',  ( 4.305638327695288758, 7.310144927536232906, 3.279925742454826487 ) ) ;
#1822 = CARTESIAN_POINT ( 'NONE',  ( 4.041334437186265017E-16, 5.200000000000000178, -3.299999999999999378 ) ) ;
#1823 = ORIENTED_EDGE ( 'NONE', *, *, #943, .F. ) ;
#1824 = ORIENTED_EDGE ( 'NONE', *, *, #331, .F. ) ;
#1825 = CARTESIAN_POINT ( 'NONE',  ( 1.649999999999999467, 8.116666666666667140, 2.857883832488647524 ) ) ;
#1826 = CARTESIAN_POINT ( 'NONE',  ( -1.050000000000000044, 10.10000000000000142, 5.296933074902872463 ) ) ;
#1827 = CARTESIAN_POINT ( 'NONE',  ( -4.322542418588297686, 7.310144927536232906, 3.334235347847639641 ) ) ;
#1828 = ORIENTED_EDGE ( 'NONE', *, *, #1518, .T. ) ;
#1829 = CARTESIAN_POINT ( 'NONE',  ( -3.799999999999999822, 8.650000000000002132, -2.326828918379970872E-16 ) ) ;
#1830 = CARTESIAN_POINT ( 'NONE',  ( -1.018206931238154977, 5.708333333333307280, -3.800000000000064659 ) ) ;
#1831 =( BOUNDED_CURVE ( )  B_SPLINE_CURVE ( 2, ( #1079, #1830, #1469, #1328, #799, #1520, #2060, #966, #1117, #1532, #1549, #987, #67 ),
 .UNSPECIFIED., .F., .F. ) 
 B_SPLINE_CURVE_WITH_KNOTS ( ( 3, 2, 2, 2, 2, 2, 3 ),
 ( 0.2499999999999949762, 0.2916666666666608565, 0.3333333333333266535, 0.3749999999999925060, 0.4166666666666584140, 0.4583333333333242110, 0.4999999999999900635 ),
 .UNSPECIFIED. ) 
 CURVE ( )  GEOMETRIC_REPRESENTATION_ITEM ( )  RATIONAL_B_SPLINE_CURVE ( ( 1.000000000000004219, 0.9659258262890642044, 1.000000000000000000, 0.9659258262890683122, 1.000000000000000000, 0.9659258262890683122, 1.000000000000000000, 0.9659258262890683122, 1.000000000000000000, 0.9659258262890683122, 1.000000000000000000, 0.9659258262890764168, 0.9999999999999918954 ) ) 
 REPRESENTATION_ITEM ( '' )  );
#1832 = CARTESIAN_POINT ( 'NONE',  ( 3.656623825853310361, 10.10000000000000142, 3.410146946423557868 ) ) ;
#1833 = EDGE_LOOP ( 'NONE', ( #1910, #95, #751, #1560 ) ) ;
#1834 = FILL_AREA_STYLE_COLOUR ( '', #40 ) ;
#1835 = CARTESIAN_POINT ( 'NONE',  ( 0.000000000000000000, 2.550000000000000266, 3.550000000000000266 ) ) ;
#1836 = AXIS2_PLACEMENT_3D ( 'NONE', #1623, #2159, #522 ) ;
#1837 = DIRECTION ( 'NONE',  ( -1.000000000000000000, 0.000000000000000000, 0.000000000000000000 ) ) ;
#1838 = AXIS2_PLACEMENT_3D ( 'NONE', #940, #199, #1880 ) ;
#1839 = CARTESIAN_POINT ( 'NONE',  ( 3.799930429027441825, 8.700000000000001066, -0.5035613210806886286 ) ) ;
#1840 = ORIENTED_EDGE ( 'NONE', *, *, #1614, .T. ) ;
#1841 = CARTESIAN_POINT ( 'NONE',  ( 0.8842323350227057066, 4.991666666666667140, -3.299999999999998934 ) ) ;
#1842 = DIRECTION ( 'NONE',  ( 0.000000000000000000, 0.000000000000000000, -1.000000000000000000 ) ) ;
#1843 = CARTESIAN_POINT ( 'NONE',  ( 4.514975293464690509, 2.400000000000000355, 2.710520090638304680 ) ) ;
#1844 = EDGE_CURVE ( 'NONE', #352, #2384, #1409, .T. ) ;
#1845 = DIRECTION ( 'NONE',  ( -0.000000000000000000, -1.000000000000000000, -0.000000000000000000 ) ) ;
#1846 = CARTESIAN_POINT ( 'NONE',  ( 1.894022380360779856, 3.461315189598770825, 5.058886919325026099 ) ) ;
#1847 = ADVANCED_FACE ( 'NONE', ( #1149 ), #617, .T. ) ;
#1848 = ORIENTED_EDGE ( 'NONE', *, *, #2305, .F. ) ;
#1849 = FACE_OUTER_BOUND ( 'NONE', #232, .T. ) ;
#1850 = CARTESIAN_POINT ( 'NONE',  ( -5.249099166041925280, 2.400008418351982975, -1.452470267728815934 ) ) ;
#1851 = CARTESIAN_POINT ( 'NONE',  ( 4.653657836759943716E-16, 4.899999999999999467, -3.800000000000000711 ) ) ;
#1852 = CARTESIAN_POINT ( 'NONE',  ( -4.970784095858713059, 2.400000000000000799, -0.5397272203234522170 ) ) ;
#1853 = CARTESIAN_POINT ( 'NONE',  ( -2.747955003355883719, 8.700000000000004619, -2.639228834270828994 ) ) ;
#1854 = EDGE_CURVE ( 'NONE', #2292, #615, #213, .T. ) ;
#1855 = CARTESIAN_POINT ( 'NONE',  ( -3.323610289883791591, 2.400008418379259378, 4.256009238826739427 ) ) ;
#1856 = CARTESIAN_POINT ( 'NONE',  ( 1.649999999999998801, 5.616666666666667140, 2.857883832488647968 ) ) ;
#1857 = CARTESIAN_POINT ( 'NONE',  ( -2.925586354680291379, 8.699999999989861621, -2.425203716695236267 ) ) ;
#1858 = ORIENTED_EDGE ( 'NONE', *, *, #1920, .T. ) ;
#1859 = PRESENTATION_STYLE_ASSIGNMENT (( #47 ) ) ;
#1860 = DIRECTION ( 'NONE',  ( -0.000000000000000000, -1.000000000000000000, -0.000000000000000000 ) ) ;
#1861 = CARTESIAN_POINT ( 'NONE',  ( -1.649999999999998801, 5.616666666666667140, -2.857883832488647968 ) ) ;
#1862 = CARTESIAN_POINT ( 'NONE',  ( -4.993318179340066720, 7.310144927536232906, 2.088829300064628747 ) ) ;
#1863 = VERTEX_POINT ( 'NONE', #1713 ) ;
#1864 = DIRECTION ( 'NONE',  ( 0.000000000000000000, 0.000000000000000000, -1.000000000000000000 ) ) ;
#1865 = CARTESIAN_POINT ( 'NONE',  ( 5.112278605011912447, 10.10000000000000142, -1.739139863477763503 ) ) ;
#1866 = CARTESIAN_POINT ( 'NONE',  ( -1.050000000000000044, 10.10000000000000142, 5.296933074902872463 ) ) ;
#1867 = EDGE_LOOP ( 'NONE', ( #949, #339, #1945, #58 ) ) ;
#1868 = CARTESIAN_POINT ( 'NONE',  ( -4.161702853145132330, 3.461314598853480362, -2.774361663277613577 ) ) ;
#1869 = CARTESIAN_POINT ( 'NONE',  ( 3.716666666666667229, 8.700000000000001066, 2.275801968415498386E-16 ) ) ;
#1870 = DIRECTION ( 'NONE',  ( 0.000000000000000000, 0.000000000000000000, -1.000000000000000000 ) ) ;
#1871 = FACE_OUTER_BOUND ( 'NONE', #858, .T. ) ;
#1872 = CARTESIAN_POINT ( 'NONE',  ( -3.716666666666667229, 8.700000000000001066, -2.275801968415498386E-16 ) ) ;
#1873 = CARTESIAN_POINT ( 'NONE',  ( -3.434113396827919384, 3.461315189598770825, 4.169714956391189276 ) ) ;
#1874 = VERTEX_POINT ( 'NONE', #1125 ) ;
#1875 = AXIS2_PLACEMENT_3D ( 'NONE', #1655, #12, #583 ) ;
#1876 = CARTESIAN_POINT ( 'NONE',  ( 4.422976227144284955, 2.400000000000000799, -2.331797867336812935 ) ) ;
#1877 = CIRCLE ( 'NONE', #2188, 5.000000000000000000 ) ;
#1878 = CARTESIAN_POINT ( 'NONE',  ( 2.877919977996279827E-16, 14.89999999999999680, 2.350000000000000089 ) ) ;
#1879 = CARTESIAN_POINT ( 'NONE',  ( 1.899999999999999245, 5.316666666666667318, 3.290896534380868488 ) ) ;
#1880 = DIRECTION ( 'NONE',  ( 0.000000000000000000, 0.000000000000000000, -1.000000000000000000 ) ) ;
#1881 = CARTESIAN_POINT ( 'NONE',  ( 5.112278605011911559, 10.10000000000000142, -1.739139863477764392 ) ) ;
#1882 = CARTESIAN_POINT ( 'NONE',  ( 0.03879145185342571661, 2.400007235084461676, -5.399860667023095750 ) ) ;
#1883 = ORIENTED_EDGE ( 'NONE', *, *, #597, .F. ) ;
#1884 = CARTESIAN_POINT ( 'NONE',  ( 5.249368388378440997, 2.400000000000000355, 1.450551505226628679 ) ) ;
#1885 = CARTESIAN_POINT ( 'NONE',  ( 0.5576361241644992583, 8.699999999999999289, 3.769817493256761853 ) ) ;
#1886 = VERTEX_POINT ( 'NONE', #1336 ) ;
#1887 = CARTESIAN_POINT ( 'NONE',  ( 2.857883832488647080, 8.533333333333333215, 1.650000000000000133 ) ) ;
#1888 = CARTESIAN_POINT ( 'NONE',  ( -3.799999999999999822, 3.858333333333332948, 1.018206931238265778 ) ) ;
#1889 = CARTESIAN_POINT ( 'NONE',  ( -4.041334437186265017E-16, 5.200000000000000178, 3.299999999999999378 ) ) ;
#1890 = ADVANCED_FACE ( 'NONE', ( #2034 ), #1817, .F. ) ;
#1891 = CARTESIAN_POINT ( 'NONE',  ( -4.970784095858713059, 2.400000000000000799, -0.5397272203234522170 ) ) ;
#1892 =( BOUNDED_SURFACE ( )  B_SPLINE_SURFACE ( 1, 2, ( 
 ( #746, #163, #1095, #1846, #725 ),
 ( #200, #187, #2200, #889, #1665 ) ),
 .UNSPECIFIED., .F., .F., .F. ) 
 B_SPLINE_SURFACE_WITH_KNOTS ( ( 2, 2 ),
 ( 3, 2, 3 ),
 ( 0.000000000000000000, 1.000000000000000000 ),
 ( 0.000000000000000000, 0.02173913043478260809, 0.03000283320684075244 ),
 .UNSPECIFIED. ) 
 GEOMETRIC_REPRESENTATION_ITEM ( )  RATIONAL_B_SPLINE_SURFACE ( (
 ( 1.000000000000000000, 0.9976687691905391508, 1.000000000000000000, 0.9991138284688874105, 0.9989013782864868407),
 ( 1.000000000000000000, 0.9976687691905391508, 1.000000000000000000, 0.9991138284688874105, 0.9989013782864868407) ) ) 
 REPRESENTATION_ITEM ( '' )  SURFACE ( )  );
#1893 = EDGE_CURVE ( 'NONE', #796, #767, #2304, .T. ) ;
#1894 = CARTESIAN_POINT ( 'NONE',  ( 0.000000000000000000, 0.000000000000000000, 0.000000000000000000 ) ) ;
#1895 = ORIENTED_EDGE ( 'NONE', *, *, #884, .F. ) ;
#1896 = CARTESIAN_POINT ( 'NONE',  ( 3.800000000000000711, 8.650000000000002132, 2.326828918379971858E-16 ) ) ;
#1897 = CARTESIAN_POINT ( 'NONE',  ( -4.062278605011941046, 10.10000000000000142, 3.557793211425058555 ) ) ;
#1898 = CARTESIAN_POINT ( 'NONE',  ( -3.299999999999998934, 3.741666666666666696, -0.8842323350227053735 ) ) ;
#1899 = B_SPLINE_CURVE_WITH_KNOTS ( 'NONE', 1,
 ( #142, #1413 ),
 .UNSPECIFIED., .F., .F.,
 ( 2, 2 ),
 ( 0.8333333333333350357, 1.000000000000000000 ),
 .UNSPECIFIED. ) ;
#1900 = CARTESIAN_POINT ( 'NONE',  ( 3.299999999999999378, 8.949999999999999289, 2.020667218593132508E-16 ) ) ;
#1901 = ORIENTED_EDGE ( 'NONE', *, *, #23, .F. ) ;
#1902 = DIRECTION ( 'NONE',  ( 0.000000000000000000, 1.000000000000000000, 0.000000000000000000 ) ) ;
#1903 = DIRECTION ( 'NONE',  ( 0.000000000000000000, 0.5144957554275253475, 0.8574929257125447624 ) ) ;
#1904 = CARTESIAN_POINT ( 'NONE',  ( 5.231239030683766167, 7.310144927536232906, 1.389450426890900703 ) ) ;
#1905 = VERTEX_POINT ( 'NONE', #952 ) ;
#1906 = CARTESIAN_POINT ( 'NONE',  ( 0.000000000000000000, 2.700000000000000178, 3.299999999999999378 ) ) ;
#1907 =( BOUNDED_SURFACE ( )  B_SPLINE_SURFACE ( 3, 2, ( 
 ( #1609, #2183, #2361, #1426, #2169 ),
 ( #1230, #2197, #1987, #157, #525 ),
 ( #1245, #1827, #1635, #543, #1257 ),
 ( #2012, #909, #2054, #22, #1855 ) ),
 .UNSPECIFIED., .F., .F., .F. ) 
 B_SPLINE_SURFACE_WITH_KNOTS ( ( 4, 4 ),
 ( 3, 2, 3 ),
 ( 0.000000000000000000, 1.000000000000000000 ),
 ( 0.000000000000000000, 0.02173913043478260809, 0.03000283320684075591 ),
 .UNSPECIFIED. ) 
 GEOMETRIC_REPRESENTATION_ITEM ( )  RATIONAL_B_SPLINE_SURFACE ( (
 ( 1.000000000000000000, 0.9976687691905391508, 1.000000000000000000, 0.9991138284688874105, 0.9989013782864868407),
 ( 0.9872756882596137595, 0.9849741207577112911, 0.9872756882596137595, 0.9864007926513184144, 0.9861910457512679251),
 ( 0.9872756882596137595, 0.9849741207577112911, 0.9872756882596137595, 0.9864007926513184144, 0.9861910457512679251),
 ( 1.000000000000000000, 0.9976687691905391508, 1.000000000000000000, 0.9991138284688874105, 0.9989013782864868407) ) ) 
 REPRESENTATION_ITEM ( '' )  SURFACE ( )  );
#1908 = CARTESIAN_POINT ( 'NONE',  ( 3.423363384373420359, 7.310144927536232018, -3.660266868334537627 ) ) ;
#1909 = VECTOR ( 'NONE', #2369, 1000.000000000000000 ) ;
#1910 = ORIENTED_EDGE ( 'NONE', *, *, #810, .F. ) ;
#1911 = CARTESIAN_POINT ( 'NONE',  ( 0.000000000000000000, 7.700000000000000178, -3.299999999999999378 ) ) ;
#1912 = AXIS2_PLACEMENT_3D ( 'NONE', #524, #298, #499 ) ;
#1913 = CARTESIAN_POINT ( 'NONE',  ( 1.900000000000001688, 5.083333333333333925, -3.290896534380867156 ) ) ;
#1914 = CARTESIAN_POINT ( 'NONE',  ( -1.018206931238267332, 4.691666666666667318, 3.800000000000000266 ) ) ;
#1915 = AXIS2_PLACEMENT_3D ( 'NONE', #901, #1837, #918 ) ;
#1916 = VERTEX_POINT ( 'NONE', #572 ) ;
#1917 = EDGE_CURVE ( 'NONE', #1729, #1886, #1694, .T. ) ;
#1918 = VECTOR ( 'NONE', #2264, 1000.000000000000114 ) ;
#1919 = CARTESIAN_POINT ( 'NONE',  ( -0.3545109072998514077, 10.10000000000000142, 5.434798427741702298 ) ) ;
#1920 = EDGE_CURVE ( 'NONE', #1905, #2312, #629, .T. ) ;
#1921 = CARTESIAN_POINT ( 'NONE',  ( 0.000000000000000000, 3.000000000000000000, -3.800000000000000711 ) ) ;
#1922 = ORIENTED_EDGE ( 'NONE', *, *, #214, .T. ) ;
#1923 = CARTESIAN_POINT ( 'NONE',  ( -1.018206931238264890, 5.108333333333333393, -3.800000000000001155 ) ) ;
#1924 = CYLINDRICAL_SURFACE ( 'NONE', #35, 3.799999999999999822 ) ;
#1925 = ADVANCED_FACE ( 'NONE', ( #1289 ), #841, .T. ) ;
#1926 = ORIENTED_EDGE ( 'NONE', *, *, #75, .F. ) ;
#1927 = CARTESIAN_POINT ( 'NONE',  ( 2.857883832488646636, 6.033333333333333215, 1.650000000000001243 ) ) ;
#1928 = CARTESIAN_POINT ( 'NONE',  ( 1.649999999999998801, 5.616666666666667140, 2.857883832488647968 ) ) ;
#1929 = CARTESIAN_POINT ( 'NONE',  ( 1.900000000000000133, 8.416666666666666075, 3.290896534380868044 ) ) ;
#1930 = CARTESIAN_POINT ( 'NONE',  ( 3.290896534380869376, 6.566666666666666430, -1.899999999999997913 ) ) ;
#1931 = ADVANCED_FACE ( 'NONE', ( #2003 ), #1495, .F. ) ;
#1932 = CARTESIAN_POINT ( 'NONE',  ( 0.000000000000000000, 2.400000000000000799, 0.000000000000000000 ) ) ;
#1933 = ORIENTED_EDGE ( 'NONE', *, *, #1384, .F. ) ;
#1934 = CARTESIAN_POINT ( 'NONE',  ( 5.231239030683766167, 7.310144927536232018, 1.389450426890900259 ) ) ;
#1935 = VERTEX_POINT ( 'NONE', #898 ) ;
#1936 = CARTESIAN_POINT ( 'NONE',  ( 3.800000000000001155, 6.958333333333333037, -1.018206931238264445 ) ) ;
#1937 = CARTESIAN_POINT ( 'NONE',  ( 0.000000000000000000, 19.89999999999999858, 0.000000000000000000 ) ) ;
#1938 = ORIENTED_EDGE ( 'NONE', *, *, #1969, .T. ) ;
#1939 = CARTESIAN_POINT ( 'NONE',  ( -3.800000000000000266, 4.458333333333333037, 1.018206931238265778 ) ) ;
#1940 = ORIENTED_EDGE ( 'NONE', *, *, #93, .T. ) ;
#1941 = CARTESIAN_POINT ( 'NONE',  ( 5.328135777189001665, 3.461315189585152829, 0.8891719629320613549 ) ) ;
#1942 = DIRECTION ( 'NONE',  ( 0.000000000000000000, 0.000000000000000000, -1.000000000000000000 ) ) ;
#1943 =( BOUNDED_SURFACE ( )  B_SPLINE_SURFACE ( 3, 2, ( 
 ( #361, #2297, #1794, #2004, #1036 ),
 ( #148, #2347, #1069, #174, #636 ),
 ( #1352, #691, #2100, #1275, #24 ),
 ( #2199, #1080, #1494, #559, #547 ) ),
 .UNSPECIFIED., .F., .F., .T. ) 
 B_SPLINE_SURFACE_WITH_KNOTS ( ( 4, 4 ),
 ( 3, 2, 3 ),
 ( 0.000000000000000000, 1.000000000000000000 ),
 ( 0.000000000000000000, 0.02173913043478260809, 0.03000283320694692446 ),
 .UNSPECIFIED. ) 
 GEOMETRIC_REPRESENTATION_ITEM ( )  RATIONAL_B_SPLINE_SURFACE ( (
 ( 1.000000000000000000, 0.9976687691905391508, 1.000000000000000000, 0.9991138284688759752, 0.9989013782864812896),
 ( 0.9872756882596137595, 0.9849741207577112911, 0.9872756882596137595, 0.9864007926513072011, 0.9861910457512625960),
 ( 0.9872756882596137595, 0.9849741207577112911, 0.9872756882596137595, 0.9864007926513072011, 0.9861910457512625960),
 ( 1.000000000000000000, 0.9976687691905391508, 1.000000000000000000, 0.9991138284688759752, 0.9989013782864812896) ) ) 
 REPRESENTATION_ITEM ( '' )  SURFACE ( )  );
#1944 = B_SPLINE_CURVE_WITH_KNOTS ( 'NONE', 3,
 ( #1504, #210, #753, #1089 ),
 .UNSPECIFIED., .F., .F.,
 ( 4, 4 ),
 ( 0.000000000000000000, 1.000000000000000000 ),
 .UNSPECIFIED. ) ;
#1945 = ORIENTED_EDGE ( 'NONE', *, *, #180, .T. ) ;
#1946 = CARTESIAN_POINT ( 'NONE',  ( 3.290896534380868044, 4.066666666666667318, -1.899999999999999467 ) ) ;
#1947 = CARTESIAN_POINT ( 'NONE',  ( 1.018206931238266222, 3.208333333333333037, 3.799999999999999822 ) ) ;
#1948 = ORIENTED_EDGE ( 'NONE', *, *, #1195, .T. ) ;
#1949 = CARTESIAN_POINT ( 'NONE',  ( -3.299999999999999378, 3.950000000000000178, -2.020667218593132508E-16 ) ) ;
#1950 = CARTESIAN_POINT ( 'NONE',  ( -0.03879145185342571661, 2.400007235084461676, 5.399860667023095750 ) ) ;
#1951 = DIRECTION ( 'NONE',  ( -0.000000000000000000, -1.000000000000000000, -0.000000000000000000 ) ) ;
#1952 = VECTOR ( 'NONE', #97, 1000.000000000000114 ) ;
#1953 = AXIS2_PLACEMENT_3D ( 'NONE', #37, #800, #2085 ) ;
#1954 = VERTEX_POINT ( 'NONE', #1478 ) ;
#1955 = CARTESIAN_POINT ( 'NONE',  ( -4.693298231632368811, 2.361466416093144449, 2.670763492397237648 ) ) ;
#1956 = AXIS2_PLACEMENT_3D ( 'NONE', #2136, #1201, #1600 ) ;
#1957 = AXIS2_PLACEMENT_3D ( 'NONE', #794, #1902, #1112 ) ;
#1958 = CARTESIAN_POINT ( 'NONE',  ( 4.936078603275705134, 4.520289855072464391, 0.7969491968022620609 ) ) ;
#1959 = DIRECTION ( 'NONE',  ( 0.000000000000000000, 0.000000000000000000, 1.000000000000000000 ) ) ;
#1960 = CARTESIAN_POINT ( 'NONE',  ( 3.299999999999999378, 6.450000000000001066, 6.062001655779396539E-16 ) ) ;
#1961 = ORIENTED_EDGE ( 'NONE', *, *, #1403, .T. ) ;
#1962 = CARTESIAN_POINT ( 'NONE',  ( 2.024006974626720190, 2.400008418351983419, 5.006335562730725997 ) ) ;
#1963 = CARTESIAN_POINT ( 'NONE',  ( -3.290896534380867600, 8.233333333333334281, -1.900000000000000799 ) ) ;
#1964 = EDGE_CURVE ( 'NONE', #1874, #364, #2272, .T. ) ;
#1965 = CARTESIAN_POINT ( 'NONE',  ( -3.800000000000000711, 9.250000000000001776, -2.326828918379971858E-16 ) ) ;
#1966 = FACE_OUTER_BOUND ( 'NONE', #271, .T. ) ;
#1967 = PRODUCT_DEFINITION_CONTEXT ( 'detailed design', #2281, 'design' ) ;
#1968 = CARTESIAN_POINT ( 'NONE',  ( 0.6876798516447465426, 7.310144927536232018, -5.368755042519479659 ) ) ;
#1969 = EDGE_CURVE ( 'NONE', #1325, #1971, #1831, .T. ) ;
#1970 = CARTESIAN_POINT ( 'NONE',  ( -3.656623825853285492, 10.10000000000000142, -3.410146946423581404 ) ) ;
#1971 = VERTEX_POINT ( 'NONE', #1727 ) ;
#1972 = CARTESIAN_POINT ( 'NONE',  ( 0.000000000000000000, 7.700000000000000178, -3.299999999999999378 ) ) ;
#1973 = ORIENTED_EDGE ( 'NONE', *, *, #1155, .F. ) ;
#1974 = CARTESIAN_POINT ( 'NONE',  ( -3.818918882328550701, 7.310144927536232018, 3.835660680395353683 ) ) ;
#1975 = CARTESIAN_POINT ( 'NONE',  ( 3.889884267333224344, 7.310144927536232906, 3.160027024512553240 ) ) ;
#1976 = CARTESIAN_POINT ( 'NONE',  ( 2.024006974626720190, 2.400008418351983419, 5.006335562730725997 ) ) ;
#1977 = EDGE_LOOP ( 'NONE', ( #1137, #201, #89 ) ) ;
#1978 = CARTESIAN_POINT ( 'NONE',  ( -4.765041077750178822, 3.461314598853480362, 2.544413722080326679 ) ) ;
#1979 = CARTESIAN_POINT ( 'NONE',  ( 4.508895102646486741, 4.520289855072464391, 2.971508868122483715 ) ) ;
#1980 = CARTESIAN_POINT ( 'NONE',  ( 3.800000000000000711, 6.750000000000000888, 6.980486755139914094E-16 ) ) ;
#1981 = CARTESIAN_POINT ( 'NONE',  ( 0.1789936178157584823, 3.461314598853480362, -5.398853484448202344 ) ) ;
#1982 = SURFACE_SIDE_STYLE ('',( #428 ) ) ;
#1983 = ORIENTED_EDGE ( 'NONE', *, *, #2046, .T. ) ;
#1984 = CYLINDRICAL_SURFACE ( 'NONE', #1529, 3.799999999999999822 ) ;
#1985 = ORIENTED_EDGE ( 'NONE', *, *, #1844, .F. ) ;
#1986 = CARTESIAN_POINT ( 'NONE',  ( -4.653657836759942730E-16, 8.700000000000001066, -3.799999999999999378 ) ) ;
#1987 = CARTESIAN_POINT ( 'NONE',  ( -4.510225898727288296, 4.520289855072463503, 3.052961558229625005 ) ) ;
#1988 = VERTEX_POINT ( 'NONE', #1165 ) ;
#1989 = CARTESIAN_POINT ( 'NONE',  ( 4.681605813539825967, 7.310144927536232018, -1.788725081035725140 ) ) ;
#1990 = EDGE_CURVE ( 'NONE', #734, #383, #2143, .T. ) ;
#1991 = CARTESIAN_POINT ( 'NONE',  ( -3.716666666666667229, 8.700000000000001066, -2.275801968415498386E-16 ) ) ;
#1992 = VECTOR ( 'NONE', #759, 1000.000000000000114 ) ;
#1993 = ORIENTED_EDGE ( 'NONE', *, *, #564, .F. ) ;
#1994 = CARTESIAN_POINT ( 'NONE',  ( -1.730520387451902398, 4.966672278919507022, -4.701489933063476734 ) ) ;
#1995 = ADVANCED_FACE ( 'NONE', ( #413 ), #613, .F. ) ;
#1996 = CARTESIAN_POINT ( 'NONE',  ( -1.894022380362483160, 3.461315189585152829, -5.058886919324438125 ) ) ;
#1997 = CARTESIAN_POINT ( 'NONE',  ( -4.235908879155248385, 2.322925597101828110, -2.656532489529114915 ) ) ;
#1998 = EDGE_LOOP ( 'NONE', ( #654, #2147, #242, #9 ) ) ;
#1999 = CARTESIAN_POINT ( 'NONE',  ( -3.158217551594233452, 4.520289855072464391, 3.876294867112423326 ) ) ;
#2000 = DIRECTION ( 'NONE',  ( -0.000000000000000000, -1.000000000000000000, -0.000000000000000000 ) ) ;
#2001 = EDGE_LOOP ( 'NONE', ( #1537, #647, #1349, #2208, #2225, #1811, #2376 ) ) ;
#2002 = EDGE_CURVE ( 'NONE', #1306, #403, #2076, .T. ) ;
#2003 = FACE_OUTER_BOUND ( 'NONE', #882, .T. ) ;
#2004 = CARTESIAN_POINT ( 'NONE',  ( 0.1789936958906658271, 3.461315189585152829, -5.398853479828590096 ) ) ;
#2005 =( BOUNDED_SURFACE ( )  B_SPLINE_SURFACE ( 1, 2, ( 
 ( #1970, #855, #1787, #2129, #116, #2355, #1997 ),
 ( #1203, #1028, #2155, #1775, #1766, #2330, #1214 ) ),
 .UNSPECIFIED., .F., .F., .T. ) 
 B_SPLINE_SURFACE_WITH_KNOTS ( ( 2, 2 ),
 ( 3, 2, 2, 3 ),
 ( 0.000000000000000000, 1.000000000000000000 ),
 ( 0.000000000000000000, 0.02173913043478260809, 0.03000283781263311800, 0.03030286619075944765 ),
 .UNSPECIFIED. ) 
 GEOMETRIC_REPRESENTATION_ITEM ( )  RATIONAL_B_SPLINE_SURFACE ( (
 ( 1.000000000000000000, 0.9976687691905391508, 1.000000000000000000, 0.9991138279749778306, 0.9989013780496678319, 0.9989013780496678319, 0.9989013780496678319),
 ( 1.000000000000000000, 0.9976687691905391508, 1.000000000000000000, 0.9991138279749778306, 0.9989013780496678319, 0.9989013780496678319, 0.9989013780496678319) ) ) 
 REPRESENTATION_ITEM ( '' )  SURFACE ( )  );
#2006 = CARTESIAN_POINT ( 'NONE',  ( 3.323610289880922330, 2.400008418351983419, -4.256009238828981189 ) ) ;
#2007 = FACE_BOUND ( 'NONE', #637, .T. ) ;
#2008 = CARTESIAN_POINT ( 'NONE',  ( -5.166653658605106614, 4.520289855072463503, -1.722905077362279824 ) ) ;
#2009 = ORIENTED_EDGE ( 'NONE', *, *, #115, .T. ) ;
#2010 = CARTESIAN_POINT ( 'NONE',  ( -5.112278605011888466, 10.10000000000000142, -1.739139863477835446 ) ) ;
#2011 = EDGE_CURVE ( 'NONE', #1708, #1072, #1311, .T. ) ;
#2012 = CARTESIAN_POINT ( 'NONE',  ( -4.062278605011941046, 10.10000000000000142, 3.557793211425058555 ) ) ;
#2014 = CARTESIAN_POINT ( 'NONE',  ( 2.952809531840680624, 2.400000000000000799, -4.034961693581591291 ) ) ;
#2013 = CARTESIAN_POINT ( 'NONE',  ( 2.781793068761734489, 6.774999999999999467, -2.781793068761733156 ) ) ;
#2015 = DIRECTION ( 'NONE',  ( 1.000000000000000000, 0.000000000000000000, 6.123233995736766036E-17 ) ) ;
#2016 = CARTESIAN_POINT ( 'NONE',  ( -5.048803722726244558, 7.310144927536232906, -2.076313869509487375 ) ) ;
#2017 = ORIENTED_EDGE ( 'NONE', *, *, #856, .T. ) ;
#2018 = CARTESIAN_POINT ( 'NONE',  ( 3.139070231217448992, 8.700000000000002842, 1.017957800443822114 ) ) ;
#2019 = CARTESIAN_POINT ( 'NONE',  ( -0.6953635395181081424, 8.700000000000006395, -3.754810415444131522 ) ) ;
#2020 =( LENGTH_UNIT ( ) NAMED_UNIT ( * ) SI_UNIT ( .MILLI., .METRE. ) );
#2021 = ORIENTED_EDGE ( 'NONE', *, *, #1964, .T. ) ;
#2022 = CARTESIAN_POINT ( 'NONE',  ( -3.800000000000000711, 8.650000000000002132, -2.326828918379971858E-16 ) ) ;
#2023 = CARTESIAN_POINT ( 'NONE',  ( 4.062278605011893973, 10.10000000000000142, 3.557793211425117619 ) ) ;
#2024 = VECTOR ( 'NONE', #1951, 1000.000000000000000 ) ;
#2025 = FACE_BOUND ( 'NONE', #1175, .T. ) ;
#2026 = CARTESIAN_POINT ( 'NONE',  ( 4.736293679855952732, 7.310144927536232906, 2.714593983174728553 ) ) ;
#2027 =( BOUNDED_SURFACE ( )  B_SPLINE_SURFACE ( 1, 2, ( 
 ( #542, #209, #405, #1256, #29, #1109, #11 ),
 ( #1866, #752, #731, #936, #1674, #219, #2236 ) ),
 .UNSPECIFIED., .F., .F., .T. ) 
 B_SPLINE_SURFACE_WITH_KNOTS ( ( 2, 2 ),
 ( 3, 2, 2, 3 ),
 ( 0.000000000000000000, 1.000000000000000000 ),
 ( 0.000000000000000000, 0.02173913043478260809, 0.03000283781263311453, 0.03030286619075944418 ),
 .UNSPECIFIED. ) 
 GEOMETRIC_REPRESENTATION_ITEM ( )  RATIONAL_B_SPLINE_SURFACE ( (
 ( 1.000000000000000000, 0.9976687691905391508, 1.000000000000000000, 0.9991138279749778306, 0.9989013780496678319, 0.9989013780496678319, 0.9989013780496678319),
 ( 1.000000000000000000, 0.9976687691905391508, 1.000000000000000000, 0.9991138279749778306, 0.9989013780496678319, 0.9989013780496678319, 0.9989013780496678319) ) ) 
 REPRESENTATION_ITEM ( '' )  SURFACE ( )  );
#2028 = EDGE_CURVE ( 'NONE', #978, #1166, #1265, .T. ) ;
#2029 = CARTESIAN_POINT ( 'NONE',  ( 2.857883832488647524, 4.366666666666667140, -1.649999999999999023 ) ) ;
#2030 = ORIENTED_EDGE ( 'NONE', *, *, #324, .T. ) ;
#2031 = CARTESIAN_POINT ( 'NONE',  ( 3.799999999999999822, 8.650000000000002132, 2.326828918379970872E-16 ) ) ;
#2032 = CARTESIAN_POINT ( 'NONE',  ( 0.000000000000000000, 2.400000000000000355, -3.800000000000000266 ) ) ;
#2033 = CARTESIAN_POINT ( 'NONE',  ( 1.650000000000001243, 7.283333333333333215, -2.857883832488646636 ) ) ;
#2034 = FACE_OUTER_BOUND ( 'NONE', #663, .T. ) ;
#2035 = VERTEX_POINT ( 'NONE', #433 ) ;
#2036 = SURFACE_STYLE_FILL_AREA ( #574 ) ;
#2037 = CARTESIAN_POINT ( 'NONE',  ( 0.000000000000000000, 0.000000000000000000, 0.000000000000000000 ) ) ;
#2038 = CARTESIAN_POINT ( 'NONE',  ( -0.8842323350227033751, 5.408333333333333215, -3.300000000000000711 ) ) ;
#2039 = CARTESIAN_POINT ( 'NONE',  ( -4.422976227144300942, 2.400000000000000799, 2.331797867336781849 ) ) ;
#2040 = ORIENTED_EDGE ( 'NONE', *, *, #1384, .T. ) ;
#2041 = CARTESIAN_POINT ( 'NONE',  ( 0.000000000000000000, 0.000000000000000000, -1.449999999999999956 ) ) ;
#2042 = CARTESIAN_POINT ( 'NONE',  ( 4.657020788609830930, 2.400007235111831339, 2.733524716269436716 ) ) ;
#2043 = ORIENTED_EDGE ( 'NONE', *, *, #1722, .T. ) ;
#2044 = CARTESIAN_POINT ( 'NONE',  ( -1.649999999999999467, 3.116666666666666696, -2.857883832488647524 ) ) ;
#2045 = CARTESIAN_POINT ( 'NONE',  ( 4.653657836759942730E-16, 8.700000000000001066, 3.799999999999999822 ) ) ;
#2046 = EDGE_CURVE ( 'NONE', #685, #1101, #443, .T. ) ;
#2047 = CARTESIAN_POINT ( 'NONE',  ( -1.894022380360779856, 3.461315189598770825, -5.058886919325026099 ) ) ;
#2048 = B_SPLINE_CURVE_WITH_KNOTS ( 'NONE', 3,
 ( #2374, #708, #502, #1991 ),
 .UNSPECIFIED., .F., .F.,
 ( 4, 4 ),
 ( 0.000000000000000000, 0.001175362370632128612 ),
 .UNSPECIFIED. ) ;
#2049 = CARTESIAN_POINT ( 'NONE',  ( 3.091682691524709092, 8.699999999999999289, 1.975867809496913097 ) ) ;
#2050 = CARTESIAN_POINT ( 'NONE',  ( 4.883928956521957687, 10.10000000000000142, 2.410383762230535076 ) ) ;
#2051 = CARTESIAN_POINT ( 'NONE',  ( 1.412320148355253435, 7.310144927536232906, 5.225111107286264378 ) ) ;
#2052 = ORIENTED_EDGE ( 'NONE', *, *, #2071, .F. ) ;
#2053 = CARTESIAN_POINT ( 'NONE',  ( -2.925586354680291379, 8.699999999989861621, -2.425203716695236267 ) ) ;
#2054 = CARTESIAN_POINT ( 'NONE',  ( -3.539989543092275870, 4.520289855072464391, 4.077802598802120926 ) ) ;
#2055 = CARTESIAN_POINT ( 'NONE',  ( 0.000000000000000000, 0.000000000000000000, 0.000000000000000000 ) ) ;
#2056 = FACE_OUTER_BOUND ( 'NONE', #335, .T. ) ;
#2057 = CARTESIAN_POINT ( 'NONE',  ( -1.124961973314053232, 10.10000000000000142, -4.871802598484195279 ) ) ;
#2058 = FACE_OUTER_BOUND ( 'NONE', #85, .T. ) ;
#2059 = EDGE_CURVE ( 'NONE', #1181, #449, #475, .T. ) ;
#2060 = CARTESIAN_POINT ( 'NONE',  ( -3.800000000000000711, 6.750000000000000888, -6.980486755139914094E-16 ) ) ;
#2061 = AXIS2_PLACEMENT_3D ( 'NONE', #141, #2343, #1412 ) ;
#2062 = CARTESIAN_POINT ( 'NONE',  ( -3.290896534380869376, 6.566666666666666430, 1.899999999999997913 ) ) ;
#2063 = ORIENTED_EDGE ( 'NONE', *, *, #660, .F. ) ;
#2064 = CARTESIAN_POINT ( 'NONE',  ( 3.299999999999999378, 3.950000000000000178, 2.020667218593132508E-16 ) ) ;
#2065 = CARTESIAN_POINT ( 'NONE',  ( 0.000000000000000000, 2.400000000000000355, -3.800000000000000266 ) ) ;
#2066 = CIRCLE ( 'NONE', #411, 5.000000000000000000 ) ;
#2067 = APPLICATION_CONTEXT ( 'automotive_design' ) ;
#2068 = FILL_AREA_STYLE ('',( #776 ) ) ;
#2069 = CARTESIAN_POINT ( 'NONE',  ( -2.415767664977294782, 4.575000000000000178, 2.415767664977294338 ) ) ;
#2070 = CARTESIAN_POINT ( 'NONE',  ( 3.799999999999999378, 8.700000000000001066, -3.331818804160994550E-16 ) ) ;
#2071 = EDGE_CURVE ( 'NONE', #2300, #1408, #317, .T. ) ;
#2072 = EDGE_CURVE ( 'NONE', #2101, #1789, #192, .T. ) ;
#2073 = CARTESIAN_POINT ( 'NONE',  ( -3.818918882328550701, 7.310144927536232906, 3.835660680395353239 ) ) ;
#2074 = ORIENTED_EDGE ( 'NONE', *, *, #312, .T. ) ;
#2075 = CARTESIAN_POINT ( 'NONE',  ( -3.290896534380869376, 6.566666666666666430, 1.899999999999997913 ) ) ;
#2076 =( BOUNDED_CURVE ( )  B_SPLINE_CURVE ( 2, ( #1351, #2073, #253, #1873, #1339 ),
 .UNSPECIFIED., .F., .T. ) 
 B_SPLINE_CURVE_WITH_KNOTS ( ( 3, 2, 3 ),
 ( 0.000000000000000000, 0.02173913043478260809, 0.03000283320684075591 ),
 .UNSPECIFIED. ) 
 CURVE ( )  GEOMETRIC_REPRESENTATION_ITEM ( )  RATIONAL_B_SPLINE_CURVE ( ( 1.000000000000000000, 0.9976687691905391508, 1.000000000000000000, 0.9991138284688874105, 0.9989013782864868407 ) ) 
 REPRESENTATION_ITEM ( '' )  );
#2077 = CARTESIAN_POINT ( 'NONE',  ( 0.000000000000000000, 19.89999999999999858, -1.449999999999997513 ) ) ;
#2078 = CARTESIAN_POINT ( 'NONE',  ( 3.290896534380867600, 8.833333333333333925, 1.900000000000000799 ) ) ;
#2079 = CARTESIAN_POINT ( 'NONE',  ( 2.781793068761731824, 5.525000000000001243, 2.781793068761734933 ) ) ;
#2080 = ADVANCED_FACE ( 'NONE', ( #785 ), #1664, .F. ) ;
#2081 = CARTESIAN_POINT ( 'NONE',  ( -2.017974564015339478, 2.400008418379260711, -4.574688913903007581 ) ) ;
#2082 =( NAMED_UNIT ( * ) PLANE_ANGLE_UNIT ( ) SI_UNIT ( $, .RADIAN. ) );
#2083 = B_SPLINE_CURVE_WITH_KNOTS ( 'NONE', 1,
 ( #1573, #672 ),
 .UNSPECIFIED., .F., .F.,
 ( 2, 2 ),
 ( 0.000000000000000000, 1.000000000000000000 ),
 .UNSPECIFIED. ) ;
#2084 = CARTESIAN_POINT ( 'NONE',  ( 3.656623825853333010, 10.10000000000000142, -3.410146946423531666 ) ) ;
#2085 = DIRECTION ( 'NONE',  ( 0.000000000000000000, 0.000000000000000000, -1.000000000000000000 ) ) ;
#2086 = EDGE_LOOP ( 'NONE', ( #507, #1254 ) ) ;
#2087 = CARTESIAN_POINT ( 'NONE',  ( 2.857883832488647524, 4.366666666666667140, -1.649999999999999023 ) ) ;
#2088 = CARTESIAN_POINT ( 'NONE',  ( 4.430958745241787788, 3.461315189585152829, -3.170065151494655176 ) ) ;
#2089 = ORIENTED_EDGE ( 'NONE', *, *, #2011, .T. ) ;
#2090 = ADVANCED_FACE ( 'NONE', ( #1569 ), #191, .T. ) ;
#2091 = CARTESIAN_POINT ( 'NONE',  ( 2.415767664977295226, 7.075000000000000178, -2.415767664977294338 ) ) ;
#2092 = EDGE_LOOP ( 'NONE', ( #651, #1922 ) ) ;
#2093 = CARTESIAN_POINT ( 'NONE',  ( -3.800000000000000711, 6.750000000000000888, -6.980486755139914094E-16 ) ) ;
#2094 = CARTESIAN_POINT ( 'NONE',  ( -3.290896534380867600, 3.233333333333333837, -1.900000000000000799 ) ) ;
#2095 = EDGE_CURVE ( 'NONE', #1051, #307, #924, .T. ) ;
#2096 = ORIENTED_EDGE ( 'NONE', *, *, #1716, .F. ) ;
#2097 = CARTESIAN_POINT ( 'NONE',  ( 1.368469741167712472, 2.400000000000000355, 5.271362130771006349 ) ) ;
#2098 = CARTESIAN_POINT ( 'NONE',  ( -0.1789936958906658271, 3.461315189585152829, 5.398853479828590096 ) ) ;
#2099 = CARTESIAN_POINT ( 'NONE',  ( -3.173555153997378753, 8.700000000000004619, -1.495603562602610737 ) ) ;
#2100 = CARTESIAN_POINT ( 'NONE',  ( -1.091247263997687345, 4.520289855072463503, -5.335905859588960354 ) ) ;
#2101 = VERTEX_POINT ( 'NONE', #2114 ) ;
#2102 = CARTESIAN_POINT ( 'NONE',  ( 3.299999999999999378, 3.741666666666666696, 0.8842323350227053735 ) ) ;
#2103 = DIRECTION ( 'NONE',  ( 0.000000000000000000, 0.000000000000000000, -1.000000000000000000 ) ) ;
#2104 = ORIENTED_EDGE ( 'NONE', *, *, #566, .F. ) ;
#2105 = CARTESIAN_POINT ( 'NONE',  ( -3.139070231217448992, 8.700000000000002842, -1.017957800443822114 ) ) ;
#2106 = EDGE_LOOP ( 'NONE', ( #529, #1250 ) ) ;
#2107 = CIRCLE ( 'NONE', #1687, 5.000000000000000000 ) ;
#2108 = CARTESIAN_POINT ( 'NONE',  ( -1.018206931238269775, 7.791666666666666075, 3.800000000000000266 ) ) ;
#2109 = CARTESIAN_POINT ( 'NONE',  ( -2.781793068761733601, 4.275000000000000355, 2.781793068761733156 ) ) ;
#2110 = B_SPLINE_CURVE_WITH_KNOTS ( 'NONE', 3,
 ( #1829, #607, #2278, #222 ),
 .UNSPECIFIED., .F., .F.,
 ( 4, 4 ),
 ( 0.000000000000000000, 1.000000000000000000 ),
 .UNSPECIFIED. ) ;
#2111 = CARTESIAN_POINT ( 'NONE',  ( 0.000000000000000000, 0.000000000000000000, -3.799999999999999822 ) ) ;
#2112 = DIRECTION ( 'NONE',  ( 0.000000000000000000, 0.000000000000000000, -1.000000000000000000 ) ) ;
#2113 = ORIENTED_EDGE ( 'NONE', *, *, #633, .T. ) ;
#2114 = CARTESIAN_POINT ( 'NONE',  ( 0.000000000000000000, 3.000000000000000000, -3.800000000000000711 ) ) ;
#2115 = ORIENTED_EDGE ( 'NONE', *, *, #742, .T. ) ;
#2116 = CARTESIAN_POINT ( 'NONE',  ( -5.301475413726976171, 4.520289855072464391, -1.026819574048131400 ) ) ;
#2117 = LINE ( 'NONE', #427, #611 ) ;
#2118 = ORIENTED_EDGE ( 'NONE', *, *, #728, .T. ) ;
#2119 = CARTESIAN_POINT ( 'NONE',  ( 3.299999999999998046, 6.241666666666667140, 0.8842323350227073719 ) ) ;
#2120 = CARTESIAN_POINT ( 'NONE',  ( 4.161702853144188197, 3.461314598867144987, 2.774361663278956058 ) ) ;
#2121 =( BOUNDED_CURVE ( )  B_SPLINE_CURVE ( 2, ( #1217, #1975, #2316, #2120, #332 ),
 .UNSPECIFIED., .F., .T. ) 
 B_SPLINE_CURVE_WITH_KNOTS ( ( 3, 2, 3 ),
 ( 0.000000000000000000, 0.7245684613450449341, 1.000000000000000000 ),
 .UNSPECIFIED. ) 
 CURVE ( )  GEOMETRIC_REPRESENTATION_ITEM ( )  RATIONAL_B_SPLINE_CURVE ( ( 1.000000000000000000, 0.9976687691905391508, 1.000000000000000000, 0.9991138279749891549, 0.9989013780496733830 ) ) 
 REPRESENTATION_ITEM ( '' )  );
#2122 = CARTESIAN_POINT ( 'NONE',  ( 0.000000000000000000, 2.700000000000000178, -3.299999999999999378 ) ) ;
#2123 = ORIENTED_EDGE ( 'NONE', *, *, #1490, .T. ) ;
#2124 = EDGE_CURVE ( 'NONE', #1886, #2367, #2192, .T. ) ;
#2125 = MANIFOLD_SOLID_BREP ( 'Combine1', #66 ) ;
#2126 = CARTESIAN_POINT ( 'NONE',  ( 5.112278605011903565, 10.10000000000000142, 1.739139863477800585 ) ) ;
#2127 = ORIENTED_EDGE ( 'NONE', *, *, #1741, .F. ) ;
#2128 = CARTESIAN_POINT ( 'NONE',  ( 2.781793068761734045, 3.024999999999999911, 2.781793068761734045 ) ) ;
#2129 = CARTESIAN_POINT ( 'NONE',  ( -4.161702853145133219, 3.461314598853480362, -2.774361663277613577 ) ) ;
#2130 = EDGE_LOOP ( 'NONE', ( #560, #1938, #1961, #1118, #805, #1983 ) ) ;
#2131 = CARTESIAN_POINT ( 'NONE',  ( -3.299999999999999378, 3.741666666666666696, -0.8842323350227053735 ) ) ;
#2132 = CARTESIAN_POINT ( 'NONE',  ( -3.880898647213104624, 2.400000000000000355, 3.820810625544890815 ) ) ;
#2133 = DIRECTION ( 'NONE',  ( -0.000000000000000000, -1.000000000000000000, -0.000000000000000000 ) ) ;
#2134 = CARTESIAN_POINT ( 'NONE',  ( 3.818918882328524056, 7.310144927536232906, -3.835660680395379885 ) ) ;
#2135 = FACE_OUTER_BOUND ( 'NONE', #1977, .T. ) ;
#2136 = CARTESIAN_POINT ( 'NONE',  ( 0.000000000000000000, 10.10000000000000142, 0.000000000000000000 ) ) ;
#2137 = EDGE_CURVE ( 'NONE', #1064, #539, #1577, .T. ) ;
#2138 = CARTESIAN_POINT ( 'NONE',  ( -1.049999999999999600, 10.10000000000000142, -5.296933074902872463 ) ) ;
#2139 = EDGE_LOOP ( 'NONE', ( #1767, #303, #441, #552 ) ) ;
#2140 = CARTESIAN_POINT ( 'NONE',  ( 3.290896534380867156, 6.333333333333333037, 1.900000000000002132 ) ) ;
#2141 = ORIENTED_EDGE ( 'NONE', *, *, #2124, .F. ) ;
#2142 = DIRECTION ( 'NONE',  ( 0.000000000000000000, 1.000000000000000000, 0.000000000000000000 ) ) ;
#2143 =( BOUNDED_CURVE ( )  B_SPLINE_CURVE ( 2, ( #649, #2051, #78, #1151, #635 ),
 .UNSPECIFIED., .F., .T. ) 
 B_SPLINE_CURVE_WITH_KNOTS ( ( 3, 2, 3 ),
 ( 0.000000000000000000, 0.02173913043478260809, 0.03000283320694692446 ),
 .UNSPECIFIED. ) 
 CURVE ( )  GEOMETRIC_REPRESENTATION_ITEM ( )  RATIONAL_B_SPLINE_CURVE ( ( 1.000000000000000000, 0.9976687691905391508, 1.000000000000000000, 0.9991138284688759752, 0.9989013782864812896 ) ) 
 REPRESENTATION_ITEM ( '' )  );
#2144 = FACE_OUTER_BOUND ( 'NONE', #1241, .T. ) ;
#2145 = AXIS2_PLACEMENT_3D ( 'NONE', #2168, #454, #1792 ) ;
#2146 = ADVANCED_FACE ( 'NONE', ( #1602 ), #2005, .F. ) ;
#2147 = ORIENTED_EDGE ( 'NONE', *, *, #1309, .T. ) ;
#2148 = CIRCLE ( 'NONE', #2315, 5.400000000000033218 ) ;
#2149 = CARTESIAN_POINT ( 'NONE',  ( -4.695812240465122578, 2.400007235084461676, 2.666335950756757001 ) ) ;
#2150 = CIRCLE ( 'NONE', #686, 1.449999999999997513 ) ;
#2151 = ADVANCED_FACE ( 'NONE', ( #2164 ), #1008, .T. ) ;
#2152 = AXIS2_PLACEMENT_3D ( 'NONE', #1515, #1271, #2262 ) ;
#2153 = CARTESIAN_POINT ( 'NONE',  ( 3.800000000000000711, 6.150000000000001243, 6.980486755139914094E-16 ) ) ;
#2154 = CARTESIAN_POINT ( 'NONE',  ( -4.681605813539839289, 7.310144927536232906, 1.788725081035692277 ) ) ;
#2155 = CARTESIAN_POINT ( 'NONE',  ( -4.508895102646462760, 4.520289855072464391, -2.971508868122513025 ) ) ;
#2156 = ORIENTED_EDGE ( 'NONE', *, *, #910, .T. ) ;
#2157 = CARTESIAN_POINT ( 'NONE',  ( 0.000000000000000000, 0.000000000000000000, 0.000000000000000000 ) ) ;
#2158 = CARTESIAN_POINT ( 'NONE',  ( 4.781585799167372919, 10.10000000000000142, 1.461655652060676491 ) ) ;
#2159 = DIRECTION ( 'NONE',  ( -0.000000000000000000, -1.000000000000000000, -0.000000000000000000 ) ) ;
#2160 = CARTESIAN_POINT ( 'NONE',  ( 3.800000000000000711, 9.250000000000001776, 2.326828918379971858E-16 ) ) ;
#2161 = CARTESIAN_POINT ( 'NONE',  ( 4.422976227144284067, 2.400007235084461232, -2.331797867336812935 ) ) ;
#2162 = CARTESIAN_POINT ( 'NONE',  ( -2.925586354680291379, 8.699999999989861621, -2.425203716695236267 ) ) ;
#2163 = CARTESIAN_POINT ( 'NONE',  ( 3.799999999999999822, 6.541666666666666075, 1.018206931238269553 ) ) ;
#2164 = FACE_OUTER_BOUND ( 'NONE', #1542, .T. ) ;
#2165 = ORIENTED_EDGE ( 'NONE', *, *, #2305, .T. ) ;
#2166 = CARTESIAN_POINT ( 'NONE',  ( -0.03879145185342571661, 2.400007235084461676, 5.399860667023095750 ) ) ;
#2167 = EDGE_CURVE ( 'NONE', #1101, #1325, #1326, .T. ) ;
#2168 = CARTESIAN_POINT ( 'NONE',  ( 0.000000000000000000, 19.89999999999999858, 0.000000000000000000 ) ) ;
#2169 = CARTESIAN_POINT ( 'NONE',  ( -4.695812317651167689, 2.400008418379259378, 2.666335814820697259 ) ) ;
#2170 = EDGE_CURVE ( 'NONE', #1306, #1210, #2083, .T. ) ;
#2171 = DIRECTION ( 'NONE',  ( 0.000000000000000000, -0.9994687601077144601, -0.03259137261220795834 ) ) ;
#2172 = VERTEX_POINT ( 'NONE', #2138 ) ;
#2173 = CARTESIAN_POINT ( 'NONE',  ( -2.781793068761733601, 8.625000000000000000, -2.781793068761733601 ) ) ;
#2174 = CARTESIAN_POINT ( 'NONE',  ( -1.050000000000000044, 10.10000000000000142, 5.296933074902872463 ) ) ;
#2175 = EDGE_LOOP ( 'NONE', ( #1742, #1357, #732, #1131, #533, #553 ) ) ;
#2176 = CARTESIAN_POINT ( 'NONE',  ( 0.000000000000000000, 2.700000000000000178, 3.299999999999999378 ) ) ;
#2177 = DIRECTION ( 'NONE',  ( -0.000000000000000000, -1.000000000000000000, -0.000000000000000000 ) ) ;
#2178 = CARTESIAN_POINT ( 'NONE',  ( 0.5037293459215034241, 8.700000000000002842, -3.799999999999998934 ) ) ;
#2179 = ORIENTED_EDGE ( 'NONE', *, *, #965, .T. ) ;
#2180 = CARTESIAN_POINT ( 'NONE',  ( 0.000000000000000000, 10.10000000000000142, 0.000000000000000000 ) ) ;
#2181 = ADVANCED_FACE ( 'NONE', ( #1484 ), #944, .T. ) ;
#2182 = DIRECTION ( 'NONE',  ( 0.000000000000000000, 0.000000000000000000, -1.000000000000000000 ) ) ;
#2183 = CARTESIAN_POINT ( 'NONE',  ( -4.993318179340067609, 7.310144927536232018, 2.088829300064629635 ) ) ;
#2184 = CIRCLE ( 'NONE', #2061, 1.649999999999999911 ) ;
#2185 = CARTESIAN_POINT ( 'NONE',  ( -1.649999999999999467, 8.116666666666667140, -2.857883832488647524 ) ) ;
#2186 = CARTESIAN_POINT ( 'NONE',  ( -4.765041077750178822, 3.461314598853480362, 2.544413722080326679 ) ) ;
#2187 = CIRCLE ( 'NONE', #682, 5.400000000000033218 ) ;
#2188 = AXIS2_PLACEMENT_3D ( 'NONE', #2224, #313, #341 ) ;
#2189 = CARTESIAN_POINT ( 'NONE',  ( 3.880898647211663555, 2.400000000000000355, -3.820810625546620098 ) ) ;
#2190 =( BOUNDED_CURVE ( )  B_SPLINE_CURVE ( 2, ( #114, #1798, #1404, #126, #305 ),
 .UNSPECIFIED., .F., .T. ) 
 B_SPLINE_CURVE_WITH_KNOTS ( ( 3, 2, 3 ),
 ( 0.4999999999999900635, 0.5416666666666626329, 0.5698882922679375795 ),
 .UNSPECIFIED. ) 
 CURVE ( )  GEOMETRIC_REPRESENTATION_ITEM ( )  RATIONAL_B_SPLINE_CURVE ( ( 1.000000000000008216, 0.9659258262890602076, 1.000000000000000000, 0.9769209142445780536, 0.9851056357247949258 ) ) 
 REPRESENTATION_ITEM ( '' )  );
#2191 = CARTESIAN_POINT ( 'NONE',  ( -1.124961973314051678, 10.10000000000000142, 4.871802598484194391 ) ) ;
#2192 = CIRCLE ( 'NONE', #2277, 2.350000000000000089 ) ;
#2193 = CARTESIAN_POINT ( 'NONE',  ( 2.857883832488647080, 3.533333333333333659, 1.650000000000000133 ) ) ;
#2194 = ORIENTED_EDGE ( 'NONE', *, *, #293, .F. ) ;
#2195 = CYLINDRICAL_SURFACE ( 'NONE', #182, 3.799999999999999822 ) ;
#2196 = CARTESIAN_POINT ( 'NONE',  ( 0.000000000000000000, 10.10000000000000142, 0.000000000000000000 ) ) ;
#2197 = CARTESIAN_POINT ( 'NONE',  ( -4.719054190317685915, 7.310144927536232906, 2.744453654951549026 ) ) ;
#2198 = CARTESIAN_POINT ( 'NONE',  ( -2.415767664977294782, 8.325000000000001066, -2.415767664977294782 ) ) ;
#2199 = CARTESIAN_POINT ( 'NONE',  ( -1.049999999999999600, 10.10000000000000142, -5.296933074902872463 ) ) ;
#2200 = CARTESIAN_POINT ( 'NONE',  ( 1.777861051681509652, 4.520289855072464391, 4.673244063914691715 ) ) ;
#2201 = ADVANCED_FACE ( 'NONE', ( #1660 ), #2322, .F. ) ;
#2202 = CARTESIAN_POINT ( 'NONE',  ( -0.9889404214188652897, 8.700000000000002842, 3.703382523102065171 ) ) ;
#2203 = CARTESIAN_POINT ( 'NONE',  ( 5.249099166041937714, 2.400008418351982975, 1.452470267728779740 ) ) ;
#2204 = CARTESIAN_POINT ( 'NONE',  ( -5.112278605011888466, 10.10000000000000142, -1.739139863477835446 ) ) ;
#2205 = ORIENTED_EDGE ( 'NONE', *, *, #879, .T. ) ;
#2206 = ORIENTED_EDGE ( 'NONE', *, *, #986, .F. ) ;
#2207 = CARTESIAN_POINT ( 'NONE',  ( -2.543582612750838301, 8.700000000000001066, -2.837025498504968990 ) ) ;
#2208 = ORIENTED_EDGE ( 'NONE', *, *, #110, .F. ) ;
#2209 = CARTESIAN_POINT ( 'NONE',  ( -0.8842323350227045964, 7.908333333333333215, -3.299999999999999822 ) ) ;
#2210 = ORIENTED_EDGE ( 'NONE', *, *, #810, .T. ) ;
#2211 = CARTESIAN_POINT ( 'NONE',  ( -3.889884267333200807, 7.310144927536232906, -3.160027024512578553 ) ) ;
#2212 = APPLICATION_PROTOCOL_DEFINITION ( 'draft international standard', 'automotive_design', 1998, #2281 ) ;
#2213 = ADVANCED_FACE ( 'NONE', ( #363, #587 ), #551, .T. ) ;
#2214 = ORIENTED_EDGE ( 'NONE', *, *, #180, .F. ) ;
#2215 = CARTESIAN_POINT ( 'NONE',  ( 4.529418049222101672, 10.10000000000000142, 3.024414665511215627 ) ) ;
#2216 = CARTESIAN_POINT ( 'NONE',  ( -5.347617264507623425, 2.400008418351983863, -0.7503263239018000963 ) ) ;
#2217 = ORIENTED_EDGE ( 'NONE', *, *, #2247, .T. ) ;
#2218 = ADVANCED_FACE ( 'NONE', ( #393 ), #938, .T. ) ;
#2219 = CARTESIAN_POINT ( 'NONE',  ( 1.894022380362483160, 3.461315189585152829, 5.058886919324438125 ) ) ;
#2220 = CARTESIAN_POINT ( 'NONE',  ( 4.970784095858717500, 2.400000000000000799, 0.5397272203234149135 ) ) ;
#2221 = CARTESIAN_POINT ( 'NONE',  ( 3.299999999999998490, 6.241666666666667140, 0.8842323350227073719 ) ) ;
#2222 = FACE_OUTER_BOUND ( 'NONE', #372, .T. ) ;
#2223 = CARTESIAN_POINT ( 'NONE',  ( 3.392280250236273442, 8.700000000000002842, 0.7168754176809408740 ) ) ;
#2224 = CARTESIAN_POINT ( 'NONE',  ( 0.000000000000000000, 2.400000000000000799, 0.000000000000000000 ) ) ;
#2225 = ORIENTED_EDGE ( 'NONE', *, *, #2095, .F. ) ;
#2226 =( NAMED_UNIT ( * ) SI_UNIT ( $, .STERADIAN. ) SOLID_ANGLE_UNIT ( ) );
#2227 = CARTESIAN_POINT ( 'NONE',  ( -0.03879145185342571661, 2.400007235084461676, 5.399860667023095750 ) ) ;
#2228 = DIRECTION ( 'NONE',  ( 0.000000000000000000, 0.000000000000000000, -1.000000000000000000 ) ) ;
#2229 = AXIS2_PLACEMENT_3D ( 'NONE', #1482, #941, #2228 ) ;
#2230 = AXIS2_PLACEMENT_3D ( 'NONE', #1765, #165, #1959 ) ;
#2231 = CARTESIAN_POINT ( 'NONE',  ( -4.508895102646462760, 4.520289855072464391, -2.971508868122513469 ) ) ;
#2232 = CARTESIAN_POINT ( 'NONE',  ( 4.062278605011916177, 10.10000000000000142, -3.557793211425086977 ) ) ;
#2233 = VERTEX_POINT ( 'NONE', #368 ) ;
#2234 = FACE_OUTER_BOUND ( 'NONE', #1150, .T. ) ;
#2235 = ADVANCED_FACE ( 'NONE', ( #1076 ), #1907, .F. ) ;
#2236 = CARTESIAN_POINT ( 'NONE',  ( -0.02860871594673164084, 2.322925597101828554, 5.399933817634567923 ) ) ;
#2237 = CARTESIAN_POINT ( 'NONE',  ( -3.299999999999999378, 3.741666666666666696, -0.8842323350227053735 ) ) ;
#2238 = CARTESIAN_POINT ( 'NONE',  ( -2.024006974623380639, 2.400008418379260711, -5.006335562732077804 ) ) ;
#2239 = CARTESIAN_POINT ( 'NONE',  ( 2.877919977996279827E-16, 14.89999999999999680, 2.350000000000000089 ) ) ;
#2240 = CARTESIAN_POINT ( 'NONE',  ( 4.657020709482429410, 2.400008418351983863, 2.733524851076318374 ) ) ;
#2241 = CARTESIAN_POINT ( 'NONE',  ( -3.299999999999999378, 6.450000000000001066, -6.062001655779396539E-16 ) ) ;
#2242 = CARTESIAN_POINT ( 'NONE',  ( -2.781793068761731824, 5.524999999999999467, -2.781793068761735377 ) ) ;
#2243 = ORIENTED_EDGE ( 'NONE', *, *, #2273, .T. ) ;
#2244 = CARTESIAN_POINT ( 'NONE',  ( 3.800000000000000266, 3.441666666666666430, 1.018206931238267332 ) ) ;
#2245 = CARTESIAN_POINT ( 'NONE',  ( -0.2817750168572338287, 8.700000000000001066, -3.800000000000000266 ) ) ;
#2246 = CARTESIAN_POINT ( 'NONE',  ( -5.096395152074848944, 2.400000000000000355, -0.6099269215174233372 ) ) ;
#2247 = EDGE_CURVE ( 'NONE', #1777, #1338, #724, .T. ) ;
#2248 = CARTESIAN_POINT ( 'NONE',  ( 0.000000000000000000, 7.400000000000000355, -3.800000000000000711 ) ) ;
#2249 = CARTESIAN_POINT ( 'NONE',  ( -3.656623825853357879, 10.10000000000000142, 3.410146946423505465 ) ) ;
#2250 = DIRECTION ( 'NONE',  ( 0.000000000000000000, 0.000000000000000000, -1.000000000000000000 ) ) ;
#2251 = EDGE_CURVE ( 'NONE', #573, #2300, #1097, .T. ) ;
#2252 = CARTESIAN_POINT ( 'NONE',  ( 5.112278605011902677, 10.10000000000000142, 1.739139863477800807 ) ) ;
#2253 = CARTESIAN_POINT ( 'NONE',  ( -1.368469741167712472, 2.400000000000000355, -5.271362130771008125 ) ) ;
#2254 = CARTESIAN_POINT ( 'NONE',  ( -3.799999999999999822, 8.650000000000002132, -2.326828918379970872E-16 ) ) ;
#2255 = CARTESIAN_POINT ( 'NONE',  ( -2.781793068761734045, 4.875000000000000000, 2.781793068761733601 ) ) ;
#2256 = CARTESIAN_POINT ( 'NONE',  ( 2.105900000953512041, 8.700000000000002842, 3.176246721801252448 ) ) ;
#2257 = ORIENTED_EDGE ( 'NONE', *, *, #246, .T. ) ;
#2258 = EDGE_CURVE ( 'NONE', #1808, #153, #657, .T. ) ;
#2259 = CARTESIAN_POINT ( 'NONE',  ( 0.8842323350227045964, 2.908333333333333659, 3.299999999999999822 ) ) ;
#2260 = CARTESIAN_POINT ( 'NONE',  ( 4.970784095858717500, 2.400000000000000799, 0.5397272203234149135 ) ) ;
#2261 = EDGE_CURVE ( 'NONE', #14, #573, #1944, .T. ) ;
#2262 = DIRECTION ( 'NONE',  ( 0.7522738157429439410, 0.000000000000000000, 0.6588505947083536096 ) ) ;
#2263 = CARTESIAN_POINT ( 'NONE',  ( 1.018206931238264890, 5.108333333333333393, 3.800000000000001155 ) ) ;
#2264 = DIRECTION ( 'NONE',  ( 0.000000000000000000, 0.5144957554275253475, 0.8574929257125447624 ) ) ;
#2265 = B_SPLINE_CURVE_WITH_KNOTS ( 'NONE', 3,
 ( #1037, #1783, #1994, #864 ),
 .UNSPECIFIED., .F., .F.,
 ( 4, 4 ),
 ( 0.000000000000000000, 1.000000000000000000 ),
 .UNSPECIFIED. ) ;
#2266 = ORIENTED_EDGE ( 'NONE', *, *, #2002, .T. ) ;
#2267 = CARTESIAN_POINT ( 'NONE',  ( -2.781793068761734045, 3.624999999999999556, -2.781793068761734045 ) ) ;
#2268 = VECTOR ( 'NONE', #2366, 1000.000000000000000 ) ;
#2269 = CARTESIAN_POINT ( 'NONE',  ( 2.925586354552479840, 8.700000000000009948, 2.425203716849103408 ) ) ;
#2270 = EDGE_LOOP ( 'NONE', ( #1392, #2266, #511, #526 ) ) ;
#2271 = CARTESIAN_POINT ( 'NONE',  ( -3.800000000000000711, 6.150000000000001243, -6.980486755139914094E-16 ) ) ;
#2272 = B_SPLINE_CURVE_WITH_KNOTS ( 'NONE', 3,
 ( #1639, #3, #558, #1287 ),
 .UNSPECIFIED., .F., .F.,
 ( 4, 4 ),
 ( 0.000000000000000000, 1.000000000000000000 ),
 .UNSPECIFIED. ) ;
#2273 = EDGE_CURVE ( 'NONE', #1747, #352, #1385, .T. ) ;
#2274 = DIRECTION ( 'NONE',  ( 0.000000000000000000, -0.000000000000000000, 1.000000000000000000 ) ) ;
#2275 =( BOUNDED_CURVE ( )  B_SPLINE_CURVE ( 2, ( #1784, #1572, #2116, #101, #135 ),
 .UNSPECIFIED., .F., .T. ) 
 B_SPLINE_CURVE_WITH_KNOTS ( ( 3, 2, 3 ),
 ( 0.000000000000000000, 0.02173913043478260809, 0.03000283320694692446 ),
 .UNSPECIFIED. ) 
 CURVE ( )  GEOMETRIC_REPRESENTATION_ITEM ( )  RATIONAL_B_SPLINE_CURVE ( ( 1.000000000000000000, 0.9976687691905391508, 1.000000000000000000, 0.9991138284688759752, 0.9989013782864812896 ) ) 
 REPRESENTATION_ITEM ( '' )  );
#2276 = CARTESIAN_POINT ( 'NONE',  ( -4.781585799167362261, 10.10000000000000142, -1.461655652060710020 ) ) ;
#2277 = AXIS2_PLACEMENT_3D ( 'NONE', #1536, #1319, #2311 ) ;
#2278 = CARTESIAN_POINT ( 'NONE',  ( -3.799999999999999822, 8.683333333333335347, 6.980486755139912122E-16 ) ) ;
#2279 = ORIENTED_EDGE ( 'NONE', *, *, #943, .T. ) ;
#2280 = CARTESIAN_POINT ( 'NONE',  ( -1.124961973314053232, 10.10000000000000142, -4.871802598484193503 ) ) ;
#2281 = APPLICATION_CONTEXT ( 'automotive_design' ) ;
#2282 = EDGE_CURVE ( 'NONE', #817, #992, #847, .T. ) ;
#2283 = CARTESIAN_POINT ( 'NONE',  ( 0.1789936178157584823, 3.461314598853480362, -5.398853484448201456 ) ) ;
#2284 = CARTESIAN_POINT ( 'NONE',  ( 2.543582612440275614, 8.700000000000001066, 2.837025498780332722 ) ) ;
#2285 = ORIENTED_EDGE ( 'NONE', *, *, #1844, .T. ) ;
#2286 = CARTESIAN_POINT ( 'NONE',  ( -1.899999999999999245, 5.316666666666667318, -3.290896534380868488 ) ) ;
#2287 = LINE ( 'NONE', #630, #871 ) ;
#2288 = ORIENTED_EDGE ( 'NONE', *, *, #2071, .T. ) ;
#2289 = DIRECTION ( 'NONE',  ( -0.000000000000000000, -1.000000000000000000, -0.000000000000000000 ) ) ;
#2290 = CARTESIAN_POINT ( 'NONE',  ( 2.781793068761733601, 4.875000000000000000, -2.781793068761733156 ) ) ;
#2291 =( BOUNDED_CURVE ( )  B_SPLINE_CURVE ( 2, ( #398, #745, #1094, #1261, #370 ),
 .UNSPECIFIED., .F., .T. ) 
 B_SPLINE_CURVE_WITH_KNOTS ( ( 3, 2, 3 ),
 ( 0.000000000000000000, 0.02173913043478260809, 0.03000283781263311453 ),
 .UNSPECIFIED. ) 
 CURVE ( )  GEOMETRIC_REPRESENTATION_ITEM ( )  RATIONAL_B_SPLINE_CURVE ( ( 1.000000000000000000, 0.9976687691905391508, 1.000000000000000000, 0.9991138279749778306, 0.9989013780496678319 ) ) 
 REPRESENTATION_ITEM ( '' )  );
#2292 = VERTEX_POINT ( 'NONE', #2032 ) ;
#2293 = CARTESIAN_POINT ( 'NONE',  ( -0.6876798516447469867, 7.310144927536232018, 5.368755042519480547 ) ) ;
#2294 = EDGE_CURVE ( 'NONE', #1086, #1014, #1530, .T. ) ;
#2295 = B_SPLINE_CURVE_WITH_KNOTS ( 'NONE', 1,
 ( #1291, #1698 ),
 .UNSPECIFIED., .F., .F.,
 ( 2, 2 ),
 ( 0.000000000000000000, 1.000000000000000000 ),
 .UNSPECIFIED. ) ;
#2296 = CARTESIAN_POINT ( 'NONE',  ( 0.03879145185342571661, 2.400007235084461676, -5.399860667023095750 ) ) ;
#2297 = CARTESIAN_POINT ( 'NONE',  ( 0.6876798516447469867, 7.310144927536232018, -5.368755042519480547 ) ) ;
#2298 = ORIENTED_EDGE ( 'NONE', *, *, #2273, .F. ) ;
#2299 = CARTESIAN_POINT ( 'NONE',  ( 3.031000827889699256E-16, 10.10000000000000142, 2.475000000000000089 ) ) ;
#2300 = VERTEX_POINT ( 'NONE', #221 ) ;
#2301 = CARTESIAN_POINT ( 'NONE',  ( 2.415767664977293450, 5.825000000000000178, 2.415767664977296114 ) ) ;
#2302 = CARTESIAN_POINT ( 'NONE',  ( -2.781793068761734045, 7.375000000000000000, 2.781793068761732712 ) ) ;
#2303 = CARTESIAN_POINT ( 'NONE',  ( 5.347617264507632306, 2.400008418351983863, 0.7503263239017633479 ) ) ;
#2304 = B_SPLINE_CURVE_WITH_KNOTS ( 'NONE', 3,
 ( #399, #2223, #808, #1869 ),
 .UNSPECIFIED., .F., .F.,
 ( 4, 4 ),
 ( 0.000000000000000000, 0.001175362370632128612 ),
 .UNSPECIFIED. ) ;
#2305 = EDGE_CURVE ( 'NONE', #615, #2101, #927, .T. ) ;
#2306 = CARTESIAN_POINT ( 'NONE',  ( 0.5298775802252554401, 3.461315189585152829, 5.422355412247536144 ) ) ;
#2307 = CARTESIAN_POINT ( 'NONE',  ( -3.799999999999999822, 4.458333333333333037, 1.018206931238265778 ) ) ;
#2308 = ORIENTED_EDGE ( 'NONE', *, *, #1464, .T. ) ;
#2309 = CARTESIAN_POINT ( 'NONE',  ( 3.818918882328523612, 7.310144927536232018, -3.835660680395380329 ) ) ;
#2310 = VECTOR ( 'NONE', #2133, 1000.000000000000000 ) ;
#2311 = DIRECTION ( 'NONE',  ( 0.000000000000000000, 0.000000000000000000, -1.000000000000000000 ) ) ;
#2312 = VERTEX_POINT ( 'NONE', #396 ) ;
#2313 = CARTESIAN_POINT ( 'NONE',  ( -2.857883832488647080, 3.533333333333333659, -1.650000000000000133 ) ) ;
#2314 = ORIENTED_EDGE ( 'NONE', *, *, #125, .T. ) ;
#2315 = AXIS2_PLACEMENT_3D ( 'NONE', #1662, #21, #1651 ) ;
#2316 = CARTESIAN_POINT ( 'NONE',  ( 4.086914116834767796, 4.520289855072464391, 2.880474440368584688 ) ) ;
#2317 = EDGE_LOOP ( 'NONE', ( #774, #1940, #640, #1933 ) ) ;
#2318 = CARTESIAN_POINT ( 'NONE',  ( 2.017974564015339034, 2.400000000000000799, 4.574688913903010246 ) ) ;
#2319 = CARTESIAN_POINT ( 'NONE',  ( -4.538021098728348690, 4.520289855072464391, 2.099134228079837960 ) ) ;
#2320 = CARTESIAN_POINT ( 'NONE',  ( 2.857883832488648412, 6.866666666666667140, -1.649999999999997691 ) ) ;
#2321 = CARTESIAN_POINT ( 'NONE',  ( -4.062278605011941046, 10.10000000000000142, 3.557793211425058999 ) ) ;
#2322 =( BOUNDED_SURFACE ( )  B_SPLINE_SURFACE ( 3, 2, ( 
 ( #919, #1810, #2231, #36, #932 ),
 ( #193, #1647, #537, #17, #1266 ),
 ( #218, #2016, #2008, #351, #1850 ),
 ( #2204, #738, #8, #1473, #2216 ) ),
 .UNSPECIFIED., .F., .F., .T. ) 
 B_SPLINE_SURFACE_WITH_KNOTS ( ( 4, 4 ),
 ( 3, 2, 3 ),
 ( 0.000000000000000000, 1.000000000000000000 ),
 ( 0.000000000000000000, 0.02173913043478260809, 0.03000283320694692446 ),
 .UNSPECIFIED. ) 
 GEOMETRIC_REPRESENTATION_ITEM ( )  RATIONAL_B_SPLINE_SURFACE ( (
 ( 1.000000000000000000, 0.9976687691905391508, 1.000000000000000000, 0.9991138284688759752, 0.9989013782864812896),
 ( 0.9872756882596137595, 0.9849741207577112911, 0.9872756882596137595, 0.9864007926513072011, 0.9861910457512625960),
 ( 0.9872756882596137595, 0.9849741207577112911, 0.9872756882596137595, 0.9864007926513072011, 0.9861910457512625960),
 ( 1.000000000000000000, 0.9976687691905391508, 1.000000000000000000, 0.9991138284688759752, 0.9989013782864812896) ) ) 
 REPRESENTATION_ITEM ( '' )  SURFACE ( )  );
#2323 = ORIENTED_EDGE ( 'NONE', *, *, #641, .T. ) ;
#2324 = ORIENTED_EDGE ( 'NONE', *, *, #1580, .F. ) ;
#2325 = CARTESIAN_POINT ( 'NONE',  ( -3.800000000000000266, 9.041666666666666075, -1.018206931238267332 ) ) ;
#2326 = EDGE_CURVE ( 'NONE', #1408, #878, #1324, .T. ) ;
#2327 = CARTESIAN_POINT ( 'NONE',  ( 1.049999999999999600, 10.10000000000000142, 5.296933074902872463 ) ) ;
#2328 = CARTESIAN_POINT ( 'NONE',  ( 3.290896534380869376, 7.166666666666666963, -1.899999999999997913 ) ) ;
#2329 = CARTESIAN_POINT ( 'NONE',  ( -1.412320148355253435, 7.310144927536232906, -5.225111107286264378 ) ) ;
#2330 = CARTESIAN_POINT ( 'NONE',  ( -4.659598147732233464, 2.361466416093144449, -2.729133749931605735 ) ) ;
#2331 = EDGE_LOOP ( 'NONE', ( #1231, #2210, #2141, #460 ) ) ;
#2332 = CARTESIAN_POINT ( 'NONE',  ( -3.299999999999999378, 8.741666666666665364, -0.8842323350227053735 ) ) ;
#2333 = ORIENTED_EDGE ( 'NONE', *, *, #544, .F. ) ;
#2334 = CARTESIAN_POINT ( 'NONE',  ( 1.050000000000000044, 10.10000000000000142, -5.296933074902872463 ) ) ;
#2335 = DIRECTION ( 'NONE',  ( 0.000000000000000000, 0.000000000000000000, -1.000000000000000000 ) ) ;
#2336 = EDGE_CURVE ( 'NONE', #539, #1988, #467, .T. ) ;
#2337 = FACE_OUTER_BOUND ( 'NONE', #2001, .T. ) ;
#2338 = CARTESIAN_POINT ( 'NONE',  ( 4.693298231632349271, 2.361466416093144449, -2.670763492397270955 ) ) ;
#2339 = CARTESIAN_POINT ( 'NONE',  ( 0.000000000000000000, 2.400000000000000355, 3.800000000000000266 ) ) ;
#2340 =( NAMED_UNIT ( * ) PLANE_ANGLE_UNIT ( ) SI_UNIT ( $, .RADIAN. ) );
#2341 = CARTESIAN_POINT ( 'NONE',  ( 0.000000000000000000, 2.700000000000000178, -3.299999999999999378 ) ) ;
#2342 = CIRCLE ( 'NONE', #2145, 1.649999999999999911 ) ;
#2343 = DIRECTION ( 'NONE',  ( -0.000000000000000000, -1.000000000000000000, -0.000000000000000000 ) ) ;
#2344 = CARTESIAN_POINT ( 'NONE',  ( 1.229788827882094315, 3.461315189585152829, 5.307572694327596707 ) ) ;
#2345 = B_SPLINE_CURVE_WITH_KNOTS ( 'NONE', 3,
 ( #1816, #926, #896, #720 ),
 .UNSPECIFIED., .F., .F.,
 ( 4, 4 ),
 ( 0.000000000000000000, 1.000000000000000000 ),
 .UNSPECIFIED. ) ;
#2346 = CIRCLE ( 'NONE', #1953, 1.975000000000000089 ) ;
#2347 = CARTESIAN_POINT ( 'NONE',  ( -0.01723948953830024833, 7.310144927536232906, -5.459047638126298452 ) ) ;
#2348 = PRESENTATION_LAYER_ASSIGNMENT (  '', '', ( #690 ) ) ;
#2349 =( BOUNDED_CURVE ( )  B_SPLINE_CURVE ( 2, ( #1613, #1234, #1398, #1541, #2162 ),
 .UNSPECIFIED., .F., .T. ) 
 B_SPLINE_CURVE_WITH_KNOTS ( ( 3, 2, 3 ),
 ( 0.4999999999999900635, 0.5416666666666626329, 0.5698882922659299632 ),
 .UNSPECIFIED. ) 
 CURVE ( )  GEOMETRIC_REPRESENTATION_ITEM ( )  RATIONAL_B_SPLINE_CURVE ( ( 1.000000000000008216, 0.9659258262890602076, 1.000000000000000000, 0.9769209142462198514, 0.9851056357236305239 ) ) 
 REPRESENTATION_ITEM ( '' )  );
#2350 = B_SPLINE_CURVE_WITH_KNOTS ( 'NONE', 3,
 ( #2269, #1130, #2284, #2256, #812, #1684, #254, #1500, #68, #1885, #241, #967 ),
 .UNSPECIFIED., .F., .F.,
 ( 4, 2, 2, 2, 2, 4 ),
 ( 0.3602564862472062424, 0.3951923646854046956, 0.4301282431236031489, 0.4475961823427023756, 0.4650641215618015467, 0.5000000000000000000 ),
 .UNSPECIFIED. ) ;
#2351 = CARTESIAN_POINT ( 'NONE',  ( 0.000000000000000000, 0.000000000000000000, -1.449999999999998623 ) ) ;
#2352 = CARTESIAN_POINT ( 'NONE',  ( 1.018206931238154977, 5.708333333333307280, 3.800000000000064659 ) ) ;
#2353 = PRODUCT_DEFINITION ( 'UNKNOWN', '', #875, #1967 ) ;
#2354 = CARTESIAN_POINT ( 'NONE',  ( -4.781585799167391571, 10.10000000000000142, 1.461655652060612542 ) ) ;
#2355 = CARTESIAN_POINT ( 'NONE',  ( -4.233396591165710099, 2.361466416093144449, -2.660521664451175550 ) ) ;
#2356 = ORIENTED_EDGE ( 'NONE', *, *, #711, .T. ) ;
#2357 = CARTESIAN_POINT ( 'NONE',  ( 2.017974564015339034, 2.400000000000000799, 4.574688913903010246 ) ) ;
#2358 = EDGE_CURVE ( 'NONE', #153, #659, #1200, .T. ) ;
#2359 = DIRECTION ( 'NONE',  ( -0.000000000000000000, -1.000000000000000000, -0.000000000000000000 ) ) ;
#2360 = LINE ( 'NONE', #171, #1161 ) ;
#2361 = CARTESIAN_POINT ( 'NONE',  ( -4.827849718688064229, 4.520289855072464391, 2.419063267829835606 ) ) ;
#2362 = CARTESIAN_POINT ( 'NONE',  ( 2.464601683284048111E-16, 14.89999999999999680, 1.975000000000000089 ) ) ;
#2363 = ORIENTED_EDGE ( 'NONE', *, *, #986, .T. ) ;
#2364 = CARTESIAN_POINT ( 'NONE',  ( -1.360506053427762364E-16, 8.700000000000001066, 0.000000000000000000 ) ) ;
#2365 = CARTESIAN_POINT ( 'NONE',  ( 3.290896534380868044, 4.666666666666666963, -1.899999999999999467 ) ) ;
#2366 = DIRECTION ( 'NONE',  ( -0.000000000000000000, -1.000000000000000000, -0.000000000000000000 ) ) ;
#2367 = VERTEX_POINT ( 'NONE', #1878 ) ;
#2368 = DIRECTION ( 'NONE',  ( -0.000000000000000000, -1.000000000000000000, -0.000000000000000000 ) ) ;
#2369 = DIRECTION ( 'NONE',  ( 0.000000000000000000, -1.000000000000000000, 0.000000000000000000 ) ) ;
#2370 = CARTESIAN_POINT ( 'NONE',  ( 4.483519106256606435, 3.461314598853480362, -2.216959562187098776 ) ) ;
#2371 = ORIENTED_EDGE ( 'NONE', *, *, #2059, .F. ) ;
#2372 = CARTESIAN_POINT ( 'NONE',  ( -2.857883832488647080, 3.533333333333333659, -1.650000000000000133 ) ) ;
#2373 = CARTESIAN_POINT ( 'NONE',  ( 4.418579061488531856, 2.322925597101828110, -2.340138452699995320 ) ) ;
#2374 = CARTESIAN_POINT ( 'NONE',  ( -3.139070231217448992, 8.700000000000002842, -1.017957800443822114 ) ) ;
#2375 = EDGE_CURVE ( 'NONE', #1014, #14, #131, .T. ) ;
#2376 = ORIENTED_EDGE ( 'NONE', *, *, #1854, .T. ) ;
#2377 = DIRECTION ( 'NONE',  ( 0.000000000000000000, 1.000000000000000000, 0.000000000000000000 ) ) ;
#2378 = CARTESIAN_POINT ( 'NONE',  ( 5.015933440994190029, 2.400008418351982975, 2.122056466990094759 ) ) ;
#2379 =( BOUNDED_SURFACE ( )  B_SPLINE_SURFACE ( 1, 2, ( 
 ( #1102, #1463, #378, #718, #197 ),
 ( #895, #1270, #765, #1503, #1284 ) ),
 .UNSPECIFIED., .F., .F., .F. ) 
 B_SPLINE_SURFACE_WITH_KNOTS ( ( 2, 2 ),
 ( 3, 2, 3 ),
 ( 0.000000000000000000, 1.000000000000000000 ),
 ( 0.000000000000000000, 0.02173913043478260809, 0.03000283320684075244 ),
 .UNSPECIFIED. ) 
 GEOMETRIC_REPRESENTATION_ITEM ( )  RATIONAL_B_SPLINE_SURFACE ( (
 ( 1.000000000000000000, 0.9976687691905391508, 1.000000000000000000, 0.9991138284688874105, 0.9989013782864868407),
 ( 1.000000000000000000, 0.9976687691905391508, 1.000000000000000000, 0.9991138284688874105, 0.9989013782864868407) ) ) 
 REPRESENTATION_ITEM ( '' )  SURFACE ( )  );
#2380 = CARTESIAN_POINT ( 'NONE',  ( 2.415767664977294782, 8.325000000000001066, 2.415767664977294782 ) ) ;
#2381 = VERTEX_POINT ( 'NONE', #778 ) ;
#2382 = CARTESIAN_POINT ( 'NONE',  ( -2.857883832488646636, 6.033333333333333215, -1.650000000000001243 ) ) ;
#2383 = CARTESIAN_POINT ( 'NONE',  ( -1.095341058241515730, 8.700000000000001066, -3.641836454054456773 ) ) ;
#2384 = VERTEX_POINT ( 'NONE', #1136 ) ;
#2385 = CIRCLE ( 'NONE', #1321, 3.800000000000000266 ) ;
ENDSEC;
END-ISO-10303-21;
